dataset,num_samples,model,fraction,rep,query_strategy,propagation,roc_auc
33_skin,500,KNN,0.0,0,random,True,0.7115626816508427
33_skin,500,KNN,0.0,1,random,True,0.7485952334818833
33_skin,500,KNN,0.0,2,random,True,0.6975150164696765
33_skin,500,KNN,0.0,3,random,True,0.7792578957566364
33_skin,500,KNN,0.0,4,random,True,0.714735516372796
33_skin,500,KNN,0.0,0,random,False,0.7115626816508427
33_skin,500,KNN,0.0,1,random,False,0.7485952334818833
33_skin,500,KNN,0.0,2,random,False,0.6975150164696765
33_skin,500,KNN,0.0,3,random,False,0.7792578957566364
33_skin,500,KNN,0.0,4,random,False,0.714735516372796
33_skin,500,KNN,0.0,0,uncertainty,True,0.7115626816508427
33_skin,500,KNN,0.0,1,uncertainty,True,0.7485952334818833
33_skin,500,KNN,0.0,2,uncertainty,True,0.6975150164696765
33_skin,500,KNN,0.0,3,uncertainty,True,0.7792578957566364
33_skin,500,KNN,0.0,4,uncertainty,True,0.714735516372796
33_skin,500,KNN,0.0,0,uncertainty,False,0.7115626816508427
33_skin,500,KNN,0.0,1,uncertainty,False,0.7485952334818833
33_skin,500,KNN,0.0,2,uncertainty,False,0.6975150164696765
33_skin,500,KNN,0.0,3,uncertainty,False,0.7792578957566364
33_skin,500,KNN,0.0,4,uncertainty,False,0.714735516372796
33_skin,500,KNN,0.0,0,anomalous,True,0.7115626816508427
33_skin,500,KNN,0.0,1,anomalous,True,0.7485952334818833
33_skin,500,KNN,0.0,2,anomalous,True,0.6975150164696765
33_skin,500,KNN,0.0,3,anomalous,True,0.7792578957566364
33_skin,500,KNN,0.0,4,anomalous,True,0.714735516372796
33_skin,500,KNN,0.0,0,anomalous,False,0.7115626816508427
33_skin,500,KNN,0.0,1,anomalous,False,0.7485952334818833
33_skin,500,KNN,0.0,2,anomalous,False,0.6975150164696765
33_skin,500,KNN,0.0,3,anomalous,False,0.7792578957566364
33_skin,500,KNN,0.0,4,anomalous,False,0.714735516372796
33_skin,500,KNN,0.0,0,clusters,True,0.7115626816508427
33_skin,500,KNN,0.0,1,clusters,True,0.7485952334818833
33_skin,500,KNN,0.0,2,clusters,True,0.6975150164696765
33_skin,500,KNN,0.0,3,clusters,True,0.7792578957566364
33_skin,500,KNN,0.0,4,clusters,True,0.714735516372796
33_skin,500,KNN,0.0,0,clusters,False,0.7115626816508427
33_skin,500,KNN,0.0,1,clusters,False,0.7485952334818833
33_skin,500,KNN,0.0,2,clusters,False,0.6975150164696765
33_skin,500,KNN,0.0,3,clusters,False,0.7792578957566364
33_skin,500,KNN,0.0,4,clusters,False,0.714735516372796
33_skin,500,IForest,0.0,0,random,True,0.6512061615965898
33_skin,500,IForest,0.0,1,random,True,0.7043693082735903
33_skin,500,IForest,0.0,2,random,True,0.6287056771943422
33_skin,500,IForest,0.0,3,random,True,0.6401617903507072
33_skin,500,IForest,0.0,4,random,True,0.705992055803139
33_skin,500,IForest,0.0,0,random,False,0.7283956597558612
33_skin,500,IForest,0.0,1,random,False,0.6843392753342376
33_skin,500,IForest,0.0,2,random,False,0.6410337143964349
33_skin,500,IForest,0.0,3,random,False,0.6104679325712071
33_skin,500,IForest,0.0,4,random,False,0.7088258089517535
33_skin,500,IForest,0.0,0,uncertainty,True,0.7111993799651231
33_skin,500,IForest,0.0,1,uncertainty,True,0.6736824258864562
33_skin,500,IForest,0.0,2,uncertainty,True,0.6861557837628367
33_skin,500,IForest,0.0,3,uncertainty,True,0.6733917845378803
33_skin,500,IForest,0.0,4,uncertainty,True,0.6995010656849449
33_skin,500,IForest,0.0,0,uncertainty,False,0.6909755861267196
33_skin,500,IForest,0.0,1,uncertainty,False,0.6698556481302073
33_skin,500,IForest,0.0,2,uncertainty,False,0.6395078473164115
33_skin,500,IForest,0.0,3,uncertainty,False,0.6453933346250726
33_skin,500,IForest,0.0,4,uncertainty,False,0.6960618097267971
33_skin,500,IForest,0.0,0,anomalous,True,0.715341019182329
33_skin,500,IForest,0.0,1,anomalous,True,0.6809726797132339
33_skin,500,IForest,0.0,2,anomalous,True,0.6318542918039141
33_skin,500,IForest,0.0,3,anomalous,True,0.6619598914938966
33_skin,500,IForest,0.0,4,anomalous,True,0.7014871149002132
33_skin,500,IForest,0.0,0,anomalous,False,0.6987502422011238
33_skin,500,IForest,0.0,1,anomalous,False,0.7160676225537685
33_skin,500,IForest,0.0,2,anomalous,False,0.6522718465413679
33_skin,500,IForest,0.0,3,anomalous,False,0.6788655299360589
33_skin,500,IForest,0.0,4,anomalous,False,0.688747335787638
33_skin,500,IForest,0.0,0,clusters,True,0.7424191048246465
33_skin,500,IForest,0.0,1,clusters,True,0.668935283859717
33_skin,500,IForest,0.0,2,clusters,True,0.6640670412710715
33_skin,500,IForest,0.0,3,clusters,True,0.6552751404766517
33_skin,500,IForest,0.0,4,clusters,True,0.6951898856810695
33_skin,500,IForest,0.0,0,clusters,False,0.700494090292579
33_skin,500,IForest,0.0,1,clusters,False,0.703957566363108
33_skin,500,IForest,0.0,2,clusters,False,0.6383210618097268
33_skin,500,IForest,0.0,3,clusters,False,0.6439401278821933
33_skin,500,IForest,0.0,4,clusters,False,0.681505522185623
33_skin,136,KNN,0.004,0,random,True,0.92283472195311
33_skin,500,KNN,0.004,1,random,True,0.7485952334818833
33_skin,500,KNN,0.004,2,random,True,0.6975150164696765
33_skin,356,KNN,0.004,3,random,True,0.93639798488665
33_skin,500,KNN,0.004,4,random,True,0.714735516372796
33_skin,499,KNN,0.004,0,random,False,0.7131127688432475
33_skin,500,KNN,0.004,1,random,False,0.7485952334818833
33_skin,500,KNN,0.004,2,random,False,0.6975150164696765
33_skin,499,KNN,0.004,3,random,False,0.7821885293547762
33_skin,500,KNN,0.004,4,random,False,0.714735516372796
33_skin,500,KNN,0.004,0,uncertainty,True,0.7115626816508427
33_skin,500,KNN,0.004,1,uncertainty,True,0.7485952334818833
33_skin,500,KNN,0.004,2,uncertainty,True,0.6975150164696765
33_skin,500,KNN,0.004,3,uncertainty,True,0.7792578957566364
33_skin,500,KNN,0.004,4,uncertainty,True,0.714735516372796
33_skin,500,KNN,0.004,0,uncertainty,False,0.7115626816508427
33_skin,500,KNN,0.004,1,uncertainty,False,0.7485952334818833
33_skin,500,KNN,0.004,2,uncertainty,False,0.6975150164696765
33_skin,500,KNN,0.004,3,uncertainty,False,0.7792578957566364
33_skin,500,KNN,0.004,4,uncertainty,False,0.714735516372796
33_skin,500,KNN,0.004,0,anomalous,True,0.7115626816508427
33_skin,500,KNN,0.004,1,anomalous,True,0.7485952334818833
33_skin,500,KNN,0.004,2,anomalous,True,0.6975150164696765
33_skin,500,KNN,0.004,3,anomalous,True,0.7792578957566364
33_skin,500,KNN,0.004,4,anomalous,True,0.714735516372796
33_skin,500,KNN,0.004,0,anomalous,False,0.7115626816508427
33_skin,500,KNN,0.004,1,anomalous,False,0.7485952334818833
33_skin,500,KNN,0.004,2,anomalous,False,0.6975150164696765
33_skin,500,KNN,0.004,3,anomalous,False,0.7792578957566364
33_skin,500,KNN,0.004,4,anomalous,False,0.714735516372796
33_skin,500,KNN,0.004,0,clusters,True,0.7115626816508427
33_skin,500,KNN,0.004,1,clusters,True,0.7485952334818833
33_skin,500,KNN,0.004,2,clusters,True,0.6975150164696765
33_skin,500,KNN,0.004,3,clusters,True,0.7792578957566364
33_skin,500,KNN,0.004,4,clusters,True,0.714735516372796
33_skin,500,KNN,0.004,0,clusters,False,0.7115626816508427
33_skin,500,KNN,0.004,1,clusters,False,0.7485952334818833
33_skin,500,KNN,0.004,2,clusters,False,0.6975150164696765
33_skin,500,KNN,0.004,3,clusters,False,0.7792578957566364
33_skin,500,KNN,0.004,4,clusters,False,0.714735516372796
33_skin,136,IForest,0.004,0,random,True,0.9065466963766712
33_skin,500,IForest,0.004,1,random,True,0.714590195698508
33_skin,500,IForest,0.004,2,random,True,0.6448604921526836
33_skin,356,IForest,0.004,3,random,True,0.9146725440806046
33_skin,500,IForest,0.004,4,random,True,0.6963282309629917
33_skin,499,IForest,0.004,0,random,False,0.6640670412710714
33_skin,500,IForest,0.004,1,random,False,0.6846783569075761
33_skin,500,IForest,0.004,2,random,False,0.6741183879093198
33_skin,499,IForest,0.004,3,random,False,0.6413243557450108
33_skin,500,IForest,0.004,4,random,False,0.7247384227862818
33_skin,500,IForest,0.004,0,uncertainty,True,0.7100368145708196
33_skin,500,IForest,0.004,1,uncertainty,True,0.702383259058322
33_skin,500,IForest,0.004,2,uncertainty,True,0.6178308467351289
33_skin,500,IForest,0.004,3,uncertainty,True,0.6495349738422787
33_skin,500,IForest,0.004,4,uncertainty,True,0.7169879868242588
33_skin,500,IForest,0.004,0,uncertainty,False,0.693106956016276
33_skin,500,IForest,0.004,1,uncertainty,False,0.6555657818252276
33_skin,499,IForest,0.004,2,uncertainty,False,0.6650842859910869
33_skin,500,IForest,0.004,3,uncertainty,False,0.6285603565200543
33_skin,500,IForest,0.004,4,uncertainty,False,0.716019182329006
33_skin,500,IForest,0.004,0,anomalous,True,0.6807304785894207
33_skin,500,IForest,0.004,1,anomalous,True,0.6963766711877543
33_skin,500,IForest,0.004,2,anomalous,True,0.6474520441774849
33_skin,500,IForest,0.004,3,anomalous,True,0.6766614997093586
33_skin,500,IForest,0.004,4,anomalous,True,0.682038364658012
33_skin,500,IForest,0.004,0,anomalous,False,0.6973939159077698
33_skin,500,IForest,0.004,1,anomalous,False,0.6593441193567138
33_skin,500,IForest,0.004,2,anomalous,False,0.6076583995349739
33_skin,500,IForest,0.004,3,anomalous,False,0.6625411741910482
33_skin,500,IForest,0.004,4,anomalous,False,0.6980478589420654
33_skin,500,IForest,0.004,0,clusters,True,0.6992346444487503
33_skin,500,IForest,0.004,1,clusters,True,0.6633646580120132
33_skin,500,IForest,0.004,2,clusters,True,0.6437705870955241
33_skin,500,IForest,0.004,3,clusters,True,0.6818203836465802
33_skin,500,IForest,0.004,4,clusters,True,0.7013660143383066
33_skin,500,IForest,0.004,0,clusters,False,0.7055076535555126
33_skin,500,IForest,0.004,1,clusters,False,0.7176419298585545
33_skin,500,IForest,0.004,2,clusters,False,0.6349060259639605
33_skin,500,IForest,0.004,3,clusters,False,0.6881176128657238
33_skin,500,IForest,0.004,4,clusters,False,0.74028773493509
33_skin,265,KNN,0.006,0,random,True,0.9325227669056384
33_skin,500,KNN,0.006,1,random,True,0.7485952334818833
33_skin,500,KNN,0.006,2,random,True,0.6975150164696765
33_skin,376,KNN,0.006,3,random,True,0.9334915714008912
33_skin,500,KNN,0.006,4,random,True,0.714735516372796
33_skin,499,KNN,0.006,0,random,False,0.7131127688432475
33_skin,500,KNN,0.006,1,random,False,0.7485952334818833
33_skin,500,KNN,0.006,2,random,False,0.6975150164696765
33_skin,499,KNN,0.006,3,random,False,0.7821885293547762
33_skin,500,KNN,0.006,4,random,False,0.714735516372796
33_skin,500,KNN,0.006,0,uncertainty,True,0.7115626816508427
33_skin,500,KNN,0.006,1,uncertainty,True,0.7485952334818833
33_skin,500,KNN,0.006,2,uncertainty,True,0.6975150164696765
33_skin,500,KNN,0.006,3,uncertainty,True,0.7792578957566364
33_skin,500,KNN,0.006,4,uncertainty,True,0.714735516372796
33_skin,500,KNN,0.006,0,uncertainty,False,0.7115626816508427
33_skin,500,KNN,0.006,1,uncertainty,False,0.7485952334818833
33_skin,500,KNN,0.006,2,uncertainty,False,0.6975150164696765
33_skin,500,KNN,0.006,3,uncertainty,False,0.7792578957566364
33_skin,500,KNN,0.006,4,uncertainty,False,0.714735516372796
33_skin,500,KNN,0.006,0,anomalous,True,0.7115626816508427
33_skin,500,KNN,0.006,1,anomalous,True,0.7485952334818833
33_skin,500,KNN,0.006,2,anomalous,True,0.6975150164696765
33_skin,500,KNN,0.006,3,anomalous,True,0.7792578957566364
33_skin,500,KNN,0.006,4,anomalous,True,0.714735516372796
33_skin,500,KNN,0.006,0,anomalous,False,0.7115626816508427
33_skin,500,KNN,0.006,1,anomalous,False,0.7485952334818833
33_skin,500,KNN,0.006,2,anomalous,False,0.6975150164696765
33_skin,500,KNN,0.006,3,anomalous,False,0.7792578957566364
33_skin,500,KNN,0.006,4,anomalous,False,0.714735516372796
33_skin,416,KNN,0.006,0,clusters,True,0.8054882774656075
33_skin,500,KNN,0.006,1,clusters,True,0.7485952334818833
33_skin,368,KNN,0.006,2,clusters,True,0.9231495834140668
33_skin,371,KNN,0.006,3,clusters,True,0.9357682619647354
33_skin,395,KNN,0.006,4,clusters,True,0.8384034101918232
33_skin,499,KNN,0.006,0,clusters,False,0.7123377252470451
33_skin,500,KNN,0.006,1,clusters,False,0.7485952334818833
33_skin,499,KNN,0.006,2,clusters,False,0.699452625460182
33_skin,499,KNN,0.006,3,clusters,False,0.7809533036233288
33_skin,499,KNN,0.006,4,clusters,False,0.7154863398566169
33_skin,265,IForest,0.006,0,random,True,0.9215268358845186
33_skin,500,IForest,0.006,1,random,True,0.7069850804107731
33_skin,500,IForest,0.006,2,random,True,0.6424142608021701
33_skin,376,IForest,0.006,3,random,True,0.9089565975586128
33_skin,500,IForest,0.006,4,random,True,0.7136940515403991
33_skin,499,IForest,0.006,0,random,False,0.7049990311955048
33_skin,500,IForest,0.006,1,random,False,0.6986049215268357
33_skin,500,IForest,0.006,2,random,False,0.6572611896919202
33_skin,499,IForest,0.006,3,random,False,0.6688868436349545
33_skin,500,IForest,0.006,4,random,False,0.6840486339856616
33_skin,500,IForest,0.006,0,uncertainty,True,0.6618387909319899
33_skin,500,IForest,0.006,1,uncertainty,True,0.6915810889362526
33_skin,423,IForest,0.006,2,uncertainty,True,0.729727765936834
33_skin,500,IForest,0.006,3,uncertainty,True,0.6859135826390235
33_skin,500,IForest,0.006,4,uncertainty,True,0.7320286766130596
33_skin,500,IForest,0.006,0,uncertainty,False,0.6919201705095911
33_skin,499,IForest,0.006,1,uncertainty,False,0.7116837822127494
33_skin,499,IForest,0.006,2,uncertainty,False,0.6440854485564813
33_skin,500,IForest,0.006,3,uncertainty,False,0.6843634954466189
33_skin,500,IForest,0.006,4,uncertainty,False,0.7020926177097462
33_skin,500,IForest,0.006,0,anomalous,True,0.7199186204223988
33_skin,500,IForest,0.006,1,anomalous,True,0.6972970354582445
33_skin,500,IForest,0.006,2,anomalous,True,0.6439401278821935
33_skin,500,IForest,0.006,3,anomalous,True,0.6506248788994381
33_skin,500,IForest,0.006,4,anomalous,True,0.6676031776787444
33_skin,500,IForest,0.006,0,anomalous,False,0.6825712071304011
33_skin,500,IForest,0.006,1,anomalous,False,0.698459600852548
33_skin,500,IForest,0.006,2,anomalous,False,0.6381273009106763
33_skin,500,IForest,0.006,3,anomalous,False,0.6880933927533422
33_skin,500,IForest,0.006,4,anomalous,False,0.6860346832009301
33_skin,416,IForest,0.006,0,clusters,True,0.8122214687076148
33_skin,500,IForest,0.006,1,clusters,True,0.70931021119938
33_skin,368,IForest,0.006,2,clusters,True,0.9018116644061228
33_skin,371,IForest,0.006,3,clusters,True,0.9177000581282696
33_skin,395,IForest,0.006,4,clusters,True,0.8819511722534392
33_skin,499,IForest,0.006,0,clusters,False,0.6861800038752179
33_skin,500,IForest,0.006,1,clusters,False,0.699743266808758
33_skin,499,IForest,0.006,2,clusters,False,0.6746027901569464
33_skin,499,IForest,0.006,3,clusters,False,0.6795194729703545
33_skin,499,IForest,0.006,4,clusters,False,0.7130401085061034
33_skin,154,KNN,0.008,0,random,True,0.9231738035264484
33_skin,500,KNN,0.008,1,random,True,0.7485952334818833
33_skin,500,KNN,0.008,2,random,True,0.6975150164696765
33_skin,365,KNN,0.008,3,random,True,0.9366159658980816
33_skin,500,KNN,0.008,4,random,True,0.714735516372796
33_skin,498,KNN,0.008,0,random,False,0.7133549699670607
33_skin,500,KNN,0.008,1,random,False,0.7485952334818833
33_skin,500,KNN,0.008,2,random,False,0.6975150164696765
33_skin,498,KNN,0.008,3,random,False,0.7827940321643092
33_skin,500,KNN,0.008,4,random,False,0.714735516372796
33_skin,500,KNN,0.008,0,uncertainty,True,0.7115626816508427
33_skin,500,KNN,0.008,1,uncertainty,True,0.7485952334818833
33_skin,500,KNN,0.008,2,uncertainty,True,0.6975150164696765
33_skin,500,KNN,0.008,3,uncertainty,True,0.7792578957566364
33_skin,500,KNN,0.008,4,uncertainty,True,0.714735516372796
33_skin,500,KNN,0.008,0,uncertainty,False,0.7115626816508427
33_skin,500,KNN,0.008,1,uncertainty,False,0.7485952334818833
33_skin,500,KNN,0.008,2,uncertainty,False,0.6975150164696765
33_skin,500,KNN,0.008,3,uncertainty,False,0.7792578957566364
33_skin,500,KNN,0.008,4,uncertainty,False,0.714735516372796
33_skin,500,KNN,0.008,0,anomalous,True,0.7115626816508427
33_skin,500,KNN,0.008,1,anomalous,True,0.7485952334818833
33_skin,500,KNN,0.008,2,anomalous,True,0.6975150164696765
33_skin,500,KNN,0.008,3,anomalous,True,0.7792578957566364
33_skin,500,KNN,0.008,4,anomalous,True,0.714735516372796
33_skin,500,KNN,0.008,0,anomalous,False,0.7115626816508427
33_skin,500,KNN,0.008,1,anomalous,False,0.7485952334818833
33_skin,500,KNN,0.008,2,anomalous,False,0.6975150164696765
33_skin,500,KNN,0.008,3,anomalous,False,0.7792578957566364
33_skin,500,KNN,0.008,4,anomalous,False,0.714735516372796
33_skin,367,KNN,0.008,0,clusters,True,0.9305124975779888
33_skin,386,KNN,0.008,1,clusters,True,0.9274365433055608
33_skin,359,KNN,0.008,2,clusters,True,0.9034344119356714
33_skin,363,KNN,0.008,3,clusters,True,0.9346783569075762
33_skin,386,KNN,0.008,4,clusters,True,0.8616789381902731
33_skin,498,KNN,0.008,0,clusters,False,0.7129674481689595
33_skin,499,KNN,0.008,1,clusters,False,0.7503390815733385
33_skin,498,KNN,0.008,2,clusters,False,0.7017535361364077
33_skin,498,KNN,0.008,3,clusters,False,0.7826002712652587
33_skin,499,KNN,0.008,4,clusters,False,0.7155832203061422
33_skin,154,IForest,0.008,0,random,True,0.910869986436737
33_skin,500,IForest,0.008,1,random,True,0.7104243363689208
33_skin,500,IForest,0.008,2,random,True,0.6447636117031584
33_skin,365,IForest,0.008,3,random,True,0.9215026157721372
33_skin,500,IForest,0.008,4,random,True,0.7148081767099399
33_skin,498,IForest,0.008,0,random,False,0.6942937415229606
33_skin,500,IForest,0.008,1,random,False,0.6812391009494284
33_skin,500,IForest,0.008,2,random,False,0.6842423948847123
33_skin,498,IForest,0.008,3,random,False,0.6769279209455532
33_skin,500,IForest,0.008,4,random,False,0.7241813602015112
33_skin,500,IForest,0.008,0,uncertainty,True,0.7043208680488278
33_skin,317,IForest,0.008,1,uncertainty,True,0.8831137376477426
33_skin,365,IForest,0.008,2,uncertainty,True,0.7762061615965897
33_skin,500,IForest,0.008,3,uncertainty,True,0.6375460182135246
33_skin,500,IForest,0.008,4,uncertainty,True,0.7049748110831235
33_skin,500,IForest,0.008,0,uncertainty,False,0.6922592520829297
33_skin,500,IForest,0.008,1,uncertainty,False,0.6812633210618098
33_skin,499,IForest,0.008,2,uncertainty,False,0.6395078473164116
33_skin,500,IForest,0.008,3,uncertainty,False,0.6403555512497577
33_skin,498,IForest,0.008,4,uncertainty,False,0.7045872892850223
33_skin,500,IForest,0.008,0,anomalous,True,0.7538267777562488
33_skin,500,IForest,0.008,1,anomalous,True,0.7045388490602598
33_skin,500,IForest,0.008,2,anomalous,True,0.6286572369695796
33_skin,500,IForest,0.008,3,anomalous,True,0.6678211586901763
33_skin,500,IForest,0.008,4,anomalous,True,0.7059436155783763
33_skin,500,IForest,0.008,0,anomalous,False,0.7180294516566557
33_skin,500,IForest,0.008,1,anomalous,False,0.7109571788413098
33_skin,500,IForest,0.008,2,anomalous,False,0.6916537492733966
33_skin,500,IForest,0.008,3,anomalous,False,0.6356568494477816
33_skin,500,IForest,0.008,4,anomalous,False,0.7046115093974036
33_skin,367,IForest,0.008,0,clusters,True,0.92503875217981
33_skin,386,IForest,0.008,1,clusters,True,0.8925111412516955
33_skin,359,IForest,0.008,2,clusters,True,0.8935041658593296
33_skin,363,IForest,0.008,3,clusters,True,0.9126622747529548
33_skin,386,IForest,0.008,4,clusters,True,0.8874006975392366
33_skin,498,IForest,0.008,0,clusters,False,0.6936155783762837
33_skin,499,IForest,0.008,1,clusters,False,0.6626138345281922
33_skin,498,IForest,0.008,2,clusters,False,0.6505037783375314
33_skin,498,IForest,0.008,3,clusters,False,0.656195504747142
33_skin,499,IForest,0.008,4,clusters,False,0.7376961829102887
33_skin,369,KNN,0.013,0,random,True,0.9317719434218176
33_skin,500,KNN,0.013,1,random,True,0.7485952334818833
33_skin,500,KNN,0.013,2,random,True,0.6975150164696765
33_skin,368,KNN,0.013,3,random,True,0.937463669831428
33_skin,379,KNN,0.013,4,random,True,0.9001646967641931
33_skin,498,KNN,0.013,0,random,False,0.7133549699670607
33_skin,500,KNN,0.013,1,random,False,0.7485952334818833
33_skin,500,KNN,0.013,2,random,False,0.6975150164696765
33_skin,498,KNN,0.013,3,random,False,0.7827940321643092
33_skin,499,KNN,0.013,4,random,False,0.7147839565975587
33_skin,500,KNN,0.013,0,uncertainty,True,0.7115626816508427
33_skin,500,KNN,0.013,1,uncertainty,True,0.7485952334818833
33_skin,500,KNN,0.013,2,uncertainty,True,0.6975150164696765
33_skin,500,KNN,0.013,3,uncertainty,True,0.7792578957566364
33_skin,500,KNN,0.013,4,uncertainty,True,0.714735516372796
33_skin,500,KNN,0.013,0,uncertainty,False,0.7115626816508427
33_skin,500,KNN,0.013,1,uncertainty,False,0.7485952334818833
33_skin,500,KNN,0.013,2,uncertainty,False,0.6975150164696765
33_skin,500,KNN,0.013,3,uncertainty,False,0.7792578957566364
33_skin,500,KNN,0.013,4,uncertainty,False,0.714735516372796
33_skin,500,KNN,0.013,0,anomalous,True,0.7115626816508427
33_skin,500,KNN,0.013,1,anomalous,True,0.7485952334818833
33_skin,500,KNN,0.013,2,anomalous,True,0.6975150164696765
33_skin,500,KNN,0.013,3,anomalous,True,0.7792578957566364
33_skin,500,KNN,0.013,4,anomalous,True,0.714735516372796
33_skin,500,KNN,0.013,0,anomalous,False,0.7115626816508427
33_skin,500,KNN,0.013,1,anomalous,False,0.7485952334818833
33_skin,500,KNN,0.013,2,anomalous,False,0.6975150164696765
33_skin,500,KNN,0.013,3,anomalous,False,0.7792578957566364
33_skin,500,KNN,0.013,4,anomalous,False,0.714735516372796
33_skin,370,KNN,0.013,0,clusters,True,0.931432861848479
33_skin,366,KNN,0.013,1,clusters,True,0.9142123619453596
33_skin,363,KNN,0.013,2,clusters,True,0.9044516566556868
33_skin,374,KNN,0.013,3,clusters,True,0.9369066072466576
33_skin,371,KNN,0.013,4,clusters,True,0.91568978880062
33_skin,498,KNN,0.013,0,clusters,False,0.7131854291803914
33_skin,498,KNN,0.013,1,clusters,False,0.7512110056190661
33_skin,498,KNN,0.013,2,clusters,False,0.7017535361364077
33_skin,498,KNN,0.013,3,clusters,False,0.7826002712652587
33_skin,498,KNN,0.013,4,clusters,False,0.7156801007556675
33_skin,369,IForest,0.013,0,random,True,0.9137763999224956
33_skin,500,IForest,0.013,1,random,True,0.7074937027707808
33_skin,500,IForest,0.013,2,random,True,0.7013175741135439
33_skin,368,IForest,0.013,3,random,True,0.9161984111606278
33_skin,379,IForest,0.013,4,random,True,0.8950300329393528
33_skin,498,IForest,0.013,0,random,False,0.7151472582832785
33_skin,500,IForest,0.013,1,random,False,0.6669734547568301
33_skin,500,IForest,0.013,2,random,False,0.6594652199186205
33_skin,498,IForest,0.013,3,random,False,0.6832493702770781
33_skin,499,IForest,0.013,4,random,False,0.700203448944003
33_skin,500,IForest,0.013,0,uncertainty,True,0.6981205192792095
33_skin,500,IForest,0.013,1,uncertainty,True,0.6868339469095137
33_skin,390,IForest,0.013,2,uncertainty,True,0.7654039914745204
33_skin,500,IForest,0.013,3,uncertainty,True,0.6624200736291417
33_skin,500,IForest,0.013,4,uncertainty,True,0.7275963960472777
33_skin,500,IForest,0.013,0,uncertainty,False,0.6749418717302847
33_skin,499,IForest,0.013,1,uncertainty,False,0.6842666149970935
33_skin,498,IForest,0.013,2,uncertainty,False,0.6223357876380546
33_skin,500,IForest,0.013,3,uncertainty,False,0.6629771362139121
33_skin,500,IForest,0.013,4,uncertainty,False,0.6942695214105793
33_skin,500,IForest,0.013,0,anomalous,True,0.6925014532067428
33_skin,500,IForest,0.013,1,anomalous,True,0.688529354776206
33_skin,500,IForest,0.013,2,anomalous,True,0.6734644448750242
33_skin,500,IForest,0.013,3,anomalous,True,0.6907333850029065
33_skin,500,IForest,0.013,4,anomalous,True,0.699065103662081
33_skin,500,IForest,0.013,0,anomalous,False,0.7436058903313311
33_skin,500,IForest,0.013,1,anomalous,False,0.6714299554349933
33_skin,500,IForest,0.013,2,anomalous,False,0.6779451656655686
33_skin,500,IForest,0.013,3,anomalous,False,0.6849447781437706
33_skin,500,IForest,0.013,4,anomalous,False,0.6906122844409998
33_skin,370,IForest,0.013,0,clusters,True,0.9216479364464252
33_skin,366,IForest,0.013,1,clusters,True,0.9182329006006588
33_skin,363,IForest,0.013,2,clusters,True,0.901981205192792
33_skin,374,IForest,0.013,3,clusters,True,0.909126138345282
33_skin,371,IForest,0.013,4,clusters,True,0.899413873280372
33_skin,498,IForest,0.013,0,clusters,False,0.7096250726603371
33_skin,498,IForest,0.013,1,clusters,False,0.6809968998256151
33_skin,498,IForest,0.013,2,clusters,False,0.6782600271265259
33_skin,498,IForest,0.013,3,clusters,False,0.6875847703933347
33_skin,498,IForest,0.013,4,clusters,False,0.7064280178260027
33_skin,368,KNN,0.02,0,random,True,0.9317719434218176
33_skin,388,KNN,0.02,1,random,True,0.9184993218368532
33_skin,370,KNN,0.02,2,random,True,0.9237793063359814
33_skin,373,KNN,0.02,3,random,True,0.936858167021895
33_skin,381,KNN,0.02,4,random,True,0.9242152683588452
33_skin,497,KNN,0.02,0,random,False,0.7148808370470839
33_skin,499,KNN,0.02,1,random,False,0.7485952334818833
33_skin,498,KNN,0.02,2,random,False,0.6979267583801589
33_skin,498,KNN,0.02,3,random,False,0.7827940321643092
33_skin,497,KNN,0.02,4,random,False,0.7158496415423367
33_skin,500,KNN,0.02,0,uncertainty,True,0.7115626816508427
33_skin,500,KNN,0.02,1,uncertainty,True,0.7485952334818833
33_skin,500,KNN,0.02,2,uncertainty,True,0.6975150164696765
33_skin,500,KNN,0.02,3,uncertainty,True,0.7792578957566364
33_skin,500,KNN,0.02,4,uncertainty,True,0.714735516372796
33_skin,500,KNN,0.02,0,uncertainty,False,0.7115626816508427
33_skin,500,KNN,0.02,1,uncertainty,False,0.7485952334818833
33_skin,500,KNN,0.02,2,uncertainty,False,0.6975150164696765
33_skin,500,KNN,0.02,3,uncertainty,False,0.7792578957566364
33_skin,500,KNN,0.02,4,uncertainty,False,0.714735516372796
33_skin,500,KNN,0.02,0,anomalous,True,0.7115626816508427
33_skin,500,KNN,0.02,1,anomalous,True,0.7485952334818833
33_skin,500,KNN,0.02,2,anomalous,True,0.6975150164696765
33_skin,500,KNN,0.02,3,anomalous,True,0.7792578957566364
33_skin,500,KNN,0.02,4,anomalous,True,0.714735516372796
33_skin,500,KNN,0.02,0,anomalous,False,0.7115626816508427
33_skin,500,KNN,0.02,1,anomalous,False,0.7485952334818833
33_skin,500,KNN,0.02,2,anomalous,False,0.6975150164696765
33_skin,500,KNN,0.02,3,anomalous,False,0.7792578957566364
33_skin,500,KNN,0.02,4,anomalous,False,0.714735516372796
33_skin,382,KNN,0.02,0,clusters,True,0.9696037589614416
33_skin,378,KNN,0.02,1,clusters,True,0.952673900406898
33_skin,371,KNN,0.02,2,clusters,True,0.9257411354388684
33_skin,387,KNN,0.02,3,clusters,True,0.9563553574888588
33_skin,380,KNN,0.02,4,clusters,True,0.927218562294129
33_skin,498,KNN,0.02,0,clusters,False,0.7131854291803914
33_skin,497,KNN,0.02,1,clusters,False,0.749927339662856
33_skin,497,KNN,0.02,2,clusters,False,0.7007605115287735
33_skin,498,KNN,0.02,3,clusters,False,0.7822611896919202
33_skin,497,KNN,0.02,4,clusters,False,0.716164503003294
33_skin,368,IForest,0.02,0,random,True,0.9180633598139896
33_skin,388,IForest,0.02,1,random,True,0.90890815733385
33_skin,370,IForest,0.02,2,random,True,0.8989536911451269
33_skin,373,IForest,0.02,3,random,True,0.9049602790156946
33_skin,381,IForest,0.02,4,random,True,0.8920751792288317
33_skin,497,IForest,0.02,0,random,False,0.6863737647742686
33_skin,499,IForest,0.02,1,random,False,0.6829102887037396
33_skin,498,IForest,0.02,2,random,False,0.6259930246076342
33_skin,498,IForest,0.02,3,random,False,0.6865433055609379
33_skin,497,IForest,0.02,4,random,False,0.678865529936059
33_skin,500,IForest,0.02,0,uncertainty,True,0.7019715171478396
33_skin,469,IForest,0.02,1,uncertainty,True,0.7256345669443907
33_skin,500,IForest,0.02,2,uncertainty,True,0.6452237938384034
33_skin,410,IForest,0.02,3,uncertainty,True,0.8520151133501259
33_skin,408,IForest,0.02,4,uncertainty,True,0.8687754311180003
33_skin,500,IForest,0.02,0,uncertainty,False,0.7231156752567333
33_skin,498,IForest,0.02,1,uncertainty,False,0.6872699089323774
33_skin,500,IForest,0.02,2,uncertainty,False,0.6605309048633986
33_skin,500,IForest,0.02,3,uncertainty,False,0.6898130207324162
33_skin,500,IForest,0.02,4,uncertainty,False,0.7348866498740554
33_skin,500,IForest,0.02,0,anomalous,True,0.7048294904088355
33_skin,500,IForest,0.02,1,anomalous,True,0.6929374152296066
33_skin,500,IForest,0.02,2,anomalous,True,0.6437463669831429
33_skin,500,IForest,0.02,3,anomalous,True,0.6539188141832978
33_skin,500,IForest,0.02,4,anomalous,True,0.7471420267390041
33_skin,500,IForest,0.02,0,anomalous,False,0.6529257895756636
33_skin,500,IForest,0.02,1,anomalous,False,0.7119744235613252
33_skin,500,IForest,0.02,2,anomalous,False,0.6407672931602402
33_skin,500,IForest,0.02,3,anomalous,False,0.6738761867855066
33_skin,500,IForest,0.02,4,anomalous,False,0.6987502422011238
33_skin,382,IForest,0.02,0,clusters,True,0.9249418717302847
33_skin,378,IForest,0.02,1,clusters,True,0.9025867080023252
33_skin,371,IForest,0.02,2,clusters,True,0.9030226700251888
33_skin,387,IForest,0.02,3,clusters,True,0.8990747917070335
33_skin,380,IForest,0.02,4,clusters,True,0.8952964541755474
33_skin,498,IForest,0.02,0,clusters,False,0.736969579538849
33_skin,497,IForest,0.02,1,clusters,False,0.7224617322224375
33_skin,497,IForest,0.02,2,clusters,False,0.6686446425111412
33_skin,498,IForest,0.02,3,clusters,False,0.6559775237357102
33_skin,497,IForest,0.02,4,clusters,False,0.7074937027707809
33_skin,370,KNN,0.03,0,random,True,0.9325227669056384
33_skin,388,KNN,0.03,1,random,True,0.9287928695989148
33_skin,367,KNN,0.03,2,random,True,0.9121778725053284
33_skin,373,KNN,0.03,3,random,True,0.936858167021895
33_skin,381,KNN,0.03,4,random,True,0.9242152683588452
33_skin,496,KNN,0.03,0,random,False,0.7157043208680488
33_skin,498,KNN,0.03,1,random,False,0.7496609184266616
33_skin,496,KNN,0.03,2,random,False,0.6997917070335206
33_skin,497,KNN,0.03,3,random,False,0.7837386165471807
33_skin,497,KNN,0.03,4,random,False,0.7158496415423367
33_skin,500,KNN,0.03,0,uncertainty,True,0.7115626816508427
33_skin,500,KNN,0.03,1,uncertainty,True,0.7485952334818833
33_skin,500,KNN,0.03,2,uncertainty,True,0.6975150164696765
33_skin,458,KNN,0.03,3,uncertainty,True,0.8183007169153265
33_skin,500,KNN,0.03,4,uncertainty,True,0.714735516372796
33_skin,500,KNN,0.03,0,uncertainty,False,0.7115626816508427
33_skin,500,KNN,0.03,1,uncertainty,False,0.7485952334818833
33_skin,500,KNN,0.03,2,uncertainty,False,0.6975150164696765
33_skin,498,KNN,0.03,3,uncertainty,False,0.7802024801395079
33_skin,500,KNN,0.03,4,uncertainty,False,0.714735516372796
33_skin,500,KNN,0.03,0,anomalous,True,0.7115626816508427
33_skin,500,KNN,0.03,1,anomalous,True,0.7485952334818833
33_skin,500,KNN,0.03,2,anomalous,True,0.6975150164696765
33_skin,500,KNN,0.03,3,anomalous,True,0.7792578957566364
33_skin,500,KNN,0.03,4,anomalous,True,0.714735516372796
33_skin,500,KNN,0.03,0,anomalous,False,0.7115626816508427
33_skin,500,KNN,0.03,1,anomalous,False,0.7485952334818833
33_skin,500,KNN,0.03,2,anomalous,False,0.6975150164696765
33_skin,500,KNN,0.03,3,anomalous,False,0.7792578957566364
33_skin,500,KNN,0.03,4,anomalous,False,0.714735516372796
33_skin,383,KNN,0.03,0,clusters,True,0.9707905444681264
33_skin,391,KNN,0.03,1,clusters,True,0.9347267971323387
33_skin,377,KNN,0.03,2,clusters,True,0.9275576438674676
33_skin,387,KNN,0.03,3,clusters,True,0.9545388490602597
33_skin,389,KNN,0.03,4,clusters,True,0.937027707808564
33_skin,496,KNN,0.03,0,clusters,False,0.7154621197442357
33_skin,497,KNN,0.03,1,clusters,False,0.749927339662856
33_skin,496,KNN,0.03,2,clusters,False,0.701850416585933
33_skin,496,KNN,0.03,3,clusters,False,0.7836175159852741
33_skin,496,KNN,0.03,4,clusters,False,0.7172059678356908
33_skin,370,IForest,0.03,0,random,True,0.9193228056578184
33_skin,388,IForest,0.03,1,random,True,0.892172059678357
33_skin,367,IForest,0.03,2,random,True,0.8964590195698507
33_skin,373,IForest,0.03,3,random,True,0.9136310792482076
33_skin,381,IForest,0.03,4,random,True,0.8950542530517341
33_skin,496,IForest,0.03,0,random,False,0.6850416585932958
33_skin,498,IForest,0.03,1,random,False,0.7069850804107731
33_skin,496,IForest,0.03,2,random,False,0.6199379965123037
33_skin,497,IForest,0.03,3,random,False,0.7046357295097849
33_skin,497,IForest,0.03,4,random,False,0.704490408835497
33_skin,405,IForest,0.03,0,uncertainty,True,0.907769812051928
33_skin,468,IForest,0.03,1,uncertainty,True,0.7218804495252857
33_skin,399,IForest,0.03,2,uncertainty,True,0.7899631854291804
33_skin,500,IForest,0.03,3,uncertainty,True,0.6747723309436157
33_skin,411,IForest,0.03,4,uncertainty,True,0.8635196667312536
33_skin,500,IForest,0.03,0,uncertainty,False,0.6873183491571402
33_skin,499,IForest,0.03,1,uncertainty,False,0.6992588645611316
33_skin,500,IForest,0.03,2,uncertainty,False,0.6424142608021701
33_skin,499,IForest,0.03,3,uncertainty,False,0.6689837240844797
33_skin,499,IForest,0.03,4,uncertainty,False,0.7281776787444294
33_skin,500,IForest,0.03,0,anomalous,True,0.7069366401860104
33_skin,500,IForest,0.03,1,anomalous,True,0.6862526642123619
33_skin,500,IForest,0.03,2,anomalous,True,0.6360201511335013
33_skin,500,IForest,0.03,3,anomalous,True,0.668547762061616
33_skin,500,IForest,0.03,4,anomalous,True,0.6893043983724085
33_skin,500,IForest,0.03,0,anomalous,False,0.6997190466963766
33_skin,500,IForest,0.03,1,anomalous,False,0.6526593683394691
33_skin,500,IForest,0.03,2,anomalous,False,0.6627833753148614
33_skin,500,IForest,0.03,3,anomalous,False,0.6698556481302073
33_skin,500,IForest,0.03,4,anomalous,False,0.7097219531098623
33_skin,383,IForest,0.03,0,clusters,True,0.928187366789382
33_skin,391,IForest,0.03,1,clusters,True,0.8908157333850029
33_skin,377,IForest,0.03,2,clusters,True,0.9111364076729316
33_skin,387,IForest,0.03,3,clusters,True,0.9029015694632824
33_skin,389,IForest,0.03,4,clusters,True,0.887957760124007
33_skin,496,IForest,0.03,0,clusters,False,0.6773881030807982
33_skin,497,IForest,0.03,1,clusters,False,0.673222243751211
33_skin,496,IForest,0.03,2,clusters,False,0.6407915132726216
33_skin,496,IForest,0.03,3,clusters,False,0.6941484208486728
33_skin,496,IForest,0.03,4,clusters,False,0.7143237744623134
33_skin,370,KNN,0.04,0,random,True,0.9325227669056384
33_skin,388,KNN,0.04,1,random,True,0.9287928695989148
33_skin,379,KNN,0.04,2,random,True,0.942670993993412
33_skin,376,KNN,0.04,3,random,True,0.936785506684751
33_skin,385,KNN,0.04,4,random,True,0.9177727184654136
33_skin,495,KNN,0.04,0,random,False,0.7171575276109281
33_skin,498,KNN,0.04,1,random,False,0.7496609184266616
33_skin,495,KNN,0.04,2,random,False,0.7008573919782988
33_skin,495,KNN,0.04,3,random,False,0.7861606277853129
33_skin,497,KNN,0.04,4,random,False,0.7158496415423367
33_skin,500,KNN,0.04,0,uncertainty,True,0.7115626816508427
33_skin,500,KNN,0.04,1,uncertainty,True,0.7485952334818833
33_skin,500,KNN,0.04,2,uncertainty,True,0.6975150164696765
33_skin,457,KNN,0.04,3,uncertainty,True,0.8183975973648517
33_skin,500,KNN,0.04,4,uncertainty,True,0.714735516372796
33_skin,500,KNN,0.04,0,uncertainty,False,0.7115626816508427
33_skin,500,KNN,0.04,1,uncertainty,False,0.7485952334818833
33_skin,500,KNN,0.04,2,uncertainty,False,0.6975150164696765
33_skin,497,KNN,0.04,3,uncertainty,False,0.7802509203642706
33_skin,500,KNN,0.04,4,uncertainty,False,0.714735516372796
33_skin,500,KNN,0.04,0,anomalous,True,0.7115626816508427
33_skin,500,KNN,0.04,1,anomalous,True,0.7485952334818833
33_skin,500,KNN,0.04,2,anomalous,True,0.6975150164696765
33_skin,500,KNN,0.04,3,anomalous,True,0.7792578957566364
33_skin,500,KNN,0.04,4,anomalous,True,0.714735516372796
33_skin,500,KNN,0.04,0,anomalous,False,0.7115626816508427
33_skin,500,KNN,0.04,1,anomalous,False,0.7485952334818833
33_skin,500,KNN,0.04,2,anomalous,False,0.6975150164696765
33_skin,500,KNN,0.04,3,anomalous,False,0.7792578957566364
33_skin,500,KNN,0.04,4,anomalous,False,0.714735516372796
33_skin,389,KNN,0.04,0,clusters,True,0.9681505522185624
33_skin,402,KNN,0.04,1,clusters,True,0.9239246270102696
33_skin,385,KNN,0.04,2,clusters,True,0.9470063941096686
33_skin,388,KNN,0.04,3,clusters,True,0.9545146289478784
33_skin,389,KNN,0.04,4,clusters,True,0.9369550474714204
33_skin,495,KNN,0.04,0,clusters,False,0.7181505522185623
33_skin,497,KNN,0.04,1,clusters,False,0.749927339662856
33_skin,496,KNN,0.04,2,clusters,False,0.701850416585933
33_skin,496,KNN,0.04,3,clusters,False,0.7836175159852741
33_skin,494,KNN,0.04,4,clusters,False,0.7182474326680877
33_skin,370,IForest,0.04,0,random,True,0.9176273977911258
33_skin,388,IForest,0.04,1,random,True,0.9077455919395466
33_skin,379,IForest,0.04,2,random,True,0.8842036427049021
33_skin,376,IForest,0.04,3,random,True,0.9158835496996706
33_skin,385,IForest,0.04,4,random,True,0.8860201511335013
33_skin,495,IForest,0.04,0,random,False,0.7124830459213332
33_skin,498,IForest,0.04,1,random,False,0.7161887231156753
33_skin,495,IForest,0.04,2,random,False,0.68896531679907
33_skin,495,IForest,0.04,3,random,False,0.673900406897888
33_skin,497,IForest,0.04,4,random,False,0.6861800038752179
33_skin,500,IForest,0.04,0,uncertainty,True,0.713984692888975
33_skin,457,IForest,0.04,1,uncertainty,True,0.7517922883162178
33_skin,500,IForest,0.04,2,uncertainty,True,0.6235952334818833
33_skin,399,IForest,0.04,3,uncertainty,True,0.875
33_skin,364,IForest,0.04,4,uncertainty,True,0.8674917651617904
33_skin,500,IForest,0.04,0,uncertainty,False,0.7139120325518311
33_skin,495,IForest,0.04,1,uncertainty,False,0.6688141832978105
33_skin,497,IForest,0.04,2,uncertainty,False,0.6252179810114318
33_skin,500,IForest,0.04,3,uncertainty,False,0.6845330362332881
33_skin,499,IForest,0.04,4,uncertainty,False,0.6932764968029451
33_skin,500,IForest,0.04,0,anomalous,True,0.7014871149002132
33_skin,500,IForest,0.04,1,anomalous,True,0.6941242007362914
33_skin,500,IForest,0.04,2,anomalous,True,0.6700736291416391
33_skin,460,IForest,0.04,3,anomalous,True,0.7330701414454563
33_skin,459,IForest,0.04,4,anomalous,True,0.7798633985661693
33_skin,500,IForest,0.04,0,anomalous,False,0.7126041464832398
33_skin,500,IForest,0.04,1,anomalous,False,0.6881176128657237
33_skin,500,IForest,0.04,2,anomalous,False,0.6689352838597171
33_skin,500,IForest,0.04,3,anomalous,False,0.6687173028482851
33_skin,500,IForest,0.04,4,anomalous,False,0.7235031970548342
33_skin,389,IForest,0.04,0,clusters,True,0.9193954659949622
33_skin,402,IForest,0.04,1,clusters,True,0.8788267777562488
33_skin,385,IForest,0.04,2,clusters,True,0.8789478783181554
33_skin,388,IForest,0.04,3,clusters,True,0.906050184072854
33_skin,389,IForest,0.04,4,clusters,True,0.8779790738229025
33_skin,495,IForest,0.04,0,clusters,False,0.7274510753729897
33_skin,497,IForest,0.04,1,clusters,False,0.6905396241038558
33_skin,496,IForest,0.04,2,clusters,False,0.657479170703352
33_skin,496,IForest,0.04,3,clusters,False,0.6654718077891881
33_skin,494,IForest,0.04,4,clusters,False,0.7260463088548731
33_skin,383,KNN,0.06,0,random,True,0.9707905444681264
33_skin,389,KNN,0.06,1,random,True,0.9284537880255764
33_skin,380,KNN,0.06,2,random,True,0.9405396241038558
33_skin,386,KNN,0.06,3,random,True,0.9569366401860104
33_skin,380,KNN,0.06,4,random,True,0.9279209455531874
33_skin,493,KNN,0.06,0,random,False,0.7182474326680875
33_skin,494,KNN,0.06,1,random,False,0.7509203642704902
33_skin,492,KNN,0.06,2,random,False,0.7026981205192792
33_skin,494,KNN,0.06,3,random,False,0.787371633404379
33_skin,494,KNN,0.06,4,random,False,0.7176177097461732
33_skin,426,KNN,0.06,0,uncertainty,True,0.8424239488471226
33_skin,471,KNN,0.06,1,uncertainty,True,0.7696425111412517
33_skin,500,KNN,0.06,2,uncertainty,True,0.6975150164696765
33_skin,452,KNN,0.06,3,uncertainty,True,0.8187366789381904
33_skin,500,KNN,0.06,4,uncertainty,True,0.714735516372796
33_skin,498,KNN,0.06,0,uncertainty,False,0.7117322224375122
33_skin,499,KNN,0.06,1,uncertainty,False,0.748861654718078
33_skin,500,KNN,0.06,2,uncertainty,False,0.6975150164696765
33_skin,494,KNN,0.06,3,uncertainty,False,0.7809533036233287
33_skin,500,KNN,0.06,4,uncertainty,False,0.714735516372796
33_skin,500,KNN,0.06,0,anomalous,True,0.7115626816508427
33_skin,500,KNN,0.06,1,anomalous,True,0.7485952334818833
33_skin,500,KNN,0.06,2,anomalous,True,0.6975150164696765
33_skin,500,KNN,0.06,3,anomalous,True,0.7792578957566364
33_skin,500,KNN,0.06,4,anomalous,True,0.714735516372796
33_skin,500,KNN,0.06,0,anomalous,False,0.7115626816508427
33_skin,500,KNN,0.06,1,anomalous,False,0.7485952334818833
33_skin,500,KNN,0.06,2,anomalous,False,0.6975150164696765
33_skin,500,KNN,0.06,3,anomalous,False,0.7792578957566364
33_skin,500,KNN,0.06,4,anomalous,False,0.714735516372796
33_skin,395,KNN,0.06,0,clusters,True,0.9586804882774655
33_skin,390,KNN,0.06,1,clusters,True,0.9452625460182136
33_skin,385,KNN,0.06,2,clusters,True,0.9396192598333656
33_skin,391,KNN,0.06,3,clusters,True,0.9543935283859718
33_skin,390,KNN,0.06,4,clusters,True,0.9371972485952336
33_skin,493,KNN,0.06,0,clusters,False,0.7186107343538074
33_skin,493,KNN,0.06,1,clusters,False,0.7559581476458052
33_skin,493,KNN,0.06,2,clusters,False,0.7069124200736292
33_skin,494,KNN,0.06,3,clusters,False,0.791149970935865
33_skin,491,KNN,0.06,4,clusters,False,0.7213960472776594
33_skin,383,IForest,0.06,0,random,True,0.9274607634179424
33_skin,389,IForest,0.06,1,random,True,0.8948847122650649
33_skin,380,IForest,0.06,2,random,True,0.8818542918039141
33_skin,386,IForest,0.06,3,random,True,0.9040641348575856
33_skin,380,IForest,0.06,4,random,True,0.8872553768649487
33_skin,493,IForest,0.06,0,random,False,0.6724229800426275
33_skin,494,IForest,0.06,1,random,False,0.7130885487308661
33_skin,492,IForest,0.06,2,random,False,0.6623958535167603
33_skin,494,IForest,0.06,3,random,False,0.6783569075760513
33_skin,494,IForest,0.06,4,random,False,0.734935090098818
33_skin,500,IForest,0.06,0,uncertainty,True,0.7056529742298003
33_skin,500,IForest,0.06,1,uncertainty,True,0.679931214880837
33_skin,430,IForest,0.06,2,uncertainty,True,0.7475779887618679
33_skin,500,IForest,0.06,3,uncertainty,True,0.6584721953109862
33_skin,388,IForest,0.06,4,uncertainty,True,0.8809339275334238
33_skin,499,IForest,0.06,0,uncertainty,False,0.6976845572563457
33_skin,494,IForest,0.06,1,uncertainty,False,0.6833704708389847
33_skin,498,IForest,0.06,2,uncertainty,False,0.6340098818058516
33_skin,500,IForest,0.06,3,uncertainty,False,0.6665374927339662
33_skin,498,IForest,0.06,4,uncertainty,False,0.7086562681650843
33_skin,484,IForest,0.06,0,anomalous,True,0.7439207517922883
33_skin,500,IForest,0.06,1,anomalous,True,0.6715994962216625
33_skin,500,IForest,0.06,2,anomalous,True,0.6419298585545437
33_skin,463,IForest,0.06,3,anomalous,True,0.7406025963960473
33_skin,481,IForest,0.06,4,anomalous,True,0.7374055415617128
33_skin,499,IForest,0.06,0,anomalous,False,0.6584964154233676
33_skin,500,IForest,0.06,1,anomalous,False,0.7047810501840728
33_skin,500,IForest,0.06,2,anomalous,False,0.6582784344119357
33_skin,499,IForest,0.06,3,anomalous,False,0.6677000581282698
33_skin,497,IForest,0.06,4,anomalous,False,0.6752082929664793
33_skin,395,IForest,0.06,0,clusters,True,0.9003584576632436
33_skin,390,IForest,0.06,1,clusters,True,0.8990990118194148
33_skin,385,IForest,0.06,2,clusters,True,0.8850513466382484
33_skin,391,IForest,0.06,3,clusters,True,0.8999709358651424
33_skin,390,IForest,0.06,4,clusters,True,0.8937221468707615
33_skin,493,IForest,0.06,0,clusters,False,0.7021410579345089
33_skin,493,IForest,0.06,1,clusters,False,0.6959649292772718
33_skin,493,IForest,0.06,2,clusters,False,0.6749418717302847
33_skin,494,IForest,0.06,3,clusters,False,0.6992830846735129
33_skin,491,IForest,0.06,4,clusters,False,0.7189982561519085
33_skin,383,KNN,0.08,0,random,True,0.9707905444681264
33_skin,388,KNN,0.08,1,random,True,0.9323774462313504
33_skin,377,KNN,0.08,2,random,True,0.9483627204030226
33_skin,387,KNN,0.08,3,random,True,0.9563553574888588
33_skin,380,KNN,0.08,4,random,True,0.9279209455531874
33_skin,490,KNN,0.08,0,random,False,0.7382048052702965
33_skin,492,KNN,0.08,1,random,False,0.7509203642704902
33_skin,491,KNN,0.08,2,random,False,0.703739585351676
33_skin,493,KNN,0.08,3,random,False,0.7874442937415229
33_skin,489,KNN,0.08,4,random,False,0.7209116450300329
33_skin,412,KNN,0.08,0,uncertainty,True,0.8843974036039527
33_skin,477,KNN,0.08,1,uncertainty,True,0.77034489440031
33_skin,478,KNN,0.08,2,uncertainty,True,0.7207905444681264
33_skin,412,KNN,0.08,3,uncertainty,True,0.8845427242782407
33_skin,414,KNN,0.08,4,uncertainty,True,0.8442404572757217
33_skin,496,KNN,0.08,0,uncertainty,False,0.7121197442356133
33_skin,497,KNN,0.08,1,uncertainty,False,0.7493460569657044
33_skin,499,KNN,0.08,2,uncertainty,False,0.6986049215268357
33_skin,488,KNN,0.08,3,uncertainty,False,0.7818252276690563
33_skin,494,KNN,0.08,4,uncertainty,False,0.7174239488471227
33_skin,485,KNN,0.08,0,anomalous,True,0.7277174966091844
33_skin,500,KNN,0.08,1,anomalous,True,0.7485952334818833
33_skin,500,KNN,0.08,2,anomalous,True,0.6975150164696765
33_skin,491,KNN,0.08,3,anomalous,True,0.7827940321643092
33_skin,500,KNN,0.08,4,anomalous,True,0.714735516372796
33_skin,499,KNN,0.08,0,anomalous,False,0.7117080023251307
33_skin,500,KNN,0.08,1,anomalous,False,0.7485952334818833
33_skin,500,KNN,0.08,2,anomalous,False,0.6975150164696765
33_skin,499,KNN,0.08,3,anomalous,False,0.7793547762061617
33_skin,500,KNN,0.08,4,anomalous,False,0.714735516372796
33_skin,397,KNN,0.08,0,clusters,True,0.9574452625460182
33_skin,392,KNN,0.08,1,clusters,True,0.9456985080410772
33_skin,389,KNN,0.08,2,clusters,True,0.9405880643286184
33_skin,393,KNN,0.08,3,clusters,True,0.9534973842278628
33_skin,388,KNN,0.08,4,clusters,True,0.940031001743848
33_skin,492,KNN,0.08,0,clusters,False,0.719555318736679
33_skin,491,KNN,0.08,1,clusters,False,0.7590583220306142
33_skin,493,KNN,0.08,2,clusters,False,0.7056287541174191
33_skin,492,KNN,0.08,3,clusters,False,0.7906171284634761
33_skin,490,KNN,0.08,4,clusters,False,0.7232367758186398
33_skin,383,IForest,0.08,0,random,True,0.9227862817283472
33_skin,388,IForest,0.08,1,random,True,0.9015694632823096
33_skin,377,IForest,0.08,2,random,True,0.901521023057547
33_skin,387,IForest,0.08,3,random,True,0.9024898275527998
33_skin,380,IForest,0.08,4,random,True,0.8960957178841309
33_skin,490,IForest,0.08,0,random,False,0.6984353807401668
33_skin,492,IForest,0.08,1,random,False,0.7163098236775819
33_skin,491,IForest,0.08,2,random,False,0.6662710714977718
33_skin,493,IForest,0.08,3,random,False,0.6515452431699283
33_skin,489,IForest,0.08,4,random,False,0.7342811470645224
33_skin,405,IForest,0.08,0,uncertainty,True,0.9002857973260996
33_skin,472,IForest,0.08,1,uncertainty,True,0.7369453594264677
33_skin,457,IForest,0.08,2,uncertainty,True,0.696425111412517
33_skin,490,IForest,0.08,3,uncertainty,True,0.6314183297810501
33_skin,409,IForest,0.08,4,uncertainty,True,0.864149389653168
33_skin,497,IForest,0.08,0,uncertainty,False,0.6958680488277464
33_skin,495,IForest,0.08,1,uncertainty,False,0.6595621003681457
33_skin,498,IForest,0.08,2,uncertainty,False,0.6383210618097268
33_skin,499,IForest,0.08,3,uncertainty,False,0.6863011044371246
33_skin,495,IForest,0.08,4,uncertainty,False,0.7384954466188722
33_skin,485,IForest,0.08,0,anomalous,True,0.7031098624297616
33_skin,483,IForest,0.08,1,anomalous,True,0.7173028482852161
33_skin,465,IForest,0.08,2,anomalous,True,0.700566750629723
33_skin,467,IForest,0.08,3,anomalous,True,0.7151472582832784
33_skin,479,IForest,0.08,4,anomalous,True,0.7297519860492153
33_skin,499,IForest,0.08,0,anomalous,False,0.6798585545436931
33_skin,500,IForest,0.08,1,anomalous,False,0.6964735516372796
33_skin,498,IForest,0.08,2,anomalous,False,0.6448362720403022
33_skin,499,IForest,0.08,3,anomalous,False,0.6812148808370471
33_skin,496,IForest,0.08,4,anomalous,False,0.7037880255764386
33_skin,397,IForest,0.08,0,clusters,True,0.9064134857585738
33_skin,392,IForest,0.08,1,clusters,True,0.8877639992249564
33_skin,389,IForest,0.08,2,clusters,True,0.8860443712458826
33_skin,393,IForest,0.08,3,clusters,True,0.8882726215849641
33_skin,388,IForest,0.08,4,clusters,True,0.8903555512497578
33_skin,492,IForest,0.08,0,clusters,False,0.7553768649486534
33_skin,491,IForest,0.08,1,clusters,False,0.6929858554543693
33_skin,493,IForest,0.08,2,clusters,False,0.6827891881418331
33_skin,492,IForest,0.08,3,clusters,False,0.6703642704902151
33_skin,490,IForest,0.08,4,clusters,False,0.7389071885293548
33_skin,389,KNN,0.1,0,random,True,0.9681505522185624
33_skin,390,KNN,0.1,1,random,True,0.9295921333074983
33_skin,378,KNN,0.1,2,random,True,0.94831428017826
33_skin,387,KNN,0.1,3,random,True,0.9563553574888588
33_skin,381,KNN,0.1,4,random,True,0.927896725440806
33_skin,489,KNN,0.1,0,random,False,0.7388829684169735
33_skin,491,KNN,0.1,1,random,False,0.7510172447200156
33_skin,488,KNN,0.1,2,random,False,0.7089953497384228
33_skin,492,KNN,0.1,3,random,False,0.7874442937415229
33_skin,487,KNN,0.1,4,random,False,0.7265549312148808
33_skin,415,KNN,0.1,0,uncertainty,True,0.8685332299941873
33_skin,452,KNN,0.1,1,uncertainty,True,0.795654911838791
33_skin,472,KNN,0.1,2,uncertainty,True,0.7270151133501259
33_skin,405,KNN,0.1,3,uncertainty,True,0.9026835884518504
33_skin,400,KNN,0.1,4,uncertainty,True,0.908447975198605
33_skin,495,KNN,0.1,0,uncertainty,False,0.7123861654718079
33_skin,495,KNN,0.1,1,uncertainty,False,0.7494671575276111
33_skin,497,KNN,0.1,2,uncertainty,False,0.7001550087192405
33_skin,486,KNN,0.1,3,uncertainty,False,0.7821885293547761
33_skin,491,KNN,0.1,4,uncertainty,False,0.7189013757023833
33_skin,491,KNN,0.1,0,anomalous,True,0.7228976942453013
33_skin,500,KNN,0.1,1,anomalous,True,0.7485952334818833
33_skin,500,KNN,0.1,2,anomalous,True,0.6975150164696765
33_skin,499,KNN,0.1,3,anomalous,True,0.7793547762061617
33_skin,500,KNN,0.1,4,anomalous,True,0.714735516372796
33_skin,499,KNN,0.1,0,anomalous,False,0.7117080023251307
33_skin,500,KNN,0.1,1,anomalous,False,0.7485952334818833
33_skin,500,KNN,0.1,2,anomalous,False,0.6975150164696765
33_skin,499,KNN,0.1,3,anomalous,False,0.7793547762061617
33_skin,500,KNN,0.1,4,anomalous,False,0.714735516372796
33_skin,397,KNN,0.1,0,clusters,True,0.9573968223212556
33_skin,396,KNN,0.1,1,clusters,True,0.9395223793838404
33_skin,392,KNN,0.1,2,clusters,True,0.9249903119550474
33_skin,393,KNN,0.1,3,clusters,True,0.9534973842278628
33_skin,390,KNN,0.1,4,clusters,True,0.9393043983724084
33_skin,489,KNN,0.1,0,clusters,False,0.7291707033520636
33_skin,489,KNN,0.1,1,clusters,False,0.760099786863011
33_skin,491,KNN,0.1,2,clusters,False,0.7076874636698314
33_skin,489,KNN,0.1,3,clusters,False,0.7961635341987987
33_skin,489,KNN,0.1,4,clusters,False,0.7261189691920171
33_skin,389,IForest,0.1,0,random,True,0.9248449912807596
33_skin,390,IForest,0.1,1,random,True,0.8877155590001937
33_skin,378,IForest,0.1,2,random,True,0.8875944584382871
33_skin,387,IForest,0.1,3,random,True,0.8841067622553769
33_skin,381,IForest,0.1,4,random,True,0.8925353613640767
33_skin,489,IForest,0.1,0,random,False,0.7197975198604921
33_skin,491,IForest,0.1,1,random,False,0.7374782018988568
33_skin,488,IForest,0.1,2,random,False,0.6873667893819028
33_skin,492,IForest,0.1,3,random,False,0.7042966479364464
33_skin,487,IForest,0.1,4,random,False,0.737575082348382
33_skin,406,IForest,0.1,0,uncertainty,True,0.8941338887812439
33_skin,473,IForest,0.1,1,uncertainty,True,0.706524898275528
33_skin,408,IForest,0.1,2,uncertainty,True,0.8508283278434411
33_skin,411,IForest,0.1,3,uncertainty,True,0.8415762449137765
33_skin,385,IForest,0.1,4,uncertainty,True,0.8901375702383258
33_skin,497,IForest,0.1,0,uncertainty,False,0.697636117031583
33_skin,494,IForest,0.1,1,uncertainty,False,0.6895465994962217
33_skin,496,IForest,0.1,2,uncertainty,False,0.6346880449525285
33_skin,499,IForest,0.1,3,uncertainty,False,0.6756926952141058
33_skin,494,IForest,0.1,4,uncertainty,False,0.7257798876186785
33_skin,486,IForest,0.1,0,anomalous,True,0.7204756830071691
33_skin,460,IForest,0.1,1,anomalous,True,0.7130401085061034
33_skin,458,IForest,0.1,2,anomalous,True,0.6990408835496997
33_skin,467,IForest,0.1,3,anomalous,True,0.7268213524510754
33_skin,420,IForest,0.1,4,anomalous,True,0.8464929277271848
33_skin,499,IForest,0.1,0,anomalous,False,0.6687173028482852
33_skin,499,IForest,0.1,1,anomalous,False,0.669831428017826
33_skin,496,IForest,0.1,2,anomalous,False,0.6645756636310792
33_skin,499,IForest,0.1,3,anomalous,False,0.679471032745592
33_skin,496,IForest,0.1,4,anomalous,False,0.7250775043596203
33_skin,397,IForest,0.1,0,clusters,True,0.9174336368920752
33_skin,396,IForest,0.1,1,clusters,True,0.8899680294516567
33_skin,392,IForest,0.1,2,clusters,True,0.8967012206936641
33_skin,393,IForest,0.1,3,clusters,True,0.8970645223793838
33_skin,390,IForest,0.1,4,clusters,True,0.8906461925983337
33_skin,489,IForest,0.1,0,clusters,False,0.7301637279596978
33_skin,489,IForest,0.1,1,clusters,False,0.6974423561325325
33_skin,491,IForest,0.1,2,clusters,False,0.6765161790350708
33_skin,489,IForest,0.1,3,clusters,False,0.6430682038364658
33_skin,489,IForest,0.1,4,clusters,False,0.7304301491958922
33_skin,389,KNN,0.15,0,random,True,0.9681505522185624
33_skin,384,KNN,0.15,1,random,True,0.9505425305173416
33_skin,380,KNN,0.15,2,random,True,0.9483627204030226
33_skin,388,KNN,0.15,3,random,True,0.957348382096493
33_skin,384,KNN,0.15,4,random,True,0.940612284441
33_skin,487,KNN,0.15,0,random,False,0.7406268165084287
33_skin,487,KNN,0.15,1,random,False,0.7564667700058129
33_skin,486,KNN,0.15,2,random,False,0.7109571788413097
33_skin,484,KNN,0.15,3,random,False,0.7962361945359427
33_skin,483,KNN,0.15,4,random,False,0.7303574888587483
33_skin,399,KNN,0.15,0,uncertainty,True,0.9557740747917072
33_skin,413,KNN,0.15,1,uncertainty,True,0.8841552024801395
33_skin,457,KNN,0.15,2,uncertainty,True,0.7401181941484208
33_skin,396,KNN,0.15,3,uncertainty,True,0.9543935283859716
33_skin,432,KNN,0.15,4,uncertainty,True,0.7796938577795001
33_skin,488,KNN,0.15,0,uncertainty,False,0.7162613834528193
33_skin,487,KNN,0.15,1,uncertainty,False,0.7565152102305756
33_skin,491,KNN,0.15,2,uncertainty,False,0.7020926177097462
33_skin,479,KNN,0.15,3,uncertainty,False,0.7867661305948459
33_skin,489,KNN,0.15,4,uncertainty,False,0.7192404572757218
33_skin,427,KNN,0.15,0,anomalous,True,0.851797132338694
33_skin,437,KNN,0.15,1,anomalous,True,0.8197781437705871
33_skin,481,KNN,0.15,2,anomalous,True,0.7161402828909126
33_skin,409,KNN,0.15,3,anomalous,True,0.9032406510366208
33_skin,402,KNN,0.15,4,anomalous,True,0.9093925595814764
33_skin,494,KNN,0.15,0,anomalous,False,0.7135245107537299
33_skin,493,KNN,0.15,1,anomalous,False,0.7504117419104824
33_skin,496,KNN,0.15,2,anomalous,False,0.7007362914163923
33_skin,486,KNN,0.15,3,anomalous,False,0.7821885293547761
33_skin,490,KNN,0.15,4,anomalous,False,0.7190709164890525
33_skin,397,KNN,0.15,0,clusters,True,0.9573968223212556
33_skin,399,KNN,0.15,1,clusters,True,0.9329587289285024
33_skin,394,KNN,0.15,2,clusters,True,0.9281631466770004
33_skin,397,KNN,0.15,3,clusters,True,0.9521652780468902
33_skin,394,KNN,0.15,4,clusters,True,0.933176709939934
33_skin,486,KNN,0.15,0,clusters,False,0.7313747335787638
33_skin,486,KNN,0.15,1,clusters,False,0.7621100561906609
33_skin,487,KNN,0.15,2,clusters,False,0.7117080023251309
33_skin,485,KNN,0.15,3,clusters,False,0.801225537686495
33_skin,486,KNN,0.15,4,clusters,False,0.7284925402053866
33_skin,389,IForest,0.15,0,random,True,0.9169492346444488
33_skin,384,IForest,0.15,1,random,True,0.9015936833946908
33_skin,380,IForest,0.15,2,random,True,0.8971856229412905
33_skin,388,IForest,0.15,3,random,True,0.9001404766518117
33_skin,384,IForest,0.15,4,random,True,0.8978880062003487
33_skin,487,IForest,0.15,0,random,False,0.7666876574307304
33_skin,487,IForest,0.15,1,random,False,0.6949719046696377
33_skin,486,IForest,0.15,2,random,False,0.6641397016082156
33_skin,484,IForest,0.15,3,random,False,0.6925498934315055
33_skin,483,IForest,0.15,4,random,False,0.7458341406704126
33_skin,391,IForest,0.15,0,uncertainty,True,0.9104340244138732
33_skin,438,IForest,0.15,1,uncertainty,True,0.7501937608990505
33_skin,459,IForest,0.15,2,uncertainty,True,0.7391736097655494
33_skin,387,IForest,0.15,3,uncertainty,True,0.8775915520248013
33_skin,386,IForest,0.15,4,uncertainty,True,0.8896047277659368
33_skin,489,IForest,0.15,0,uncertainty,False,0.7263127300910676
33_skin,494,IForest,0.15,1,uncertainty,False,0.6645756636310791
33_skin,489,IForest,0.15,2,uncertainty,False,0.6269618291028871
33_skin,490,IForest,0.15,3,uncertainty,False,0.6792530517341601
33_skin,488,IForest,0.15,4,uncertainty,False,0.7391009494284053
33_skin,490,IForest,0.15,0,anomalous,True,0.6835642317380353
33_skin,473,IForest,0.15,1,anomalous,True,0.7210085254795582
33_skin,460,IForest,0.15,2,anomalous,True,0.703134082542143
33_skin,410,IForest,0.15,3,anomalous,True,0.8532745591939547
33_skin,481,IForest,0.15,4,anomalous,True,0.7502906413485758
33_skin,497,IForest,0.15,0,anomalous,False,0.7133549699670606
33_skin,498,IForest,0.15,1,anomalous,False,0.6665859329587289
33_skin,496,IForest,0.15,2,anomalous,False,0.666295291610153
33_skin,498,IForest,0.15,3,anomalous,False,0.6506733191242009
33_skin,489,IForest,0.15,4,anomalous,False,0.7108360782794032
33_skin,397,IForest,0.15,0,clusters,True,0.9235613253245496
33_skin,399,IForest,0.15,1,clusters,True,0.8847364851772912
33_skin,394,IForest,0.15,2,clusters,True,0.883210618097268
33_skin,397,IForest,0.15,3,clusters,True,0.904621197442356
33_skin,394,IForest,0.15,4,clusters,True,0.8892898663049797
33_skin,486,IForest,0.15,0,clusters,False,0.7006878511916295
33_skin,486,IForest,0.15,1,clusters,False,0.6985807014144546
33_skin,487,IForest,0.15,2,clusters,False,0.6634373183491571
33_skin,485,IForest,0.15,3,clusters,False,0.6772912226312731
33_skin,486,IForest,0.15,4,clusters,False,0.68511431893044
33_skin,389,KNN,0.2,0,random,True,0.9681505522185624
33_skin,388,KNN,0.2,1,random,True,0.9499128075954272
33_skin,384,KNN,0.2,2,random,True,0.9463766711877544
33_skin,388,KNN,0.2,3,random,True,0.957348382096493
33_skin,384,KNN,0.2,4,random,True,0.940612284441
33_skin,479,KNN,0.2,0,random,False,0.7514532067428793
33_skin,483,KNN,0.2,1,random,False,0.7589614415810889
33_skin,480,KNN,0.2,2,random,False,0.7169637667118774
33_skin,481,KNN,0.2,3,random,False,0.8005958147645805
33_skin,478,KNN,0.2,4,random,False,0.735758573919783
33_skin,397,KNN,0.2,0,uncertainty,True,0.961804882774656
33_skin,405,KNN,0.2,1,uncertainty,True,0.9166585932958728
33_skin,403,KNN,0.2,2,uncertainty,True,0.8989536911451269
33_skin,396,KNN,0.2,3,uncertainty,True,0.9543935283859716
33_skin,398,KNN,0.2,4,uncertainty,True,0.9248207711683782
33_skin,477,KNN,0.2,0,uncertainty,False,0.7236000775043597
33_skin,479,KNN,0.2,1,uncertainty,False,0.7638296841697346
33_skin,481,KNN,0.2,2,uncertainty,False,0.7072515016469676
33_skin,472,KNN,0.2,3,uncertainty,False,0.7923125363301686
33_skin,474,KNN,0.2,4,uncertainty,False,0.72544080604534
33_skin,397,KNN,0.2,0,anomalous,True,0.961804882774656
33_skin,409,KNN,0.2,1,anomalous,True,0.9057353226118968
33_skin,431,KNN,0.2,2,anomalous,True,0.7938626235225731
33_skin,396,KNN,0.2,3,anomalous,True,0.9543935283859716
33_skin,407,KNN,0.2,4,anomalous,True,0.8885390428211586
33_skin,481,KNN,0.2,0,anomalous,False,0.7182716527804689
33_skin,484,KNN,0.2,1,anomalous,False,0.760390428211587
33_skin,485,KNN,0.2,2,anomalous,False,0.7059436155783763
33_skin,474,KNN,0.2,3,anomalous,False,0.791513272621585
33_skin,482,KNN,0.2,4,anomalous,False,0.7213960472776593
33_skin,398,KNN,0.2,0,clusters,True,0.95637957760124
33_skin,400,KNN,0.2,1,clusters,True,0.9289624103855842
33_skin,398,KNN,0.2,2,clusters,True,0.91825712071304
33_skin,396,KNN,0.2,3,clusters,True,0.9524074791707032
33_skin,395,KNN,0.2,4,clusters,True,0.9329587289285024
33_skin,480,KNN,0.2,0,clusters,False,0.7406752567331912
33_skin,480,KNN,0.2,1,clusters,False,0.7686737066459989
33_skin,480,KNN,0.2,2,clusters,False,0.7193615578376285
33_skin,477,KNN,0.2,3,clusters,False,0.8062148808370471
33_skin,479,KNN,0.2,4,clusters,False,0.7328037202092618
33_skin,389,IForest,0.2,0,random,True,0.907551831040496
33_skin,388,IForest,0.2,1,random,True,0.8960472776593684
33_skin,384,IForest,0.2,2,random,True,0.8755086223600078
33_skin,388,IForest,0.2,3,random,True,0.8897016082154622
33_skin,384,IForest,0.2,4,random,True,0.8973309436155784
33_skin,479,IForest,0.2,0,random,False,0.7316169347025769
33_skin,483,IForest,0.2,1,random,False,0.7273784150358458
33_skin,480,IForest,0.2,2,random,False,0.6894981592714591
33_skin,481,IForest,0.2,3,random,False,0.6714541755473746
33_skin,478,IForest,0.2,4,random,False,0.735685913582639
33_skin,391,IForest,0.2,0,uncertainty,True,0.9138006200348768
33_skin,417,IForest,0.2,1,uncertainty,True,0.8238229025382678
33_skin,402,IForest,0.2,2,uncertainty,True,0.883816120906801
33_skin,394,IForest,0.2,3,uncertainty,True,0.9054931214880836
33_skin,392,IForest,0.2,4,uncertainty,True,0.8909368339469095
33_skin,485,IForest,0.2,0,uncertainty,False,0.7424917651617904
33_skin,485,IForest,0.2,1,uncertainty,False,0.6844845960085255
33_skin,489,IForest,0.2,2,uncertainty,False,0.6461199379965124
33_skin,481,IForest,0.2,3,uncertainty,False,0.6853807401666344
33_skin,483,IForest,0.2,4,uncertainty,False,0.7418136020151133
33_skin,390,IForest,0.2,0,anomalous,True,0.9132919976748692
33_skin,398,IForest,0.2,1,anomalous,True,0.8868194148420849
33_skin,467,IForest,0.2,2,anomalous,True,0.6800523154427436
33_skin,394,IForest,0.2,3,anomalous,True,0.9027320286766132
33_skin,415,IForest,0.2,4,anomalous,True,0.8718513853904282
33_skin,491,IForest,0.2,0,anomalous,False,0.7339420654911839
33_skin,492,IForest,0.2,1,anomalous,False,0.6951898856810695
33_skin,496,IForest,0.2,2,anomalous,False,0.6638732803720209
33_skin,490,IForest,0.2,3,anomalous,False,0.6657866692501453
33_skin,481,IForest,0.2,4,anomalous,False,0.7599544661887232
33_skin,398,IForest,0.2,0,clusters,True,0.9154233675644255
33_skin,400,IForest,0.2,1,clusters,True,0.8753875217981011
33_skin,398,IForest,0.2,2,clusters,True,0.8814909901181942
33_skin,396,IForest,0.2,3,clusters,True,0.88306529742298
33_skin,395,IForest,0.2,4,clusters,True,0.8849302460763417
33_skin,480,IForest,0.2,0,clusters,False,0.6848721178066266
33_skin,480,IForest,0.2,1,clusters,False,0.7217593489633793
33_skin,480,IForest,0.2,2,clusters,False,0.6917748498353032
33_skin,477,IForest,0.2,3,clusters,False,0.7193857779500097
33_skin,479,IForest,0.2,4,clusters,False,0.7414260802170122
33_skin,389,KNN,0.3,0,random,True,0.9681505522185624
33_skin,385,KNN,0.3,1,random,True,0.952601240069754
33_skin,385,KNN,0.3,2,random,True,0.9435429180391396
33_skin,391,KNN,0.3,3,random,True,0.954950590970742
33_skin,383,KNN,0.3,4,random,True,0.9311664406122844
33_skin,470,KNN,0.3,0,random,False,0.7690370083317186
33_skin,469,KNN,0.3,1,random,False,0.7736630497965511
33_skin,472,KNN,0.3,2,random,False,0.7271604340244139
33_skin,470,KNN,0.3,3,random,False,0.8092423948847123
33_skin,469,KNN,0.3,4,random,False,0.7512352257314474
33_skin,397,KNN,0.3,0,uncertainty,True,0.961804882774656
33_skin,404,KNN,0.3,1,uncertainty,True,0.9207275721759348
33_skin,401,KNN,0.3,2,uncertainty,True,0.909731641154815
33_skin,394,KNN,0.3,3,uncertainty,True,0.955774074791707
33_skin,396,KNN,0.3,4,uncertainty,True,0.9299069947684556
33_skin,464,KNN,0.3,0,uncertainty,False,0.7456403797713622
33_skin,469,KNN,0.3,1,uncertainty,False,0.7703933346250726
33_skin,472,KNN,0.3,2,uncertainty,False,0.7167457857004456
33_skin,461,KNN,0.3,3,uncertainty,False,0.8049796551055998
33_skin,459,KNN,0.3,4,uncertainty,False,0.739827552799845
33_skin,397,KNN,0.3,0,anomalous,True,0.961804882774656
33_skin,404,KNN,0.3,1,anomalous,True,0.9234160046502616
33_skin,399,KNN,0.3,2,anomalous,True,0.9131466770005812
33_skin,394,KNN,0.3,3,anomalous,True,0.955774074791707
33_skin,396,KNN,0.3,4,anomalous,True,0.9299069947684556
33_skin,452,KNN,0.3,0,anomalous,False,0.7509688044952528
33_skin,453,KNN,0.3,1,anomalous,False,0.8031631466770006
33_skin,456,KNN,0.3,2,anomalous,False,0.7421284634760705
33_skin,450,KNN,0.3,3,anomalous,False,0.8128027514047665
33_skin,449,KNN,0.3,4,anomalous,False,0.7426370858360783
33_skin,396,KNN,0.3,0,clusters,True,0.962628366595621
33_skin,396,KNN,0.3,1,clusters,True,0.9405880643286184
33_skin,399,KNN,0.3,2,clusters,True,0.9152538267777562
33_skin,396,KNN,0.3,3,clusters,True,0.9524074791707032
33_skin,395,KNN,0.3,4,clusters,True,0.9329587289285024
33_skin,463,KNN,0.3,0,clusters,False,0.7580168571982174
33_skin,464,KNN,0.3,1,clusters,False,0.7815345863204806
33_skin,467,KNN,0.3,2,clusters,False,0.73222243751211
33_skin,463,KNN,0.3,3,clusters,False,0.8156607246657624
33_skin,461,KNN,0.3,4,clusters,False,0.7465123038170898
33_skin,389,IForest,0.3,0,random,True,0.9170945553187368
33_skin,385,IForest,0.3,1,random,True,0.894133888781244
33_skin,385,IForest,0.3,2,random,True,0.8948362720403022
33_skin,391,IForest,0.3,3,random,True,0.8772040302267001
33_skin,383,IForest,0.3,4,random,True,0.8932135245107536
33_skin,470,IForest,0.3,0,random,False,0.7395853516760318
33_skin,469,IForest,0.3,1,random,False,0.7459794613447006
33_skin,472,IForest,0.3,2,random,False,0.6888199961247821
33_skin,470,IForest,0.3,3,random,False,0.719627979073823
33_skin,469,IForest,0.3,4,random,False,0.7509688044952528
33_skin,395,IForest,0.3,0,uncertainty,True,0.9099980623910096
33_skin,392,IForest,0.3,1,uncertainty,True,0.8958535167603177
33_skin,397,IForest,0.3,2,uncertainty,True,0.8706888199961247
33_skin,396,IForest,0.3,3,uncertainty,True,0.8747335787638054
33_skin,399,IForest,0.3,4,uncertainty,True,0.8908399534973842
33_skin,467,IForest,0.3,0,uncertainty,False,0.7793789963185429
33_skin,475,IForest,0.3,1,uncertainty,False,0.7350561906607247
33_skin,472,IForest,0.3,2,uncertainty,False,0.6976845572563457
33_skin,472,IForest,0.3,3,uncertainty,False,0.6926225537686495
33_skin,470,IForest,0.3,4,uncertainty,False,0.799651230381709
33_skin,396,IForest,0.3,0,anomalous,True,0.9122747529548536
33_skin,394,IForest,0.3,1,anomalous,True,0.8760414648323969
33_skin,401,IForest,0.3,2,anomalous,True,0.8788752179810113
33_skin,398,IForest,0.3,3,anomalous,True,0.8985661693470257
33_skin,398,IForest,0.3,4,anomalous,True,0.8826051152877349
33_skin,465,IForest,0.3,0,anomalous,False,0.7455192792094556
33_skin,471,IForest,0.3,1,anomalous,False,0.7247142026739004
33_skin,472,IForest,0.3,2,anomalous,False,0.6718901375702383
33_skin,467,IForest,0.3,3,anomalous,False,0.6932280565781824
33_skin,466,IForest,0.3,4,anomalous,False,0.7442113931408642
33_skin,396,IForest,0.3,0,clusters,True,0.9176031776787444
33_skin,396,IForest,0.3,1,clusters,True,0.8826293354001162
33_skin,399,IForest,0.3,2,clusters,True,0.881248788994381
33_skin,396,IForest,0.3,3,clusters,True,0.8849786863011045
33_skin,395,IForest,0.3,4,clusters,True,0.8915181166440612
33_skin,463,IForest,0.3,0,clusters,False,0.7739779112575083
33_skin,464,IForest,0.3,1,clusters,False,0.7640961054059292
33_skin,467,IForest,0.3,2,clusters,False,0.6994526254601822
33_skin,463,IForest,0.3,3,clusters,False,0.7278143770587095
33_skin,461,IForest,0.3,4,clusters,False,0.7874200736291417
33_skin,394,KNN,0.45,0,random,True,0.9644206549118388
33_skin,391,KNN,0.45,1,random,True,0.9409271459019568
33_skin,395,KNN,0.45,2,random,True,0.9282842472389072
33_skin,396,KNN,0.45,3,random,True,0.9494041852354196
33_skin,387,KNN,0.45,4,random,True,0.9313117612865724
33_skin,450,KNN,0.45,0,random,False,0.8011528773493509
33_skin,458,KNN,0.45,1,random,False,0.7906413485758574
33_skin,457,KNN,0.45,2,random,False,0.738931408641736
33_skin,450,KNN,0.45,3,random,False,0.8383549699670606
33_skin,455,KNN,0.45,4,random,False,0.7648953691145126
33_skin,397,KNN,0.45,0,uncertainty,True,0.961804882774656
33_skin,395,KNN,0.45,1,uncertainty,True,0.9405880643286184
33_skin,397,KNN,0.45,2,uncertainty,True,0.9226651811664406
33_skin,394,KNN,0.45,3,uncertainty,True,0.955774074791707
33_skin,396,KNN,0.45,4,uncertainty,True,0.9299069947684556
33_skin,445,KNN,0.45,0,uncertainty,False,0.7928453788025577
33_skin,454,KNN,0.45,1,uncertainty,False,0.7917554737453981
33_skin,452,KNN,0.45,2,uncertainty,False,0.7409174578570046
33_skin,444,KNN,0.45,3,uncertainty,False,0.830241232319318
33_skin,446,KNN,0.45,4,uncertainty,False,0.7523493509009882
33_skin,397,KNN,0.45,0,anomalous,True,0.961804882774656
33_skin,396,KNN,0.45,1,anomalous,True,0.9405880643286184
33_skin,397,KNN,0.45,2,anomalous,True,0.9226651811664406
33_skin,394,KNN,0.45,3,anomalous,True,0.955774074791707
33_skin,396,KNN,0.45,4,anomalous,True,0.9299069947684556
33_skin,420,KNN,0.45,0,anomalous,False,0.8555996899825615
33_skin,419,KNN,0.45,1,anomalous,False,0.8463233869405155
33_skin,417,KNN,0.45,2,anomalous,False,0.8041077310598721
33_skin,415,KNN,0.45,3,anomalous,False,0.877639992249564
33_skin,408,KNN,0.45,4,anomalous,False,0.8594022476264289
33_skin,397,KNN,0.45,0,clusters,True,0.961804882774656
33_skin,395,KNN,0.45,1,clusters,True,0.946134470063941
33_skin,397,KNN,0.45,2,clusters,True,0.9226651811664406
33_skin,394,KNN,0.45,3,clusters,True,0.955774074791707
33_skin,397,KNN,0.45,4,clusters,True,0.9282842472389072
33_skin,441,KNN,0.45,0,clusters,False,0.8060453400503778
33_skin,437,KNN,0.45,1,clusters,False,0.8263660143383066
33_skin,440,KNN,0.45,2,clusters,False,0.7667360976554931
33_skin,438,KNN,0.45,3,clusters,False,0.8445068785119163
33_skin,436,KNN,0.45,4,clusters,False,0.7818494477814377
33_skin,394,IForest,0.45,0,random,True,0.9192017050959116
33_skin,391,IForest,0.45,1,random,True,0.9033617515985274
33_skin,395,IForest,0.45,2,random,True,0.879068978880062
33_skin,396,IForest,0.45,3,random,True,0.8931408641736097
33_skin,387,IForest,0.45,4,random,True,0.8863350125944585
33_skin,450,IForest,0.45,0,random,False,0.8149099011819414
33_skin,458,IForest,0.45,1,random,False,0.7878560356520055
33_skin,457,IForest,0.45,2,random,False,0.7203061422204999
33_skin,450,IForest,0.45,3,random,False,0.7673416004650262
33_skin,455,IForest,0.45,4,random,False,0.7747287347413291
33_skin,396,IForest,0.45,0,uncertainty,True,0.9123958535167604
33_skin,391,IForest,0.45,1,uncertainty,True,0.8945456306917264
33_skin,396,IForest,0.45,2,uncertainty,True,0.8884663824840148
33_skin,396,IForest,0.45,3,uncertainty,True,0.8889265646192598
33_skin,398,IForest,0.45,4,uncertainty,True,0.883816120906801
33_skin,453,IForest,0.45,0,uncertainty,False,0.7881466770005814
33_skin,456,IForest,0.45,1,uncertainty,False,0.7555464057353225
33_skin,458,IForest,0.45,2,uncertainty,False,0.7390525092036427
33_skin,457,IForest,0.45,3,uncertainty,False,0.7379141639217206
33_skin,454,IForest,0.45,4,uncertainty,False,0.7757217593489635
33_skin,397,IForest,0.45,0,anomalous,True,0.9066799069947684
33_skin,396,IForest,0.45,1,anomalous,True,0.8920267390040689
33_skin,397,IForest,0.45,2,anomalous,True,0.8795049409029257
33_skin,394,IForest,0.45,3,anomalous,True,0.8938674675450494
33_skin,397,IForest,0.45,4,anomalous,True,0.8856568494477814
33_skin,423,IForest,0.45,0,anomalous,False,0.855405929083511
33_skin,435,IForest,0.45,1,anomalous,False,0.7719434218174772
33_skin,442,IForest,0.45,2,anomalous,False,0.7322950978492541
33_skin,428,IForest,0.45,3,anomalous,False,0.7999176516179034
33_skin,424,IForest,0.45,4,anomalous,False,0.8263175741135439
33_skin,397,IForest,0.45,0,clusters,True,0.9098043014919588
33_skin,395,IForest,0.45,1,clusters,True,0.8924384809145516
33_skin,397,IForest,0.45,2,clusters,True,0.890137570238326
33_skin,394,IForest,0.45,3,clusters,True,0.8772282503390816
33_skin,397,IForest,0.45,4,clusters,True,0.8813941096686689
33_skin,441,IForest,0.45,0,clusters,False,0.8280856423173804
33_skin,437,IForest,0.45,1,clusters,False,0.7917796938577795
33_skin,440,IForest,0.45,2,clusters,False,0.753608796744817
33_skin,438,IForest,0.45,3,clusters,False,0.8060937802751404
33_skin,436,IForest,0.45,4,clusters,False,0.8220790544468126
33_skin,396,KNN,0.7,0,random,True,0.962628366595621
33_skin,394,KNN,0.7,1,random,True,0.93896531679907
33_skin,395,KNN,0.7,2,random,True,0.9260559968998257
33_skin,393,KNN,0.7,3,random,True,0.9526496802945168
33_skin,388,KNN,0.7,4,random,True,0.930149195892269
33_skin,426,KNN,0.7,0,random,False,0.8544129044758768
33_skin,427,KNN,0.7,1,random,False,0.8405105599689983
33_skin,427,KNN,0.7,2,random,False,0.784440999806239
33_skin,427,KNN,0.7,3,random,False,0.8779064134857586
33_skin,425,KNN,0.7,4,random,False,0.818930439837241
33_skin,397,KNN,0.7,0,uncertainty,True,0.961804882774656
33_skin,396,KNN,0.7,1,uncertainty,True,0.9405880643286184
33_skin,397,KNN,0.7,2,uncertainty,True,0.9226651811664406
33_skin,394,KNN,0.7,3,uncertainty,True,0.955774074791707
33_skin,396,KNN,0.7,4,uncertainty,True,0.9299069947684556
33_skin,426,KNN,0.7,0,uncertainty,False,0.8367080023251308
33_skin,427,KNN,0.7,1,uncertainty,False,0.846662468513854
33_skin,418,KNN,0.7,2,uncertainty,False,0.819390621972486
33_skin,426,KNN,0.7,3,uncertainty,False,0.8608796744816897
33_skin,425,KNN,0.7,4,uncertainty,False,0.8018794807207905
33_skin,397,KNN,0.7,0,anomalous,True,0.961804882774656
33_skin,396,KNN,0.7,1,anomalous,True,0.9405880643286184
33_skin,397,KNN,0.7,2,anomalous,True,0.9226651811664406
33_skin,394,KNN,0.7,3,anomalous,True,0.955774074791707
33_skin,396,KNN,0.7,4,anomalous,True,0.9299069947684556
33_skin,396,KNN,0.7,0,anomalous,False,0.963379190079442
33_skin,402,KNN,0.7,1,anomalous,False,0.9025140476651812
33_skin,401,KNN,0.7,2,anomalous,False,0.8792627397791125
33_skin,396,KNN,0.7,3,anomalous,False,0.9526496802945166
33_skin,396,KNN,0.7,4,anomalous,False,0.9316508428599108
33_skin,397,KNN,0.7,0,clusters,True,0.961804882774656
33_skin,396,KNN,0.7,1,clusters,True,0.9405880643286184
33_skin,397,KNN,0.7,2,clusters,True,0.9226651811664406
33_skin,394,KNN,0.7,3,clusters,True,0.955774074791707
33_skin,396,KNN,0.7,4,clusters,True,0.9299069947684556
33_skin,407,KNN,0.7,0,clusters,False,0.9286717690370084
33_skin,412,KNN,0.7,1,clusters,False,0.876211005619066
33_skin,409,KNN,0.7,2,clusters,False,0.8536136407672932
33_skin,408,KNN,0.7,3,clusters,False,0.9052509203642706
33_skin,410,KNN,0.7,4,clusters,False,0.8633016857198217
33_skin,396,IForest,0.7,0,random,True,0.9246754504940904
33_skin,394,IForest,0.7,1,random,True,0.8814425498934314
33_skin,395,IForest,0.7,2,random,True,0.8841794225925208
33_skin,393,IForest,0.7,3,random,True,0.8998982755279984
33_skin,388,IForest,0.7,4,random,True,0.8951753536136408
33_skin,426,IForest,0.7,0,random,False,0.8443615578376283
33_skin,427,IForest,0.7,1,random,False,0.8390331331137376
33_skin,427,IForest,0.7,2,random,False,0.791658593295873
33_skin,427,IForest,0.7,3,random,False,0.8162662274752954
33_skin,425,IForest,0.7,4,random,False,0.8205774074791707
33_skin,397,IForest,0.7,0,uncertainty,True,0.9085448556481304
33_skin,390,IForest,0.7,1,uncertainty,True,0.9029742298004264
33_skin,396,IForest,0.7,2,uncertainty,True,0.8874006975392366
33_skin,394,IForest,0.7,3,uncertainty,True,0.898202867661306
33_skin,395,IForest,0.7,4,uncertainty,True,0.890815733385003
33_skin,427,IForest,0.7,0,uncertainty,False,0.8629626041464833
33_skin,425,IForest,0.7,1,uncertainty,False,0.8256151908544855
33_skin,418,IForest,0.7,2,uncertainty,False,0.8075712071304011
33_skin,429,IForest,0.7,3,uncertainty,False,0.7724036039527223
33_skin,430,IForest,0.7,4,uncertainty,False,0.8347219531098625
33_skin,397,IForest,0.7,0,anomalous,True,0.9096347607052896
33_skin,396,IForest,0.7,1,anomalous,True,0.8878366595621004
33_skin,397,IForest,0.7,2,anomalous,True,0.8619453594264678
33_skin,394,IForest,0.7,3,anomalous,True,0.9053962410385584
33_skin,396,IForest,0.7,4,anomalous,True,0.8898227087773688
33_skin,396,IForest,0.7,0,anomalous,False,0.9126138345281922
33_skin,405,IForest,0.7,1,anomalous,False,0.8685332299941873
33_skin,396,IForest,0.7,2,anomalous,False,0.8869162952916102
33_skin,396,IForest,0.7,3,anomalous,False,0.8909610540592908
33_skin,396,IForest,0.7,4,anomalous,False,0.8877882193373376
33_skin,397,IForest,0.7,0,clusters,True,0.9156413485758574
33_skin,396,IForest,0.7,1,clusters,True,0.8986630497965511
33_skin,397,IForest,0.7,2,clusters,True,0.8598382096492928
33_skin,394,IForest,0.7,3,clusters,True,0.8992201123813215
33_skin,396,IForest,0.7,4,clusters,True,0.8774220112381321
33_skin,407,IForest,0.7,0,clusters,False,0.8896531679906995
33_skin,412,IForest,0.7,1,clusters,False,0.8609281147064523
33_skin,409,IForest,0.7,2,clusters,False,0.854049602790157
33_skin,408,IForest,0.7,3,clusters,False,0.8654088354969967
33_skin,410,IForest,0.7,4,clusters,False,0.8704708389846929
33_skin,397,KNN,1.0,0,random,True,0.961804882774656
33_skin,396,KNN,1.0,1,random,True,0.9405880643286184
33_skin,397,KNN,1.0,2,random,True,0.9226651811664406
33_skin,394,KNN,1.0,3,random,True,0.955774074791707
33_skin,396,KNN,1.0,4,random,True,0.9299069947684556
33_skin,396,KNN,1.0,0,random,False,0.963379190079442
33_skin,396,KNN,1.0,1,random,False,0.9444148420848671
33_skin,396,KNN,1.0,2,random,False,0.9298827746560744
33_skin,396,KNN,1.0,3,random,False,0.9526496802945166
33_skin,396,KNN,1.0,4,random,False,0.9316508428599108
33_skin,397,KNN,1.0,0,uncertainty,True,0.961804882774656
33_skin,396,KNN,1.0,1,uncertainty,True,0.9405880643286184
33_skin,397,KNN,1.0,2,uncertainty,True,0.9226651811664406
33_skin,394,KNN,1.0,3,uncertainty,True,0.955774074791707
33_skin,396,KNN,1.0,4,uncertainty,True,0.9299069947684556
33_skin,396,KNN,1.0,0,uncertainty,False,0.963379190079442
33_skin,396,KNN,1.0,1,uncertainty,False,0.9444148420848671
33_skin,396,KNN,1.0,2,uncertainty,False,0.9298827746560744
33_skin,396,KNN,1.0,3,uncertainty,False,0.9526496802945166
33_skin,396,KNN,1.0,4,uncertainty,False,0.9316508428599108
33_skin,397,KNN,1.0,0,anomalous,True,0.961804882774656
33_skin,396,KNN,1.0,1,anomalous,True,0.9405880643286184
33_skin,397,KNN,1.0,2,anomalous,True,0.9226651811664406
33_skin,394,KNN,1.0,3,anomalous,True,0.955774074791707
33_skin,396,KNN,1.0,4,anomalous,True,0.9299069947684556
33_skin,396,KNN,1.0,0,anomalous,False,0.963379190079442
33_skin,396,KNN,1.0,1,anomalous,False,0.9444148420848671
33_skin,396,KNN,1.0,2,anomalous,False,0.9298827746560744
33_skin,396,KNN,1.0,3,anomalous,False,0.9526496802945166
33_skin,396,KNN,1.0,4,anomalous,False,0.9316508428599108
33_skin,397,KNN,1.0,0,clusters,True,0.961804882774656
33_skin,396,KNN,1.0,1,clusters,True,0.9405880643286184
33_skin,397,KNN,1.0,2,clusters,True,0.9226651811664406
33_skin,394,KNN,1.0,3,clusters,True,0.955774074791707
33_skin,396,KNN,1.0,4,clusters,True,0.9299069947684556
33_skin,396,KNN,1.0,0,clusters,False,0.963379190079442
33_skin,396,KNN,1.0,1,clusters,False,0.9444148420848671
33_skin,396,KNN,1.0,2,clusters,False,0.9298827746560744
33_skin,396,KNN,1.0,3,clusters,False,0.9526496802945166
33_skin,396,KNN,1.0,4,clusters,False,0.9316508428599108
33_skin,397,IForest,1.0,0,random,True,0.9095621003681456
33_skin,396,IForest,1.0,1,random,True,0.8925111412516954
33_skin,397,IForest,1.0,2,random,True,0.8887570238325905
33_skin,394,IForest,1.0,3,random,True,0.8879093198992443
33_skin,396,IForest,1.0,4,random,True,0.8787298973067235
33_skin,396,IForest,1.0,0,random,False,0.9094167796938578
33_skin,396,IForest,1.0,1,random,False,0.8857537298973068
33_skin,396,IForest,1.0,2,random,False,0.895562875411742
33_skin,396,IForest,1.0,3,random,False,0.8889750048440225
33_skin,396,IForest,1.0,4,random,False,0.8977184654136795
33_skin,397,IForest,1.0,0,uncertainty,True,0.9088112768843246
33_skin,396,IForest,1.0,1,uncertainty,True,0.8852935477620616
33_skin,397,IForest,1.0,2,uncertainty,True,0.882919976748692
33_skin,394,IForest,1.0,3,uncertainty,True,0.8868436349544663
33_skin,396,IForest,1.0,4,uncertainty,True,0.8843974036039527
33_skin,396,IForest,1.0,0,uncertainty,False,0.912226312730091
33_skin,396,IForest,1.0,1,uncertainty,False,0.8886843634954465
33_skin,396,IForest,1.0,2,uncertainty,False,0.8753875217981011
33_skin,396,IForest,1.0,3,uncertainty,False,0.8993896531679907
33_skin,396,IForest,1.0,4,uncertainty,False,0.8893625266421236
33_skin,397,IForest,1.0,0,anomalous,True,0.9107731059872116
33_skin,396,IForest,1.0,1,anomalous,True,0.8815394303429567
33_skin,397,IForest,1.0,2,anomalous,True,0.8832832784344119
33_skin,394,IForest,1.0,3,anomalous,True,0.894448750242201
33_skin,396,IForest,1.0,4,anomalous,True,0.8838403410191823
33_skin,396,IForest,1.0,0,anomalous,False,0.9175789575663632
33_skin,396,IForest,1.0,1,anomalous,False,0.8822660337143965
33_skin,396,IForest,1.0,2,anomalous,False,0.8799166828134083
33_skin,396,IForest,1.0,3,anomalous,False,0.8893625266421237
33_skin,396,IForest,1.0,4,anomalous,False,0.8906219724859523
33_skin,397,IForest,1.0,0,clusters,True,0.9102887037395854
33_skin,396,IForest,1.0,1,clusters,True,0.8879093198992443
33_skin,397,IForest,1.0,2,clusters,True,0.8696231350513466
33_skin,394,IForest,1.0,3,clusters,True,0.8963621391203255
33_skin,396,IForest,1.0,4,clusters,True,0.8867225343925595
33_skin,396,IForest,1.0,0,clusters,False,0.9150600658787056
33_skin,396,IForest,1.0,1,clusters,False,0.8964105793450882
33_skin,396,IForest,1.0,2,clusters,False,0.8832832784344119
33_skin,396,IForest,1.0,3,clusters,False,0.8940612284441
33_skin,396,IForest,1.0,4,clusters,False,0.8882241813602015
11_donors,500,KNN,0.0,0,random,True,0.7249823071479122
11_donors,500,KNN,0.0,1,random,True,0.7301132342533616
11_donors,500,KNN,0.0,2,random,True,0.8168789808917197
11_donors,500,KNN,0.0,3,random,True,0.729511677282378
11_donors,500,KNN,0.0,4,random,True,0.7643312101910829
11_donors,500,KNN,0.0,0,random,False,0.7249823071479122
11_donors,500,KNN,0.0,1,random,False,0.7301132342533616
11_donors,500,KNN,0.0,2,random,False,0.8168789808917197
11_donors,500,KNN,0.0,3,random,False,0.729511677282378
11_donors,500,KNN,0.0,4,random,False,0.7643312101910829
11_donors,500,KNN,0.0,0,uncertainty,True,0.7249823071479122
11_donors,500,KNN,0.0,1,uncertainty,True,0.7301132342533616
11_donors,500,KNN,0.0,2,uncertainty,True,0.8168789808917197
11_donors,500,KNN,0.0,3,uncertainty,True,0.729511677282378
11_donors,500,KNN,0.0,4,uncertainty,True,0.7643312101910829
11_donors,500,KNN,0.0,0,uncertainty,False,0.7249823071479122
11_donors,500,KNN,0.0,1,uncertainty,False,0.7301132342533616
11_donors,500,KNN,0.0,2,uncertainty,False,0.8168789808917197
11_donors,500,KNN,0.0,3,uncertainty,False,0.729511677282378
11_donors,500,KNN,0.0,4,uncertainty,False,0.7643312101910829
11_donors,500,KNN,0.0,0,anomalous,True,0.7249823071479122
11_donors,500,KNN,0.0,1,anomalous,True,0.7301132342533616
11_donors,500,KNN,0.0,2,anomalous,True,0.8168789808917197
11_donors,500,KNN,0.0,3,anomalous,True,0.729511677282378
11_donors,500,KNN,0.0,4,anomalous,True,0.7643312101910829
11_donors,500,KNN,0.0,0,anomalous,False,0.7249823071479122
11_donors,500,KNN,0.0,1,anomalous,False,0.7301132342533616
11_donors,500,KNN,0.0,2,anomalous,False,0.8168789808917197
11_donors,500,KNN,0.0,3,anomalous,False,0.729511677282378
11_donors,500,KNN,0.0,4,anomalous,False,0.7643312101910829
11_donors,500,KNN,0.0,0,clusters,True,0.7249823071479122
11_donors,500,KNN,0.0,1,clusters,True,0.7301132342533616
11_donors,500,KNN,0.0,2,clusters,True,0.8168789808917197
11_donors,500,KNN,0.0,3,clusters,True,0.729511677282378
11_donors,500,KNN,0.0,4,clusters,True,0.7643312101910829
11_donors,500,KNN,0.0,0,clusters,False,0.7249823071479122
11_donors,500,KNN,0.0,1,clusters,False,0.7301132342533616
11_donors,500,KNN,0.0,2,clusters,False,0.8168789808917197
11_donors,500,KNN,0.0,3,clusters,False,0.729511677282378
11_donors,500,KNN,0.0,4,clusters,False,0.7643312101910829
11_donors,500,IForest,0.0,0,random,True,0.7560509554140127
11_donors,500,IForest,0.0,1,random,True,0.734961075725407
11_donors,500,IForest,0.0,2,random,True,0.8013446567586695
11_donors,500,IForest,0.0,3,random,True,0.7939844302901629
11_donors,500,IForest,0.0,4,random,True,0.7741684359518755
11_donors,500,IForest,0.0,0,random,False,0.7675159235668789
11_donors,500,IForest,0.0,1,random,False,0.7450813871196037
11_donors,500,IForest,0.0,2,random,False,0.8031847133757961
11_donors,500,IForest,0.0,3,random,False,0.7214437367303609
11_donors,500,IForest,0.0,4,random,False,0.7626326963906582
11_donors,500,IForest,0.0,0,uncertainty,True,0.7451521585279547
11_donors,500,IForest,0.0,1,uncertainty,True,0.7527954706298654
11_donors,500,IForest,0.0,2,uncertainty,True,0.8117480537862704
11_donors,500,IForest,0.0,3,uncertainty,True,0.7601556970983723
11_donors,500,IForest,0.0,4,uncertainty,True,0.765038924274593
11_donors,500,IForest,0.0,0,uncertainty,False,0.7421089879688605
11_donors,500,IForest,0.0,1,uncertainty,False,0.7070771408351026
11_donors,500,IForest,0.0,2,uncertainty,False,0.7976645435244161
11_donors,500,IForest,0.0,3,uncertainty,False,0.7929936305732483
11_donors,500,IForest,0.0,4,uncertainty,False,0.7372965322009908
11_donors,500,IForest,0.0,0,anomalous,True,0.7542108987968861
11_donors,500,IForest,0.0,1,anomalous,True,0.7291578202406228
11_donors,500,IForest,0.0,2,anomalous,True,0.8087048832271763
11_donors,500,IForest,0.0,3,anomalous,True,0.7477707006369427
11_donors,500,IForest,0.0,4,anomalous,True,0.7721160651096957
11_donors,500,IForest,0.0,0,anomalous,False,0.7354564755838642
11_donors,500,IForest,0.0,1,anomalous,False,0.7503892427459307
11_donors,500,IForest,0.0,2,anomalous,False,0.8044585987261146
11_donors,500,IForest,0.0,3,anomalous,False,0.7496107572540693
11_donors,500,IForest,0.0,4,anomalous,False,0.748832271762208
11_donors,500,IForest,0.0,0,clusters,True,0.7467799009200282
11_donors,500,IForest,0.0,1,clusters,True,0.7418966737438075
11_donors,500,IForest,0.0,2,clusters,True,0.8176928520877567
11_donors,500,IForest,0.0,3,clusters,True,0.7385704175513093
11_donors,500,IForest,0.0,4,clusters,True,0.7818825194621373
11_donors,500,IForest,0.0,0,clusters,False,0.7277423920736023
11_donors,500,IForest,0.0,1,clusters,False,0.6878980891719746
11_donors,500,IForest,0.0,2,clusters,False,0.810544939844303
11_donors,500,IForest,0.0,3,clusters,False,0.7655343241330503
11_donors,500,IForest,0.0,4,clusters,False,0.7599433828733192
11_donors,500,KNN,0.004,0,random,True,0.7249823071479122
11_donors,500,KNN,0.004,1,random,True,0.7301132342533616
11_donors,500,KNN,0.004,2,random,True,0.8168789808917197
11_donors,500,KNN,0.004,3,random,True,0.729511677282378
11_donors,500,KNN,0.004,4,random,True,0.7643312101910829
11_donors,500,KNN,0.004,0,random,False,0.7249823071479122
11_donors,500,KNN,0.004,1,random,False,0.7301132342533616
11_donors,500,KNN,0.004,2,random,False,0.8168789808917197
11_donors,500,KNN,0.004,3,random,False,0.729511677282378
11_donors,500,KNN,0.004,4,random,False,0.7643312101910829
11_donors,500,KNN,0.004,0,uncertainty,True,0.7249823071479122
11_donors,500,KNN,0.004,1,uncertainty,True,0.7301132342533616
11_donors,500,KNN,0.004,2,uncertainty,True,0.8168789808917197
11_donors,500,KNN,0.004,3,uncertainty,True,0.729511677282378
11_donors,500,KNN,0.004,4,uncertainty,True,0.7643312101910829
11_donors,500,KNN,0.004,0,uncertainty,False,0.7249823071479122
11_donors,500,KNN,0.004,1,uncertainty,False,0.7301132342533616
11_donors,500,KNN,0.004,2,uncertainty,False,0.8168789808917197
11_donors,500,KNN,0.004,3,uncertainty,False,0.729511677282378
11_donors,500,KNN,0.004,4,uncertainty,False,0.7643312101910829
11_donors,500,KNN,0.004,0,anomalous,True,0.7249823071479122
11_donors,500,KNN,0.004,1,anomalous,True,0.7301132342533616
11_donors,500,KNN,0.004,2,anomalous,True,0.8168789808917197
11_donors,363,KNN,0.004,3,anomalous,True,0.694621372965322
11_donors,500,KNN,0.004,4,anomalous,True,0.7643312101910829
11_donors,500,KNN,0.004,0,anomalous,False,0.7249823071479122
11_donors,500,KNN,0.004,1,anomalous,False,0.7301132342533616
11_donors,500,KNN,0.004,2,anomalous,False,0.8168789808917197
11_donors,499,KNN,0.004,3,anomalous,False,0.7293701344656759
11_donors,500,KNN,0.004,4,anomalous,False,0.7643312101910829
11_donors,500,KNN,0.004,0,clusters,True,0.7249823071479122
11_donors,500,KNN,0.004,1,clusters,True,0.7301132342533616
11_donors,500,KNN,0.004,2,clusters,True,0.8168789808917197
11_donors,500,KNN,0.004,3,clusters,True,0.729511677282378
11_donors,500,KNN,0.004,4,clusters,True,0.7643312101910829
11_donors,500,KNN,0.004,0,clusters,False,0.7249823071479122
11_donors,500,KNN,0.004,1,clusters,False,0.7301132342533616
11_donors,500,KNN,0.004,2,clusters,False,0.8168789808917197
11_donors,500,KNN,0.004,3,clusters,False,0.729511677282378
11_donors,500,KNN,0.004,4,clusters,False,0.7643312101910829
11_donors,500,IForest,0.004,0,random,True,0.7234253361641897
11_donors,500,IForest,0.004,1,random,True,0.7382165605095541
11_donors,500,IForest,0.004,2,random,True,0.7605095541401274
11_donors,500,IForest,0.004,3,random,True,0.7423920736022648
11_donors,500,IForest,0.004,4,random,True,0.7573248407643312
11_donors,500,IForest,0.004,0,random,False,0.7561924982307149
11_donors,500,IForest,0.004,1,random,False,0.7016277423920736
11_donors,500,IForest,0.004,2,random,False,0.7915074309978769
11_donors,500,IForest,0.004,3,random,False,0.7547770700636942
11_donors,500,IForest,0.004,4,random,False,0.780962491153574
11_donors,286,IForest,0.004,0,uncertainty,True,0.8550601556970984
11_donors,500,IForest,0.004,1,uncertainty,True,0.7280254777070063
11_donors,500,IForest,0.004,2,uncertainty,True,0.813658881811748
11_donors,500,IForest,0.004,3,uncertainty,True,0.756900212314225
11_donors,500,IForest,0.004,4,uncertainty,True,0.7525123849964614
11_donors,499,IForest,0.004,0,uncertainty,False,0.7491861288039632
11_donors,500,IForest,0.004,1,uncertainty,False,0.7444444444444445
11_donors,500,IForest,0.004,2,uncertainty,False,0.8016985138004247
11_donors,500,IForest,0.004,3,uncertainty,False,0.7634819532908705
11_donors,500,IForest,0.004,4,uncertainty,False,0.7606510969568294
11_donors,500,IForest,0.004,0,anomalous,True,0.753927813163482
11_donors,376,IForest,0.004,1,anomalous,True,0.7894550601556971
11_donors,174,IForest,0.004,2,anomalous,True,0.6261146496815286
11_donors,500,IForest,0.004,3,anomalous,True,0.7503892427459307
11_donors,500,IForest,0.004,4,anomalous,True,0.7453644727530078
11_donors,499,IForest,0.004,0,anomalous,False,0.7265392781316349
11_donors,499,IForest,0.004,1,anomalous,False,0.732342533616419
11_donors,499,IForest,0.004,2,anomalous,False,0.8128096249115357
11_donors,498,IForest,0.004,3,anomalous,False,0.7680820948336873
11_donors,499,IForest,0.004,4,anomalous,False,0.7530077848549186
11_donors,500,IForest,0.004,0,clusters,True,0.740622788393489
11_donors,500,IForest,0.004,1,clusters,True,0.7374380750176928
11_donors,500,IForest,0.004,2,clusters,True,0.7933474876150035
11_donors,500,IForest,0.004,3,clusters,True,0.7227176220806795
11_donors,500,IForest,0.004,4,clusters,True,0.7765038924274593
11_donors,500,IForest,0.004,0,clusters,False,0.7462137296532201
11_donors,500,IForest,0.004,1,clusters,False,0.7393489030431706
11_donors,500,IForest,0.004,2,clusters,False,0.8252653927813163
11_donors,500,IForest,0.004,3,clusters,False,0.7586694975230007
11_donors,500,IForest,0.004,4,clusters,False,0.7781316348195328
11_donors,500,KNN,0.006,0,random,True,0.7249823071479122
11_donors,500,KNN,0.006,1,random,True,0.7301132342533616
11_donors,500,KNN,0.006,2,random,True,0.8168789808917197
11_donors,500,KNN,0.006,3,random,True,0.729511677282378
11_donors,500,KNN,0.006,4,random,True,0.7643312101910829
11_donors,500,KNN,0.006,0,random,False,0.7249823071479122
11_donors,500,KNN,0.006,1,random,False,0.7301132342533616
11_donors,500,KNN,0.006,2,random,False,0.8168789808917197
11_donors,500,KNN,0.006,3,random,False,0.729511677282378
11_donors,500,KNN,0.006,4,random,False,0.7643312101910829
11_donors,500,KNN,0.006,0,uncertainty,True,0.7249823071479122
11_donors,500,KNN,0.006,1,uncertainty,True,0.7301132342533616
11_donors,500,KNN,0.006,2,uncertainty,True,0.8168789808917197
11_donors,500,KNN,0.006,3,uncertainty,True,0.729511677282378
11_donors,500,KNN,0.006,4,uncertainty,True,0.7643312101910829
11_donors,500,KNN,0.006,0,uncertainty,False,0.7249823071479122
11_donors,500,KNN,0.006,1,uncertainty,False,0.7301132342533616
11_donors,500,KNN,0.006,2,uncertainty,False,0.8168789808917197
11_donors,500,KNN,0.006,3,uncertainty,False,0.729511677282378
11_donors,500,KNN,0.006,4,uncertainty,False,0.7643312101910829
11_donors,500,KNN,0.006,0,anomalous,True,0.7249823071479122
11_donors,500,KNN,0.006,1,anomalous,True,0.7301132342533616
11_donors,500,KNN,0.006,2,anomalous,True,0.8168789808917197
11_donors,470,KNN,0.006,3,anomalous,True,0.7303963198867658
11_donors,500,KNN,0.006,4,anomalous,True,0.7643312101910829
11_donors,500,KNN,0.006,0,anomalous,False,0.7249823071479122
11_donors,500,KNN,0.006,1,anomalous,False,0.7301132342533616
11_donors,500,KNN,0.006,2,anomalous,False,0.8168789808917197
11_donors,499,KNN,0.006,3,anomalous,False,0.7293701344656759
11_donors,500,KNN,0.006,4,anomalous,False,0.7643312101910829
11_donors,500,KNN,0.006,0,clusters,True,0.7249823071479122
11_donors,500,KNN,0.006,1,clusters,True,0.7301132342533616
11_donors,500,KNN,0.006,2,clusters,True,0.8168789808917197
11_donors,500,KNN,0.006,3,clusters,True,0.729511677282378
11_donors,500,KNN,0.006,4,clusters,True,0.7643312101910829
11_donors,500,KNN,0.006,0,clusters,False,0.7249823071479122
11_donors,500,KNN,0.006,1,clusters,False,0.7301132342533616
11_donors,500,KNN,0.006,2,clusters,False,0.8168789808917197
11_donors,500,KNN,0.006,3,clusters,False,0.729511677282378
11_donors,500,KNN,0.006,4,clusters,False,0.7643312101910829
11_donors,500,IForest,0.006,0,random,True,0.7375088464260439
11_donors,500,IForest,0.006,1,random,True,0.7504600141542817
11_donors,500,IForest,0.006,2,random,True,0.7795470629865535
11_donors,500,IForest,0.006,3,random,True,0.7446567586694975
11_donors,500,IForest,0.006,4,random,True,0.7696390658174097
11_donors,500,IForest,0.006,0,random,False,0.7719037508846426
11_donors,500,IForest,0.006,1,random,False,0.7353857041755132
11_donors,500,IForest,0.006,2,random,False,0.8036093418259024
11_donors,500,IForest,0.006,3,random,False,0.7360226468506723
11_donors,500,IForest,0.006,4,random,False,0.7549186128803964
11_donors,308,IForest,0.006,0,uncertainty,True,0.7369426751592356
11_donors,500,IForest,0.006,1,uncertainty,True,0.7225760792639774
11_donors,500,IForest,0.006,2,uncertainty,True,0.8096249115357396
11_donors,500,IForest,0.006,3,uncertainty,True,0.756617126680821
11_donors,341,IForest,0.006,4,uncertainty,True,0.921726822363765
11_donors,500,IForest,0.006,0,uncertainty,False,0.7311394196744515
11_donors,500,IForest,0.006,1,uncertainty,False,0.7466383581033262
11_donors,499,IForest,0.006,2,uncertainty,False,0.8077140835102619
11_donors,499,IForest,0.006,3,uncertainty,False,0.7574663835810332
11_donors,500,IForest,0.006,4,uncertainty,False,0.7618542108987969
11_donors,500,IForest,0.006,0,anomalous,True,0.7493276716206653
11_donors,419,IForest,0.006,1,anomalous,True,0.8815286624203822
11_donors,265,IForest,0.006,2,anomalous,True,0.8175513092710546
11_donors,112,IForest,0.006,3,anomalous,True,0.9465322009907996
11_donors,400,IForest,0.006,4,anomalous,True,0.9200990799716916
11_donors,498,IForest,0.006,0,anomalous,False,0.7486199575371549
11_donors,499,IForest,0.006,1,anomalous,False,0.767657466383581
11_donors,499,IForest,0.006,2,anomalous,False,0.8229299363057326
11_donors,498,IForest,0.006,3,anomalous,False,0.7474168435951876
11_donors,499,IForest,0.006,4,anomalous,False,0.7775654635527247
11_donors,500,IForest,0.006,0,clusters,True,0.7680820948336873
11_donors,500,IForest,0.006,1,clusters,True,0.7565463552724699
11_donors,500,IForest,0.006,2,clusters,True,0.7912951167728238
11_donors,500,IForest,0.006,3,clusters,True,0.7372257607926398
11_donors,500,IForest,0.006,4,clusters,True,0.7844302901627742
11_donors,500,IForest,0.006,0,clusters,False,0.7397027600849257
11_donors,500,IForest,0.006,1,clusters,False,0.7382873319179051
11_donors,500,IForest,0.006,2,clusters,False,0.7943382873319179
11_donors,500,IForest,0.006,3,clusters,False,0.7598726114649681
11_donors,500,IForest,0.006,4,clusters,False,0.7672328379334749
11_donors,500,KNN,0.008,0,random,True,0.7249823071479122
11_donors,500,KNN,0.008,1,random,True,0.7301132342533616
11_donors,500,KNN,0.008,2,random,True,0.8168789808917197
11_donors,500,KNN,0.008,3,random,True,0.729511677282378
11_donors,500,KNN,0.008,4,random,True,0.7643312101910829
11_donors,500,KNN,0.008,0,random,False,0.7249823071479122
11_donors,500,KNN,0.008,1,random,False,0.7301132342533616
11_donors,500,KNN,0.008,2,random,False,0.8168789808917197
11_donors,500,KNN,0.008,3,random,False,0.729511677282378
11_donors,500,KNN,0.008,4,random,False,0.7643312101910829
11_donors,500,KNN,0.008,0,uncertainty,True,0.7249823071479122
11_donors,500,KNN,0.008,1,uncertainty,True,0.7301132342533616
11_donors,500,KNN,0.008,2,uncertainty,True,0.8168789808917197
11_donors,500,KNN,0.008,3,uncertainty,True,0.729511677282378
11_donors,500,KNN,0.008,4,uncertainty,True,0.7643312101910829
11_donors,500,KNN,0.008,0,uncertainty,False,0.7249823071479122
11_donors,500,KNN,0.008,1,uncertainty,False,0.7301132342533616
11_donors,500,KNN,0.008,2,uncertainty,False,0.8168789808917197
11_donors,500,KNN,0.008,3,uncertainty,False,0.729511677282378
11_donors,500,KNN,0.008,4,uncertainty,False,0.7643312101910829
11_donors,500,KNN,0.008,0,anomalous,True,0.7249823071479122
11_donors,350,KNN,0.008,1,anomalous,True,0.8818825194621372
11_donors,288,KNN,0.008,2,anomalous,True,0.8255484784147205
11_donors,470,KNN,0.008,3,anomalous,True,0.7303963198867658
11_donors,500,KNN,0.008,4,anomalous,True,0.7643312101910829
11_donors,500,KNN,0.008,0,anomalous,False,0.7249823071479122
11_donors,499,KNN,0.008,1,anomalous,False,0.7301132342533616
11_donors,499,KNN,0.008,2,anomalous,False,0.8179051663128096
11_donors,499,KNN,0.008,3,anomalous,False,0.7293701344656759
11_donors,500,KNN,0.008,4,anomalous,False,0.7643312101910829
11_donors,500,KNN,0.008,0,clusters,True,0.7249823071479122
11_donors,500,KNN,0.008,1,clusters,True,0.7301132342533616
11_donors,500,KNN,0.008,2,clusters,True,0.8168789808917197
11_donors,500,KNN,0.008,3,clusters,True,0.729511677282378
11_donors,500,KNN,0.008,4,clusters,True,0.7643312101910829
11_donors,500,KNN,0.008,0,clusters,False,0.7249823071479122
11_donors,500,KNN,0.008,1,clusters,False,0.7301132342533616
11_donors,500,KNN,0.008,2,clusters,False,0.8168789808917197
11_donors,500,KNN,0.008,3,clusters,False,0.729511677282378
11_donors,500,KNN,0.008,4,clusters,False,0.7643312101910829
11_donors,500,IForest,0.008,0,random,True,0.748690728945506
11_donors,500,IForest,0.008,1,random,True,0.6944090587402689
11_donors,500,IForest,0.008,2,random,True,0.8227883934890305
11_donors,500,IForest,0.008,3,random,True,0.7545647558386412
11_donors,500,IForest,0.008,4,random,True,0.7799009200283086
11_donors,500,IForest,0.008,0,random,False,0.7570417551309271
11_donors,500,IForest,0.008,1,random,False,0.7578910120311395
11_donors,500,IForest,0.008,2,random,False,0.7978768577494693
11_donors,500,IForest,0.008,3,random,False,0.7571832979476292
11_donors,500,IForest,0.008,4,random,False,0.7637650389242747
11_donors,500,IForest,0.008,0,uncertainty,True,0.7450106157112526
11_donors,500,IForest,0.008,1,uncertainty,True,0.7318471337579617
11_donors,500,IForest,0.008,2,uncertainty,True,0.8115357395612173
11_donors,500,IForest,0.008,3,uncertainty,True,0.7426751592356688
11_donors,500,IForest,0.008,4,uncertainty,True,0.7733191790516631
11_donors,497,IForest,0.008,0,uncertainty,False,0.7685774946921443
11_donors,500,IForest,0.008,1,uncertainty,False,0.7241330502476999
11_donors,500,IForest,0.008,2,uncertainty,False,0.818895966029724
11_donors,500,IForest,0.008,3,uncertainty,False,0.7642604387827319
11_donors,499,IForest,0.008,4,uncertainty,False,0.7876150035385704
11_donors,219,IForest,0.008,0,anomalous,True,0.897452229299363
11_donors,366,IForest,0.008,1,anomalous,True,0.7436659589525831
11_donors,345,IForest,0.008,2,anomalous,True,0.873319179051663
11_donors,216,IForest,0.008,3,anomalous,True,0.9170559094125972
11_donors,298,IForest,0.008,4,anomalous,True,0.934961075725407
11_donors,498,IForest,0.008,0,anomalous,False,0.7799716914366597
11_donors,498,IForest,0.008,1,anomalous,False,0.7224345364472753
11_donors,499,IForest,0.008,2,anomalous,False,0.8115357395612173
11_donors,498,IForest,0.008,3,anomalous,False,0.7638358103326255
11_donors,499,IForest,0.008,4,anomalous,False,0.7794055201698513
11_donors,500,IForest,0.008,0,clusters,True,0.7526539278131635
11_donors,500,IForest,0.008,1,clusters,True,0.7179759377211606
11_donors,500,IForest,0.008,2,clusters,True,0.8202406227883935
11_donors,500,IForest,0.008,3,clusters,True,0.778202406227884
11_donors,500,IForest,0.008,4,clusters,True,0.7576079263977353
11_donors,500,IForest,0.008,0,clusters,False,0.727034677990092
11_donors,500,IForest,0.008,1,clusters,False,0.7123849964614296
11_donors,500,IForest,0.008,2,clusters,False,0.7853503184713375
11_donors,500,IForest,0.008,3,clusters,False,0.7329794762915782
11_donors,500,IForest,0.008,4,clusters,False,0.7770700636942676
11_donors,500,KNN,0.013,0,random,True,0.7249823071479122
11_donors,500,KNN,0.013,1,random,True,0.7301132342533616
11_donors,500,KNN,0.013,2,random,True,0.8168789808917197
11_donors,500,KNN,0.013,3,random,True,0.729511677282378
11_donors,500,KNN,0.013,4,random,True,0.7643312101910829
11_donors,500,KNN,0.013,0,random,False,0.7249823071479122
11_donors,500,KNN,0.013,1,random,False,0.7301132342533616
11_donors,500,KNN,0.013,2,random,False,0.8168789808917197
11_donors,500,KNN,0.013,3,random,False,0.729511677282378
11_donors,500,KNN,0.013,4,random,False,0.7643312101910829
11_donors,500,KNN,0.013,0,uncertainty,True,0.7249823071479122
11_donors,500,KNN,0.013,1,uncertainty,True,0.7301132342533616
11_donors,500,KNN,0.013,2,uncertainty,True,0.8168789808917197
11_donors,500,KNN,0.013,3,uncertainty,True,0.729511677282378
11_donors,500,KNN,0.013,4,uncertainty,True,0.7643312101910829
11_donors,500,KNN,0.013,0,uncertainty,False,0.7249823071479122
11_donors,500,KNN,0.013,1,uncertainty,False,0.7301132342533616
11_donors,500,KNN,0.013,2,uncertainty,False,0.8168789808917197
11_donors,500,KNN,0.013,3,uncertainty,False,0.729511677282378
11_donors,500,KNN,0.013,4,uncertainty,False,0.7643312101910829
11_donors,500,KNN,0.013,0,anomalous,True,0.7249823071479122
11_donors,419,KNN,0.013,1,anomalous,True,0.8750530785562634
11_donors,298,KNN,0.013,2,anomalous,True,0.8161712668082095
11_donors,475,KNN,0.013,3,anomalous,True,0.7371196036801132
11_donors,396,KNN,0.013,4,anomalous,True,0.9818117480537863
11_donors,500,KNN,0.013,0,anomalous,False,0.7249823071479122
11_donors,499,KNN,0.013,1,anomalous,False,0.7301132342533616
11_donors,499,KNN,0.013,2,anomalous,False,0.8179051663128096
11_donors,499,KNN,0.013,3,anomalous,False,0.7293701344656759
11_donors,499,KNN,0.013,4,anomalous,False,0.7644019815994338
11_donors,500,KNN,0.013,0,clusters,True,0.7249823071479122
11_donors,500,KNN,0.013,1,clusters,True,0.7301132342533616
11_donors,460,KNN,0.013,2,clusters,True,0.968895966029724
11_donors,500,KNN,0.013,3,clusters,True,0.729511677282378
11_donors,500,KNN,0.013,4,clusters,True,0.7643312101910829
11_donors,500,KNN,0.013,0,clusters,False,0.7249823071479122
11_donors,500,KNN,0.013,1,clusters,False,0.7301132342533616
11_donors,499,KNN,0.013,2,clusters,False,0.8190021231422505
11_donors,500,KNN,0.013,3,clusters,False,0.729511677282378
11_donors,500,KNN,0.013,4,clusters,False,0.7643312101910829
11_donors,500,IForest,0.013,0,random,True,0.7197452229299363
11_donors,500,IForest,0.013,1,random,True,0.7276716206652513
11_donors,500,IForest,0.013,2,random,True,0.7778485491861289
11_donors,500,IForest,0.013,3,random,True,0.7237084217975938
11_donors,500,IForest,0.013,4,random,True,0.7617126680820947
11_donors,500,IForest,0.013,0,random,False,0.7429582448690729
11_donors,500,IForest,0.013,1,random,False,0.7439490445859873
11_donors,500,IForest,0.013,2,random,False,0.805307855626327
11_donors,500,IForest,0.013,3,random,False,0.7414012738853503
11_donors,500,IForest,0.013,4,random,False,0.7572540693559802
11_donors,376,IForest,0.013,0,uncertainty,True,0.9612880396319888
11_donors,500,IForest,0.013,1,uncertainty,True,0.7249115357395612
11_donors,500,IForest,0.013,2,uncertainty,True,0.780891719745223
11_donors,408,IForest,0.013,3,uncertainty,True,0.9060863411181882
11_donors,500,IForest,0.013,4,uncertainty,True,0.7751592356687899
11_donors,500,IForest,0.013,0,uncertainty,False,0.7445152158527955
11_donors,500,IForest,0.013,1,uncertainty,False,0.7400566171266809
11_donors,500,IForest,0.013,2,uncertainty,False,0.8145789101203114
11_donors,499,IForest,0.013,3,uncertainty,False,0.7876150035385705
11_donors,499,IForest,0.013,4,uncertainty,False,0.7806086341118188
11_donors,297,IForest,0.013,0,anomalous,True,0.9363765038924275
11_donors,441,IForest,0.013,1,anomalous,True,0.8582448690728945
11_donors,418,IForest,0.013,2,anomalous,True,0.9371549893842888
11_donors,320,IForest,0.013,3,anomalous,True,0.9426751592356688
11_donors,413,IForest,0.013,4,anomalous,True,0.948407643312102
11_donors,497,IForest,0.013,0,anomalous,False,0.792002830856334
11_donors,498,IForest,0.013,1,anomalous,False,0.7582448690728946
11_donors,499,IForest,0.013,2,anomalous,False,0.8101203113941968
11_donors,498,IForest,0.013,3,anomalous,False,0.7324840764331211
11_donors,499,IForest,0.013,4,anomalous,False,0.7610757254069356
11_donors,500,IForest,0.013,0,clusters,True,0.7339702760084925
11_donors,500,IForest,0.013,1,clusters,True,0.729582448690729
11_donors,460,IForest,0.013,2,clusters,True,0.8806794055201698
11_donors,500,IForest,0.013,3,clusters,True,0.7391365888181174
11_donors,500,IForest,0.013,4,clusters,True,0.7661712668082096
11_donors,500,IForest,0.013,0,clusters,False,0.7359518754423213
11_donors,500,IForest,0.013,1,clusters,False,0.7562632696390658
11_donors,499,IForest,0.013,2,clusters,False,0.8104741684359518
11_donors,500,IForest,0.013,3,clusters,False,0.7491153573956122
11_donors,500,IForest,0.013,4,clusters,False,0.7392073602264684
11_donors,500,KNN,0.02,0,random,True,0.7249823071479122
11_donors,442,KNN,0.02,1,random,True,0.9498938428874736
11_donors,500,KNN,0.02,2,random,True,0.8168789808917197
11_donors,500,KNN,0.02,3,random,True,0.729511677282378
11_donors,500,KNN,0.02,4,random,True,0.7643312101910829
11_donors,500,KNN,0.02,0,random,False,0.7249823071479122
11_donors,499,KNN,0.02,1,random,False,0.7312101910828026
11_donors,500,KNN,0.02,2,random,False,0.8168789808917197
11_donors,500,KNN,0.02,3,random,False,0.729511677282378
11_donors,500,KNN,0.02,4,random,False,0.7643312101910829
11_donors,500,KNN,0.02,0,uncertainty,True,0.7249823071479122
11_donors,500,KNN,0.02,1,uncertainty,True,0.7301132342533616
11_donors,500,KNN,0.02,2,uncertainty,True,0.8168789808917197
11_donors,500,KNN,0.02,3,uncertainty,True,0.729511677282378
11_donors,500,KNN,0.02,4,uncertainty,True,0.7643312101910829
11_donors,500,KNN,0.02,0,uncertainty,False,0.7249823071479122
11_donors,500,KNN,0.02,1,uncertainty,False,0.7301132342533616
11_donors,500,KNN,0.02,2,uncertainty,False,0.8168789808917197
11_donors,500,KNN,0.02,3,uncertainty,False,0.729511677282378
11_donors,500,KNN,0.02,4,uncertainty,False,0.7643312101910829
11_donors,500,KNN,0.02,0,anomalous,True,0.7249823071479122
11_donors,483,KNN,0.02,1,anomalous,True,0.7302547770700637
11_donors,424,KNN,0.02,2,anomalous,True,0.9235668789808916
11_donors,388,KNN,0.02,3,anomalous,True,0.632484076433121
11_donors,366,KNN,0.02,4,anomalous,True,0.706617126680821
11_donors,500,KNN,0.02,0,anomalous,False,0.7249823071479122
11_donors,498,KNN,0.02,1,anomalous,False,0.7301132342533616
11_donors,499,KNN,0.02,2,anomalous,False,0.8179051663128096
11_donors,498,KNN,0.02,3,anomalous,False,0.729865534324133
11_donors,498,KNN,0.02,4,anomalous,False,0.7653220099079971
11_donors,463,KNN,0.02,0,clusters,True,0.9551309271054494
11_donors,464,KNN,0.02,1,clusters,True,0.9716914366595896
11_donors,466,KNN,0.02,2,clusters,True,0.96758669497523
11_donors,500,KNN,0.02,3,clusters,True,0.729511677282378
11_donors,469,KNN,0.02,4,clusters,True,0.9676220806794056
11_donors,499,KNN,0.02,0,clusters,False,0.726822363765039
11_donors,499,KNN,0.02,1,clusters,False,0.7312101910828026
11_donors,499,KNN,0.02,2,clusters,False,0.8190021231422505
11_donors,500,KNN,0.02,3,clusters,False,0.729511677282378
11_donors,499,KNN,0.02,4,clusters,False,0.7750176928520878
11_donors,500,IForest,0.02,0,random,True,0.7464968152866243
11_donors,442,IForest,0.02,1,random,True,0.8178343949044586
11_donors,500,IForest,0.02,2,random,True,0.8172682236376503
11_donors,500,IForest,0.02,3,random,True,0.7515923566878981
11_donors,500,IForest,0.02,4,random,True,0.7539985845718329
11_donors,500,IForest,0.02,0,random,False,0.7423920736022647
11_donors,499,IForest,0.02,1,random,False,0.7265392781316349
11_donors,500,IForest,0.02,2,random,False,0.7869072894550602
11_donors,500,IForest,0.02,3,random,False,0.735244161358811
11_donors,500,IForest,0.02,4,random,False,0.756758669497523
11_donors,453,IForest,0.02,0,uncertainty,True,0.8901627742392073
11_donors,500,IForest,0.02,1,uncertainty,True,0.743241330502477
11_donors,471,IForest,0.02,2,uncertainty,True,0.8518754423213022
11_donors,416,IForest,0.02,3,uncertainty,True,0.9151450813871196
11_donors,389,IForest,0.02,4,uncertainty,True,0.9549893842887474
11_donors,498,IForest,0.02,0,uncertainty,False,0.7559801840056617
11_donors,500,IForest,0.02,1,uncertainty,False,0.751167728237792
11_donors,498,IForest,0.02,2,uncertainty,False,0.8192498230714791
11_donors,499,IForest,0.02,3,uncertainty,False,0.7723283793347486
11_donors,499,IForest,0.02,4,uncertainty,False,0.7728237791932059
11_donors,269,IForest,0.02,0,anomalous,True,0.9227176220806792
11_donors,401,IForest,0.02,1,anomalous,True,0.9344656758669496
11_donors,424,IForest,0.02,2,anomalous,True,0.9423920736022646
11_donors,413,IForest,0.02,3,anomalous,True,0.9205944798301486
11_donors,411,IForest,0.02,4,anomalous,True,0.9050247699929228
11_donors,497,IForest,0.02,0,anomalous,False,0.8046001415428168
11_donors,497,IForest,0.02,1,anomalous,False,0.7464260438782732
11_donors,498,IForest,0.02,2,anomalous,False,0.821514508138712
11_donors,497,IForest,0.02,3,anomalous,False,0.7678697806086341
11_donors,498,IForest,0.02,4,anomalous,False,0.7608634111818825
11_donors,463,IForest,0.02,0,clusters,True,0.8363765038924273
11_donors,464,IForest,0.02,1,clusters,True,0.8583156404812455
11_donors,466,IForest,0.02,2,clusters,True,0.905307855626327
11_donors,500,IForest,0.02,3,clusters,True,0.711111111111111
11_donors,469,IForest,0.02,4,clusters,True,0.8830856334041047
11_donors,499,IForest,0.02,0,clusters,False,0.7679405520169851
11_donors,499,IForest,0.02,1,clusters,False,0.7426043878273176
11_donors,499,IForest,0.02,2,clusters,False,0.8126680820948338
11_donors,500,IForest,0.02,3,clusters,False,0.7278131634819534
11_donors,499,IForest,0.02,4,clusters,False,0.7584571832979476
11_donors,500,KNN,0.03,0,random,True,0.7249823071479122
11_donors,466,KNN,0.03,1,random,True,0.9711252653927812
11_donors,500,KNN,0.03,2,random,True,0.8168789808917197
11_donors,474,KNN,0.03,3,random,True,0.9632696390658174
11_donors,500,KNN,0.03,4,random,True,0.7643312101910829
11_donors,500,KNN,0.03,0,random,False,0.7249823071479122
11_donors,499,KNN,0.03,1,random,False,0.7312101910828026
11_donors,500,KNN,0.03,2,random,False,0.8168789808917197
11_donors,499,KNN,0.03,3,random,False,0.729723991507431
11_donors,500,KNN,0.03,4,random,False,0.7643312101910829
11_donors,500,KNN,0.03,0,uncertainty,True,0.7249823071479122
11_donors,500,KNN,0.03,1,uncertainty,True,0.7301132342533616
11_donors,500,KNN,0.03,2,uncertainty,True,0.8168789808917197
11_donors,500,KNN,0.03,3,uncertainty,True,0.729511677282378
11_donors,500,KNN,0.03,4,uncertainty,True,0.7643312101910829
11_donors,500,KNN,0.03,0,uncertainty,False,0.7249823071479122
11_donors,500,KNN,0.03,1,uncertainty,False,0.7301132342533616
11_donors,500,KNN,0.03,2,uncertainty,False,0.8168789808917197
11_donors,500,KNN,0.03,3,uncertainty,False,0.729511677282378
11_donors,500,KNN,0.03,4,uncertainty,False,0.7643312101910829
11_donors,485,KNN,0.03,0,anomalous,True,0.8074309978768578
11_donors,494,KNN,0.03,1,anomalous,True,0.7315286624203822
11_donors,446,KNN,0.03,2,anomalous,True,0.9235314932767162
11_donors,412,KNN,0.03,3,anomalous,True,0.6698513800424628
11_donors,439,KNN,0.03,4,anomalous,True,0.7738853503184713
11_donors,499,KNN,0.03,0,anomalous,False,0.7249823071479122
11_donors,498,KNN,0.03,1,anomalous,False,0.7301132342533616
11_donors,499,KNN,0.03,2,anomalous,False,0.8179051663128096
11_donors,497,KNN,0.03,3,anomalous,False,0.7302901627742393
11_donors,497,KNN,0.03,4,anomalous,False,0.7663835810332625
11_donors,465,KNN,0.03,0,clusters,True,0.9479830148619958
11_donors,473,KNN,0.03,1,clusters,True,0.9651804670912952
11_donors,472,KNN,0.03,2,clusters,True,0.9708421797593774
11_donors,471,KNN,0.03,3,clusters,True,0.964543524416136
11_donors,466,KNN,0.03,4,clusters,True,0.968966737438075
11_donors,498,KNN,0.03,0,clusters,False,0.7254777070063694
11_donors,499,KNN,0.03,1,clusters,False,0.7312101910828026
11_donors,499,KNN,0.03,2,clusters,False,0.8190021231422505
11_donors,499,KNN,0.03,3,clusters,False,0.7300778485491861
11_donors,498,KNN,0.03,4,clusters,False,0.7760792639773532
11_donors,500,IForest,0.03,0,random,True,0.7532200990799718
11_donors,466,IForest,0.03,1,random,True,0.8745222929936305
11_donors,500,IForest,0.03,2,random,True,0.8174097664543525
11_donors,474,IForest,0.03,3,random,True,0.8993630573248408
11_donors,500,IForest,0.03,4,random,True,0.7663835810332627
11_donors,500,IForest,0.03,0,random,False,0.789384288747346
11_donors,499,IForest,0.03,1,random,False,0.7066525123849965
11_donors,500,IForest,0.03,2,random,False,0.7953290870488322
11_donors,499,IForest,0.03,3,random,False,0.7738853503184714
11_donors,500,IForest,0.03,4,random,False,0.7685067232837932
11_donors,438,IForest,0.03,0,uncertainty,True,0.9407643312101912
11_donors,500,IForest,0.03,1,uncertainty,True,0.7405520169851381
11_donors,488,IForest,0.03,2,uncertainty,True,0.8503892427459308
11_donors,438,IForest,0.03,3,uncertainty,True,0.8842179759377211
11_donors,458,IForest,0.03,4,uncertainty,True,0.916065109695683
11_donors,498,IForest,0.03,0,uncertainty,False,0.7535031847133759
11_donors,499,IForest,0.03,1,uncertainty,False,0.7173389950460014
11_donors,498,IForest,0.03,2,uncertainty,False,0.8146496815286624
11_donors,498,IForest,0.03,3,uncertainty,False,0.7631988676574664
11_donors,498,IForest,0.03,4,uncertainty,False,0.7959660297239914
11_donors,353,IForest,0.03,0,anomalous,True,0.9476999292285916
11_donors,447,IForest,0.03,1,anomalous,True,0.9232837933474876
11_donors,424,IForest,0.03,2,anomalous,True,0.9278839348903044
11_donors,392,IForest,0.03,3,anomalous,True,0.924274593064402
11_donors,413,IForest,0.03,4,anomalous,True,0.932271762208068
11_donors,497,IForest,0.03,0,anomalous,False,0.7502476999292286
11_donors,497,IForest,0.03,1,anomalous,False,0.7461429582448691
11_donors,498,IForest,0.03,2,anomalous,False,0.8377919320594479
11_donors,498,IForest,0.03,3,anomalous,False,0.7739561217268224
11_donors,497,IForest,0.03,4,anomalous,False,0.778414720452937
11_donors,465,IForest,0.03,0,clusters,True,0.8699929228591649
11_donors,473,IForest,0.03,1,clusters,True,0.8978060863411181
11_donors,472,IForest,0.03,2,clusters,True,0.9042462845010616
11_donors,471,IForest,0.03,3,clusters,True,0.9292993630573247
11_donors,466,IForest,0.03,4,clusters,True,0.8610757254069356
11_donors,498,IForest,0.03,0,clusters,False,0.7719037508846426
11_donors,499,IForest,0.03,1,clusters,False,0.7421797593772117
11_donors,499,IForest,0.03,2,clusters,False,0.8141542816702052
11_donors,499,IForest,0.03,3,clusters,False,0.740410474168436
11_donors,498,IForest,0.03,4,clusters,False,0.7709837225760792
11_donors,500,KNN,0.04,0,random,True,0.7249823071479122
11_donors,466,KNN,0.04,1,random,True,0.9711252653927812
11_donors,500,KNN,0.04,2,random,True,0.8168789808917197
11_donors,463,KNN,0.04,3,random,True,0.964685067232838
11_donors,500,KNN,0.04,4,random,True,0.7643312101910829
11_donors,500,KNN,0.04,0,random,False,0.7249823071479122
11_donors,499,KNN,0.04,1,random,False,0.7312101910828026
11_donors,500,KNN,0.04,2,random,False,0.8168789808917197
11_donors,498,KNN,0.04,3,random,False,0.7347487615003538
11_donors,500,KNN,0.04,4,random,False,0.7643312101910829
11_donors,500,KNN,0.04,0,uncertainty,True,0.7249823071479122
11_donors,500,KNN,0.04,1,uncertainty,True,0.7301132342533616
11_donors,500,KNN,0.04,2,uncertainty,True,0.8168789808917197
11_donors,500,KNN,0.04,3,uncertainty,True,0.729511677282378
11_donors,500,KNN,0.04,4,uncertainty,True,0.7643312101910829
11_donors,500,KNN,0.04,0,uncertainty,False,0.7249823071479122
11_donors,500,KNN,0.04,1,uncertainty,False,0.7301132342533616
11_donors,500,KNN,0.04,2,uncertainty,False,0.8168789808917197
11_donors,500,KNN,0.04,3,uncertainty,False,0.729511677282378
11_donors,500,KNN,0.04,4,uncertainty,False,0.7643312101910829
11_donors,477,KNN,0.04,0,anomalous,True,0.8136588818117481
11_donors,497,KNN,0.04,1,anomalous,True,0.7306086341118189
11_donors,470,KNN,0.04,2,anomalous,True,0.9469214437367304
11_donors,414,KNN,0.04,3,anomalous,True,0.6707006369426751
11_donors,382,KNN,0.04,4,anomalous,True,0.889171974522293
11_donors,498,KNN,0.04,0,anomalous,False,0.7249823071479122
11_donors,498,KNN,0.04,1,anomalous,False,0.7301132342533616
11_donors,499,KNN,0.04,2,anomalous,False,0.8179051663128096
11_donors,497,KNN,0.04,3,anomalous,False,0.7302901627742393
11_donors,495,KNN,0.04,4,anomalous,False,0.7664543524416136
11_donors,475,KNN,0.04,0,clusters,True,0.9437721160651096
11_donors,465,KNN,0.04,1,clusters,True,0.969780608634112
11_donors,473,KNN,0.04,2,clusters,True,0.9681174805378628
11_donors,470,KNN,0.04,3,clusters,True,0.9644019815994338
11_donors,465,KNN,0.04,4,clusters,True,0.9697098372257608
11_donors,498,KNN,0.04,0,clusters,False,0.7460721868365181
11_donors,497,KNN,0.04,1,clusters,False,0.7453998584571833
11_donors,499,KNN,0.04,2,clusters,False,0.8190021231422505
11_donors,498,KNN,0.04,3,clusters,False,0.7360226468506723
11_donors,497,KNN,0.04,4,clusters,False,0.7769992922859165
11_donors,500,IForest,0.04,0,random,True,0.7359518754423213
11_donors,466,IForest,0.04,1,random,True,0.8706298655343241
11_donors,500,IForest,0.04,2,random,True,0.7973106864826609
11_donors,463,IForest,0.04,3,random,True,0.9101910828025478
11_donors,500,IForest,0.04,4,random,True,0.7611464968152866
11_donors,500,IForest,0.04,0,random,False,0.7517338995046001
11_donors,499,IForest,0.04,1,random,False,0.7234253361641896
11_donors,500,IForest,0.04,2,random,False,0.7963906581740977
11_donors,498,IForest,0.04,3,random,False,0.7827317763623496
11_donors,500,IForest,0.04,4,random,False,0.7556970983722576
11_donors,463,IForest,0.04,0,uncertainty,True,0.8600849256900212
11_donors,500,IForest,0.04,1,uncertainty,True,0.7208775654635526
11_donors,483,IForest,0.04,2,uncertainty,True,0.8518754423213022
11_donors,456,IForest,0.04,3,uncertainty,True,0.924557678697806
11_donors,443,IForest,0.04,4,uncertainty,True,0.8441613588110404
11_donors,498,IForest,0.04,0,uncertainty,False,0.7410474168435952
11_donors,500,IForest,0.04,1,uncertainty,False,0.7106157112526539
11_donors,497,IForest,0.04,2,uncertainty,False,0.8154281670205238
11_donors,497,IForest,0.04,3,uncertainty,False,0.7697098372257608
11_donors,498,IForest,0.04,4,uncertainty,False,0.7641188959660298
11_donors,442,IForest,0.04,0,anomalous,True,0.9174805378627034
11_donors,460,IForest,0.04,1,anomalous,True,0.8978060863411181
11_donors,424,IForest,0.04,2,anomalous,True,0.953503184713376
11_donors,422,IForest,0.04,3,anomalous,True,0.9229299363057324
11_donors,424,IForest,0.04,4,anomalous,True,0.9382873319179053
11_donors,496,IForest,0.04,0,anomalous,False,0.8046709129511678
11_donors,497,IForest,0.04,1,anomalous,False,0.7962491153573956
11_donors,497,IForest,0.04,2,anomalous,False,0.824203821656051
11_donors,497,IForest,0.04,3,anomalous,False,0.7600141542816703
11_donors,496,IForest,0.04,4,anomalous,False,0.7782731776362349
11_donors,475,IForest,0.04,0,clusters,True,0.8290162774239207
11_donors,465,IForest,0.04,1,clusters,True,0.8629865534324133
11_donors,473,IForest,0.04,2,clusters,True,0.9062278839348904
11_donors,470,IForest,0.04,3,clusters,True,0.9116065109695684
11_donors,465,IForest,0.04,4,clusters,True,0.8413305024769994
11_donors,498,IForest,0.04,0,clusters,False,0.7556263269639065
11_donors,497,IForest,0.04,1,clusters,False,0.7213021939136588
11_donors,499,IForest,0.04,2,clusters,False,0.8004953998584572
11_donors,498,IForest,0.04,3,clusters,False,0.7663835810332627
11_donors,497,IForest,0.04,4,clusters,False,0.7491861288039632
11_donors,500,KNN,0.06,0,random,True,0.7249823071479122
11_donors,471,KNN,0.06,1,random,True,0.9706298655343242
11_donors,468,KNN,0.06,2,random,True,0.9730714791224344
11_donors,468,KNN,0.06,3,random,True,0.964401981599434
11_donors,500,KNN,0.06,4,random,True,0.7643312101910829
11_donors,500,KNN,0.06,0,random,False,0.7249823071479122
11_donors,499,KNN,0.06,1,random,False,0.7312101910828026
11_donors,499,KNN,0.06,2,random,False,0.8189313517338995
11_donors,496,KNN,0.06,3,random,False,0.7408351026185421
11_donors,500,KNN,0.06,4,random,False,0.7643312101910829
11_donors,500,KNN,0.06,0,uncertainty,True,0.7249823071479122
11_donors,500,KNN,0.06,1,uncertainty,True,0.7301132342533616
11_donors,475,KNN,0.06,2,uncertainty,True,0.8178697806086341
11_donors,500,KNN,0.06,3,uncertainty,True,0.729511677282378
11_donors,500,KNN,0.06,4,uncertainty,True,0.7643312101910829
11_donors,500,KNN,0.06,0,uncertainty,False,0.7249823071479122
11_donors,500,KNN,0.06,1,uncertainty,False,0.7301132342533616
11_donors,499,KNN,0.06,2,uncertainty,False,0.817728237791932
11_donors,500,KNN,0.06,3,uncertainty,False,0.729511677282378
11_donors,500,KNN,0.06,4,uncertainty,False,0.7643312101910829
11_donors,487,KNN,0.06,0,anomalous,True,0.8074309978768578
11_donors,473,KNN,0.06,1,anomalous,True,0.7757254069355981
11_donors,467,KNN,0.06,2,anomalous,True,0.8312101910828026
11_donors,459,KNN,0.06,3,anomalous,True,0.7966029723991508
11_donors,456,KNN,0.06,4,anomalous,True,0.9094833687190376
11_donors,498,KNN,0.06,0,anomalous,False,0.7249823071479122
11_donors,495,KNN,0.06,1,anomalous,False,0.732342533616419
11_donors,497,KNN,0.06,2,anomalous,False,0.8187898089171974
11_donors,496,KNN,0.06,3,anomalous,False,0.729794762915782
11_donors,495,KNN,0.06,4,anomalous,False,0.7664543524416136
11_donors,471,KNN,0.06,0,clusters,True,0.9533616418966736
11_donors,467,KNN,0.06,1,clusters,True,0.9721160651096956
11_donors,471,KNN,0.06,2,clusters,True,0.9737791932059447
11_donors,473,KNN,0.06,3,clusters,True,0.964543524416136
11_donors,468,KNN,0.06,4,clusters,True,0.9689313517338994
11_donors,497,KNN,0.06,0,clusters,False,0.7460721868365181
11_donors,497,KNN,0.06,1,clusters,False,0.7453998584571833
11_donors,497,KNN,0.06,2,clusters,False,0.8399150743099788
11_donors,498,KNN,0.06,3,clusters,False,0.7362349610757254
11_donors,497,KNN,0.06,4,clusters,False,0.7769992922859165
11_donors,500,IForest,0.06,0,random,True,0.7590941259731069
11_donors,471,IForest,0.06,1,random,True,0.8774946921443736
11_donors,468,IForest,0.06,2,random,True,0.9181882519462138
11_donors,468,IForest,0.06,3,random,True,0.883581033262562
11_donors,500,IForest,0.06,4,random,True,0.7826610049539986
11_donors,500,IForest,0.06,0,random,False,0.7634819532908705
11_donors,499,IForest,0.06,1,random,False,0.7563340410474167
11_donors,499,IForest,0.06,2,random,False,0.7886765746638359
11_donors,496,IForest,0.06,3,random,False,0.780750176928521
11_donors,500,IForest,0.06,4,random,False,0.7472045293701344
11_donors,417,IForest,0.06,0,uncertainty,True,0.9266808209483368
11_donors,480,IForest,0.06,1,uncertainty,True,0.7927105449398442
11_donors,473,IForest,0.06,2,uncertainty,True,0.8905166312809625
11_donors,467,IForest,0.06,3,uncertainty,True,0.9066525123849964
11_donors,469,IForest,0.06,4,uncertainty,True,0.8946921443736731
11_donors,495,IForest,0.06,0,uncertainty,False,0.7755130927105449
11_donors,498,IForest,0.06,1,uncertainty,False,0.7707006369426752
11_donors,499,IForest,0.06,2,uncertainty,False,0.8032554847841472
11_donors,496,IForest,0.06,3,uncertainty,False,0.7816702052370842
11_donors,495,IForest,0.06,4,uncertainty,False,0.7862703467799009
11_donors,444,IForest,0.06,0,anomalous,True,0.9119603680113236
11_donors,461,IForest,0.06,1,anomalous,True,0.9070063694267516
11_donors,462,IForest,0.06,2,anomalous,True,0.86758669497523
11_donors,425,IForest,0.06,3,anomalous,True,0.905307855626327
11_donors,409,IForest,0.06,4,anomalous,True,0.9437367303609344
11_donors,497,IForest,0.06,0,anomalous,False,0.7962491153573956
11_donors,497,IForest,0.06,1,anomalous,False,0.7471337579617835
11_donors,498,IForest,0.06,2,anomalous,False,0.8007784854918613
11_donors,494,IForest,0.06,3,anomalous,False,0.8351026185421091
11_donors,495,IForest,0.06,4,anomalous,False,0.8111111111111111
11_donors,471,IForest,0.06,0,clusters,True,0.8823779193205945
11_donors,467,IForest,0.06,1,clusters,True,0.8493984430290162
11_donors,471,IForest,0.06,2,clusters,True,0.8881104033970276
11_donors,473,IForest,0.06,3,clusters,True,0.9113941967445152
11_donors,468,IForest,0.06,4,clusters,True,0.8884642604387827
11_donors,497,IForest,0.06,0,clusters,False,0.7470629865534324
11_donors,497,IForest,0.06,1,clusters,False,0.7645435244161359
11_donors,497,IForest,0.06,2,clusters,False,0.7909412597310685
11_donors,498,IForest,0.06,3,clusters,False,0.7721868365180468
11_donors,497,IForest,0.06,4,clusters,False,0.791861288039632
11_donors,461,KNN,0.08,0,random,True,0.9537508846426044
11_donors,477,KNN,0.08,1,random,True,0.9644019815994338
11_donors,471,KNN,0.08,2,random,True,0.9713021939136588
11_donors,469,KNN,0.08,3,random,True,0.964401981599434
11_donors,500,KNN,0.08,4,random,True,0.7643312101910829
11_donors,498,KNN,0.08,0,random,False,0.7254777070063694
11_donors,499,KNN,0.08,1,random,False,0.7312101910828026
11_donors,499,KNN,0.08,2,random,False,0.8189313517338995
11_donors,495,KNN,0.08,3,random,False,0.7414012738853504
11_donors,500,KNN,0.08,4,random,False,0.7643312101910829
11_donors,462,KNN,0.08,0,uncertainty,True,0.9272469922151452
11_donors,452,KNN,0.08,1,uncertainty,True,0.954210898796886
11_donors,475,KNN,0.08,2,uncertainty,True,0.8178697806086341
11_donors,500,KNN,0.08,3,uncertainty,True,0.729511677282378
11_donors,500,KNN,0.08,4,uncertainty,True,0.7643312101910829
11_donors,499,KNN,0.08,0,uncertainty,False,0.7288747346072186
11_donors,497,KNN,0.08,1,uncertainty,False,0.7320594479830149
11_donors,498,KNN,0.08,2,uncertainty,False,0.8182944090587403
11_donors,500,KNN,0.08,3,uncertainty,False,0.729511677282378
11_donors,500,KNN,0.08,4,uncertainty,False,0.7643312101910829
11_donors,488,KNN,0.08,0,anomalous,True,0.8074309978768578
11_donors,472,KNN,0.08,1,anomalous,True,0.7793347487615003
11_donors,468,KNN,0.08,2,anomalous,True,0.8263269639065818
11_donors,473,KNN,0.08,3,anomalous,True,0.8209837225760792
11_donors,473,KNN,0.08,4,anomalous,True,0.9094833687190376
11_donors,498,KNN,0.08,0,anomalous,False,0.7249823071479122
11_donors,494,KNN,0.08,1,anomalous,False,0.7325194621372966
11_donors,496,KNN,0.08,2,anomalous,False,0.8194267515923567
11_donors,496,KNN,0.08,3,anomalous,False,0.729794762915782
11_donors,495,KNN,0.08,4,anomalous,False,0.7664543524416136
11_donors,471,KNN,0.08,0,clusters,True,0.9559801840056616
11_donors,469,KNN,0.08,1,clusters,True,0.9712668082094834
11_donors,471,KNN,0.08,2,clusters,True,0.9737791932059447
11_donors,470,KNN,0.08,3,clusters,True,0.9581740976645436
11_donors,469,KNN,0.08,4,clusters,True,0.9688605803255484
11_donors,496,KNN,0.08,0,clusters,False,0.745930644019816
11_donors,497,KNN,0.08,1,clusters,False,0.7453998584571833
11_donors,497,KNN,0.08,2,clusters,False,0.8399150743099788
11_donors,496,KNN,0.08,3,clusters,False,0.7365888181174806
11_donors,497,KNN,0.08,4,clusters,False,0.7769992922859165
11_donors,461,IForest,0.08,0,random,True,0.910757254069356
11_donors,477,IForest,0.08,1,random,True,0.8842887473460723
11_donors,471,IForest,0.08,2,random,True,0.9104033970276008
11_donors,469,IForest,0.08,3,random,True,0.9148619957537156
11_donors,500,IForest,0.08,4,random,True,0.7609341825902335
11_donors,498,IForest,0.08,0,random,False,0.7507430997876857
11_donors,499,IForest,0.08,1,random,False,0.7415428167020525
11_donors,499,IForest,0.08,2,random,False,0.799787685774947
11_donors,495,IForest,0.08,3,random,False,0.79723991507431
11_donors,500,IForest,0.08,4,random,False,0.7628450106157113
11_donors,458,IForest,0.08,0,uncertainty,True,0.8610049539985847
11_donors,500,IForest,0.08,1,uncertainty,True,0.7124557678697806
11_donors,475,IForest,0.08,2,uncertainty,True,0.872753007784855
11_donors,468,IForest,0.08,3,uncertainty,True,0.9246284501061572
11_donors,460,IForest,0.08,4,uncertainty,True,0.8530785562632697
11_donors,497,IForest,0.08,0,uncertainty,False,0.8028308563340409
11_donors,500,IForest,0.08,1,uncertainty,False,0.7346779900920029
11_donors,494,IForest,0.08,2,uncertainty,False,0.8111818825194622
11_donors,498,IForest,0.08,3,uncertainty,False,0.7203821656050955
11_donors,495,IForest,0.08,4,uncertainty,False,0.7980184005661712
11_donors,436,IForest,0.08,0,anomalous,True,0.9128803963198868
11_donors,472,IForest,0.08,1,anomalous,True,0.8909412597310686
11_donors,466,IForest,0.08,2,anomalous,True,0.8769992922859164
11_donors,459,IForest,0.08,3,anomalous,True,0.9181174805378628
11_donors,412,IForest,0.08,4,anomalous,True,0.9489738145789102
11_donors,494,IForest,0.08,0,anomalous,False,0.7975937721160651
11_donors,497,IForest,0.08,1,anomalous,False,0.7402689313517339
11_donors,496,IForest,0.08,2,anomalous,False,0.8015569709837225
11_donors,493,IForest,0.08,3,anomalous,False,0.7794055201698514
11_donors,493,IForest,0.08,4,anomalous,False,0.8113941967445153
11_donors,471,IForest,0.08,0,clusters,True,0.9123142250530786
11_donors,469,IForest,0.08,1,clusters,True,0.8340410474168436
11_donors,471,IForest,0.08,2,clusters,True,0.9183297947629158
11_donors,470,IForest,0.08,3,clusters,True,0.8883934890304318
11_donors,469,IForest,0.08,4,clusters,True,0.8641896673743807
11_donors,496,IForest,0.08,0,clusters,False,0.7927813163481954
11_donors,497,IForest,0.08,1,clusters,False,0.7611464968152867
11_donors,497,IForest,0.08,2,clusters,False,0.8335456475583864
11_donors,496,IForest,0.08,3,clusters,False,0.7877565463552725
11_donors,497,IForest,0.08,4,clusters,False,0.7652512384996462
11_donors,461,KNN,0.1,0,random,True,0.9537508846426044
11_donors,478,KNN,0.1,1,random,True,0.9642604387827316
11_donors,471,KNN,0.1,2,random,True,0.9713021939136588
11_donors,472,KNN,0.1,3,random,True,0.964543524416136
11_donors,500,KNN,0.1,4,random,True,0.7643312101910829
11_donors,498,KNN,0.1,0,random,False,0.7254777070063694
11_donors,499,KNN,0.1,1,random,False,0.7312101910828026
11_donors,498,KNN,0.1,2,random,False,0.8193559801840057
11_donors,495,KNN,0.1,3,random,False,0.7414012738853504
11_donors,500,KNN,0.1,4,random,False,0.7643312101910829
11_donors,456,KNN,0.1,0,uncertainty,True,0.9371549893842888
11_donors,461,KNN,0.1,1,uncertainty,True,0.7668082094833687
11_donors,476,KNN,0.1,2,uncertainty,True,0.8233191790516631
11_donors,479,KNN,0.1,3,uncertainty,True,0.9061571125265392
11_donors,474,KNN,0.1,4,uncertainty,True,0.9646142958244868
11_donors,493,KNN,0.1,0,uncertainty,False,0.7357395612172682
11_donors,496,KNN,0.1,1,uncertainty,False,0.7324486907289455
11_donors,497,KNN,0.1,2,uncertainty,False,0.8187190375088464
11_donors,499,KNN,0.1,3,uncertainty,False,0.729865534324133
11_donors,499,KNN,0.1,4,uncertainty,False,0.7640481245576787
11_donors,488,KNN,0.1,0,anomalous,True,0.8074309978768578
11_donors,472,KNN,0.1,1,anomalous,True,0.7793347487615003
11_donors,483,KNN,0.1,2,anomalous,True,0.8272469922151451
11_donors,475,KNN,0.1,3,anomalous,True,0.8209837225760792
11_donors,479,KNN,0.1,4,anomalous,True,0.9112526539278132
11_donors,498,KNN,0.1,0,anomalous,False,0.7249823071479122
11_donors,494,KNN,0.1,1,anomalous,False,0.7325194621372966
11_donors,496,KNN,0.1,2,anomalous,False,0.8194267515923567
11_donors,496,KNN,0.1,3,anomalous,False,0.729794762915782
11_donors,495,KNN,0.1,4,anomalous,False,0.7664543524416136
11_donors,471,KNN,0.1,0,clusters,True,0.9559801840056616
11_donors,471,KNN,0.1,1,clusters,True,0.970629865534324
11_donors,471,KNN,0.1,2,clusters,True,0.9737791932059447
11_donors,470,KNN,0.1,3,clusters,True,0.9581740976645436
11_donors,470,KNN,0.1,4,clusters,True,0.9688605803255484
11_donors,495,KNN,0.1,0,clusters,False,0.7464260438782732
11_donors,496,KNN,0.1,1,clusters,False,0.7453998584571833
11_donors,497,KNN,0.1,2,clusters,False,0.8399150743099788
11_donors,496,KNN,0.1,3,clusters,False,0.7365888181174806
11_donors,496,KNN,0.1,4,clusters,False,0.7771408351026186
11_donors,461,IForest,0.1,0,random,True,0.86758669497523
11_donors,478,IForest,0.1,1,random,True,0.8777777777777778
11_donors,471,IForest,0.1,2,random,True,0.9151450813871196
11_donors,472,IForest,0.1,3,random,True,0.9169143665958952
11_donors,500,IForest,0.1,4,random,True,0.7551309271054495
11_donors,498,IForest,0.1,0,random,False,0.7609341825902336
11_donors,499,IForest,0.1,1,random,False,0.7157112526539278
11_donors,498,IForest,0.1,2,random,False,0.8179759377211606
11_donors,495,IForest,0.1,3,random,False,0.7823779193205944
11_donors,500,IForest,0.1,4,random,False,0.7518046709129512
11_donors,445,IForest,0.1,0,uncertainty,True,0.9149327671620666
11_donors,490,IForest,0.1,1,uncertainty,True,0.7774946921443736
11_donors,417,IForest,0.1,2,uncertainty,True,0.9421797593772115
11_donors,452,IForest,0.1,3,uncertainty,True,0.9089171974522292
11_donors,471,IForest,0.1,4,uncertainty,True,0.8904458598726115
11_donors,496,IForest,0.1,0,uncertainty,False,0.7498938428874735
11_donors,498,IForest,0.1,1,uncertainty,False,0.7354564755838642
11_donors,494,IForest,0.1,2,uncertainty,False,0.8199575371549894
11_donors,493,IForest,0.1,3,uncertainty,False,0.8140127388535032
11_donors,490,IForest,0.1,4,uncertainty,False,0.791790516631281
11_donors,450,IForest,0.1,0,anomalous,True,0.932130219391366
11_donors,474,IForest,0.1,1,anomalous,True,0.8960368011323425
11_donors,462,IForest,0.1,2,anomalous,True,0.8958244869072893
11_donors,459,IForest,0.1,3,anomalous,True,0.910615711252654
11_donors,428,IForest,0.1,4,anomalous,True,0.9526539278131636
11_donors,492,IForest,0.1,0,anomalous,False,0.813305024769993
11_donors,497,IForest,0.1,1,anomalous,False,0.7549893842887474
11_donors,496,IForest,0.1,2,anomalous,False,0.8184713375796178
11_donors,492,IForest,0.1,3,anomalous,False,0.8325548478414722
11_donors,491,IForest,0.1,4,anomalous,False,0.8176220806794054
11_donors,471,IForest,0.1,0,clusters,True,0.9124557678697808
11_donors,471,IForest,0.1,1,clusters,True,0.8740976645435244
11_donors,471,IForest,0.1,2,clusters,True,0.907855626326964
11_donors,470,IForest,0.1,3,clusters,True,0.9061571125265392
11_donors,470,IForest,0.1,4,clusters,True,0.9118895966029724
11_donors,495,IForest,0.1,0,clusters,False,0.7726114649681528
11_donors,496,IForest,0.1,1,clusters,False,0.7634111818825196
11_donors,497,IForest,0.1,2,clusters,False,0.8127388535031848
11_donors,496,IForest,0.1,3,clusters,False,0.7621372965322011
11_donors,496,IForest,0.1,4,clusters,False,0.7975230007077141
11_donors,466,KNN,0.15,0,random,True,0.9479830148619958
11_donors,477,KNN,0.15,1,random,True,0.9644019815994338
11_donors,471,KNN,0.15,2,random,True,0.9713021939136588
11_donors,472,KNN,0.15,3,random,True,0.964543524416136
11_donors,489,KNN,0.15,4,random,True,0.8146496815286625
11_donors,498,KNN,0.15,0,random,False,0.7254777070063694
11_donors,498,KNN,0.15,1,random,False,0.7338287331917905
11_donors,497,KNN,0.15,2,random,False,0.8212668082094834
11_donors,493,KNN,0.15,3,random,False,0.7463552724699222
11_donors,499,KNN,0.15,4,random,False,0.7643312101910829
11_donors,459,KNN,0.15,0,uncertainty,True,0.9568648266100496
11_donors,476,KNN,0.15,1,uncertainty,True,0.7813163481953291
11_donors,468,KNN,0.15,2,uncertainty,True,0.9698159943382874
11_donors,479,KNN,0.15,3,uncertainty,True,0.9061571125265392
11_donors,465,KNN,0.15,4,uncertainty,True,0.968011323425336
11_donors,489,KNN,0.15,0,uncertainty,False,0.7878273177636235
11_donors,496,KNN,0.15,1,uncertainty,False,0.7324486907289455
11_donors,492,KNN,0.15,2,uncertainty,False,0.8419674451521585
11_donors,499,KNN,0.15,3,uncertainty,False,0.729865534324133
11_donors,492,KNN,0.15,4,uncertainty,False,0.767303609341826
11_donors,470,KNN,0.15,0,anomalous,True,0.9518046709129512
11_donors,472,KNN,0.15,1,anomalous,True,0.7793347487615003
11_donors,485,KNN,0.15,2,anomalous,True,0.8290870488322717
11_donors,484,KNN,0.15,3,anomalous,True,0.8211252653927813
11_donors,472,KNN,0.15,4,anomalous,True,0.9611111111111112
11_donors,491,KNN,0.15,0,anomalous,False,0.7357395612172682
11_donors,494,KNN,0.15,1,anomalous,False,0.7325194621372966
11_donors,496,KNN,0.15,2,anomalous,False,0.8194267515923567
11_donors,496,KNN,0.15,3,anomalous,False,0.729794762915782
11_donors,494,KNN,0.15,4,anomalous,False,0.7661004953998585
11_donors,471,KNN,0.15,0,clusters,True,0.9559801840056616
11_donors,471,KNN,0.15,1,clusters,True,0.970629865534324
11_donors,471,KNN,0.15,2,clusters,True,0.9737791932059447
11_donors,471,KNN,0.15,3,clusters,True,0.9581740976645436
11_donors,471,KNN,0.15,4,clusters,True,0.968011323425336
11_donors,492,KNN,0.15,0,clusters,False,0.7918612880396321
11_donors,494,KNN,0.15,1,clusters,False,0.7548124557678698
11_donors,494,KNN,0.15,2,clusters,False,0.8444444444444444
11_donors,495,KNN,0.15,3,clusters,False,0.7372257607926398
11_donors,493,KNN,0.15,4,clusters,False,0.7788747346072187
11_donors,466,IForest,0.15,0,random,True,0.883793347487615
11_donors,477,IForest,0.15,1,random,True,0.8896673743807502
11_donors,471,IForest,0.15,2,random,True,0.8939136588818117
11_donors,472,IForest,0.15,3,random,True,0.9106864826610048
11_donors,489,IForest,0.15,4,random,True,0.8055909412597311
11_donors,498,IForest,0.15,0,random,False,0.7387119603680115
11_donors,498,IForest,0.15,1,random,False,0.7541401273885351
11_donors,497,IForest,0.15,2,random,False,0.8064401981599434
11_donors,493,IForest,0.15,3,random,False,0.7651096956829441
11_donors,499,IForest,0.15,4,random,False,0.7852087756546355
11_donors,446,IForest,0.15,0,uncertainty,True,0.8690728945506015
11_donors,467,IForest,0.15,1,uncertainty,True,0.8582448690728945
11_donors,449,IForest,0.15,2,uncertainty,True,0.9549893842887474
11_donors,463,IForest,0.15,3,uncertainty,True,0.8939844302901627
11_donors,464,IForest,0.15,4,uncertainty,True,0.8915074309978769
11_donors,488,IForest,0.15,0,uncertainty,False,0.7807501769285208
11_donors,495,IForest,0.15,1,uncertainty,False,0.7460014154281669
11_donors,492,IForest,0.15,2,uncertainty,False,0.8152158527954707
11_donors,490,IForest,0.15,3,uncertainty,False,0.7736022646850673
11_donors,487,IForest,0.15,4,uncertainty,False,0.7970983722576079
11_donors,435,IForest,0.15,0,anomalous,True,0.8983014861995754
11_donors,469,IForest,0.15,1,anomalous,True,0.8967445152158529
11_donors,438,IForest,0.15,2,anomalous,True,0.9305024769992924
11_donors,467,IForest,0.15,3,anomalous,True,0.9175513092710544
11_donors,450,IForest,0.15,4,anomalous,True,0.8869780608634111
11_donors,489,IForest,0.15,0,anomalous,False,0.7978060863411182
11_donors,495,IForest,0.15,1,anomalous,False,0.8003538570417552
11_donors,493,IForest,0.15,2,anomalous,False,0.8426751592356689
11_donors,490,IForest,0.15,3,anomalous,False,0.7753007784854918
11_donors,490,IForest,0.15,4,anomalous,False,0.8302901627742392
11_donors,471,IForest,0.15,0,clusters,True,0.9087756546355272
11_donors,471,IForest,0.15,1,clusters,True,0.8903043170559095
11_donors,471,IForest,0.15,2,clusters,True,0.9143665958952584
11_donors,471,IForest,0.15,3,clusters,True,0.9303609341825902
11_donors,471,IForest,0.15,4,clusters,True,0.9092710544939844
11_donors,492,IForest,0.15,0,clusters,False,0.7820240622788394
11_donors,494,IForest,0.15,1,clusters,False,0.7710544939844303
11_donors,494,IForest,0.15,2,clusters,False,0.8356687898089172
11_donors,495,IForest,0.15,3,clusters,False,0.7886765746638358
11_donors,493,IForest,0.15,4,clusters,False,0.8036801132342533
11_donors,462,KNN,0.2,0,random,True,0.9527954706298656
11_donors,478,KNN,0.2,1,random,True,0.9642604387827316
11_donors,471,KNN,0.2,2,random,True,0.9713021939136588
11_donors,472,KNN,0.2,3,random,True,0.964543524416136
11_donors,467,KNN,0.2,4,random,True,0.9689313517338994
11_donors,497,KNN,0.2,0,random,False,0.740764331210191
11_donors,498,KNN,0.2,1,random,False,0.7338287331917905
11_donors,496,KNN,0.2,2,random,False,0.82310686482661
11_donors,492,KNN,0.2,3,random,False,0.7474876150035386
11_donors,495,KNN,0.2,4,random,False,0.7688251946213729
11_donors,460,KNN,0.2,0,uncertainty,True,0.957714083510262
11_donors,472,KNN,0.2,1,uncertainty,True,0.8334748761500355
11_donors,464,KNN,0.2,2,uncertainty,True,0.9737791932059447
11_donors,471,KNN,0.2,3,uncertainty,True,0.964543524416136
11_donors,468,KNN,0.2,4,uncertainty,True,0.968011323425336
11_donors,483,KNN,0.2,0,uncertainty,False,0.8007077140835102
11_donors,491,KNN,0.2,1,uncertainty,False,0.7343595187544232
11_donors,491,KNN,0.2,2,uncertainty,False,0.8430997876857749
11_donors,495,KNN,0.2,3,uncertainty,False,0.732342533616419
11_donors,490,KNN,0.2,4,uncertainty,False,0.8112526539278131
11_donors,458,KNN,0.2,0,anomalous,True,0.9584925690021232
11_donors,472,KNN,0.2,1,anomalous,True,0.8334748761500355
11_donors,456,KNN,0.2,2,anomalous,True,0.9738499646142958
11_donors,470,KNN,0.2,3,anomalous,True,0.9581740976645436
11_donors,463,KNN,0.2,4,anomalous,True,0.9681528662420382
11_donors,483,KNN,0.2,0,anomalous,False,0.8007077140835102
11_donors,491,KNN,0.2,1,anomalous,False,0.7343595187544232
11_donors,490,KNN,0.2,2,anomalous,False,0.8438428874734607
11_donors,494,KNN,0.2,3,anomalous,False,0.7317055909412598
11_donors,484,KNN,0.2,4,anomalous,False,0.8175513092710545
11_donors,471,KNN,0.2,0,clusters,True,0.9559801840056616
11_donors,471,KNN,0.2,1,clusters,True,0.970629865534324
11_donors,471,KNN,0.2,2,clusters,True,0.9737791932059447
11_donors,471,KNN,0.2,3,clusters,True,0.9581740976645436
11_donors,471,KNN,0.2,4,clusters,True,0.968011323425336
11_donors,489,KNN,0.2,0,clusters,False,0.8019815994338287
11_donors,492,KNN,0.2,1,clusters,False,0.755661712668082
11_donors,490,KNN,0.2,2,clusters,False,0.8485845718329794
11_donors,491,KNN,0.2,3,clusters,False,0.7419674451521585
11_donors,489,KNN,0.2,4,clusters,False,0.7838287331917906
11_donors,462,IForest,0.2,0,random,True,0.8762915782024061
11_donors,478,IForest,0.2,1,random,True,0.9057324840764333
11_donors,471,IForest,0.2,2,random,True,0.907855626326964
11_donors,472,IForest,0.2,3,random,True,0.9007784854918612
11_donors,467,IForest,0.2,4,random,True,0.8598726114649682
11_donors,497,IForest,0.2,0,random,False,0.7460721868365181
11_donors,498,IForest,0.2,1,random,False,0.7336871903750884
11_donors,496,IForest,0.2,2,random,False,0.8285208775654636
11_donors,492,IForest,0.2,3,random,False,0.792215145081387
11_donors,495,IForest,0.2,4,random,False,0.7932059447983015
11_donors,457,IForest,0.2,0,uncertainty,True,0.9033262561924982
11_donors,466,IForest,0.2,1,uncertainty,True,0.8734607218683652
11_donors,445,IForest,0.2,2,uncertainty,True,0.9365888181174806
11_donors,464,IForest,0.2,3,uncertainty,True,0.8977353149327671
11_donors,468,IForest,0.2,4,uncertainty,True,0.9203821656050954
11_donors,484,IForest,0.2,0,uncertainty,False,0.8129511677282378
11_donors,490,IForest,0.2,1,uncertainty,False,0.8089171974522293
11_donors,489,IForest,0.2,2,uncertainty,False,0.8411181882519463
11_donors,485,IForest,0.2,3,uncertainty,False,0.8380750176928521
11_donors,484,IForest,0.2,4,uncertainty,False,0.818895966029724
11_donors,444,IForest,0.2,0,anomalous,True,0.937791932059448
11_donors,461,IForest,0.2,1,anomalous,True,0.859589525831564
11_donors,445,IForest,0.2,2,anomalous,True,0.9251238499646144
11_donors,464,IForest,0.2,3,anomalous,True,0.9087756546355272
11_donors,466,IForest,0.2,4,anomalous,True,0.90276008492569
11_donors,485,IForest,0.2,0,anomalous,False,0.8554847841472045
11_donors,493,IForest,0.2,1,anomalous,False,0.7447275300778485
11_donors,493,IForest,0.2,2,anomalous,False,0.8542816702052372
11_donors,488,IForest,0.2,3,anomalous,False,0.835456475583864
11_donors,483,IForest,0.2,4,anomalous,False,0.8426751592356688
11_donors,471,IForest,0.2,0,clusters,True,0.9129511677282378
11_donors,471,IForest,0.2,1,clusters,True,0.8496107572540694
11_donors,471,IForest,0.2,2,clusters,True,0.8953290870488323
11_donors,471,IForest,0.2,3,clusters,True,0.8782024062278839
11_donors,471,IForest,0.2,4,clusters,True,0.8701344656758669
11_donors,489,IForest,0.2,0,clusters,False,0.8184713375796179
11_donors,492,IForest,0.2,1,clusters,False,0.7849256900212314
11_donors,490,IForest,0.2,2,clusters,False,0.8537154989384288
11_donors,491,IForest,0.2,3,clusters,False,0.8143665958952583
11_donors,489,IForest,0.2,4,clusters,False,0.8023354564755838
11_donors,464,KNN,0.3,0,random,True,0.9525123849964614
11_donors,470,KNN,0.3,1,random,True,0.970629865534324
11_donors,472,KNN,0.3,2,random,True,0.972753007784855
11_donors,472,KNN,0.3,3,random,True,0.964543524416136
11_donors,467,KNN,0.3,4,random,True,0.9689313517338994
11_donors,493,KNN,0.3,0,random,False,0.7847133757961784
11_donors,492,KNN,0.3,1,random,False,0.757997169143666
11_donors,491,KNN,0.3,2,random,False,0.847027600849257
11_donors,489,KNN,0.3,3,random,False,0.7584217975937722
11_donors,493,KNN,0.3,4,random,False,0.7784501061571125
11_donors,471,KNN,0.3,0,uncertainty,True,0.9559801840056616
11_donors,471,KNN,0.3,1,uncertainty,True,0.970629865534324
11_donors,471,KNN,0.3,2,uncertainty,True,0.9737791932059447
11_donors,472,KNN,0.3,3,uncertainty,True,0.964543524416136
11_donors,469,KNN,0.3,4,uncertainty,True,0.9680820948336872
11_donors,482,KNN,0.3,0,uncertainty,False,0.8062986553432414
11_donors,487,KNN,0.3,1,uncertainty,False,0.7832271762208067
11_donors,487,KNN,0.3,2,uncertainty,False,0.8505307855626327
11_donors,492,KNN,0.3,3,uncertainty,False,0.7364472753007785
11_donors,487,KNN,0.3,4,uncertainty,False,0.8246992215145081
11_donors,471,KNN,0.3,0,anomalous,True,0.9559801840056616
11_donors,471,KNN,0.3,1,anomalous,True,0.970629865534324
11_donors,467,KNN,0.3,2,anomalous,True,0.9737791932059447
11_donors,471,KNN,0.3,3,anomalous,True,0.9581740976645436
11_donors,469,KNN,0.3,4,anomalous,True,0.968011323425336
11_donors,479,KNN,0.3,0,anomalous,False,0.8034677990092003
11_donors,481,KNN,0.3,1,anomalous,False,0.7997523000707714
11_donors,485,KNN,0.3,2,anomalous,False,0.8567940552016985
11_donors,480,KNN,0.3,3,anomalous,False,0.7863411181882519
11_donors,477,KNN,0.3,4,anomalous,False,0.8429582448690729
11_donors,471,KNN,0.3,0,clusters,True,0.9559801840056616
11_donors,471,KNN,0.3,1,clusters,True,0.970629865534324
11_donors,471,KNN,0.3,2,clusters,True,0.9737791932059447
11_donors,471,KNN,0.3,3,clusters,True,0.9581740976645436
11_donors,471,KNN,0.3,4,clusters,True,0.968011323425336
11_donors,481,KNN,0.3,0,clusters,False,0.8486553432413305
11_donors,485,KNN,0.3,1,clusters,False,0.7671620665251239
11_donors,484,KNN,0.3,2,clusters,False,0.8634819532908705
11_donors,482,KNN,0.3,3,clusters,False,0.7888181174805379
11_donors,480,KNN,0.3,4,clusters,False,0.8647912243453645
11_donors,464,IForest,0.3,0,random,True,0.8690728945506017
11_donors,470,IForest,0.3,1,random,True,0.8506015569709837
11_donors,472,IForest,0.3,2,random,True,0.9191082802547772
11_donors,472,IForest,0.3,3,random,True,0.9277423920736022
11_donors,467,IForest,0.3,4,random,True,0.8681528662420382
11_donors,493,IForest,0.3,0,random,False,0.7991507430997877
11_donors,492,IForest,0.3,1,random,False,0.7724699221514507
11_donors,491,IForest,0.3,2,random,False,0.8491861288039632
11_donors,489,IForest,0.3,3,random,False,0.8694267515923566
11_donors,493,IForest,0.3,4,random,False,0.7924982307147912
11_donors,470,IForest,0.3,0,uncertainty,True,0.8610757254069357
11_donors,470,IForest,0.3,1,uncertainty,True,0.8656050955414012
11_donors,471,IForest,0.3,2,uncertainty,True,0.923991507430998
11_donors,472,IForest,0.3,3,uncertainty,True,0.9089879688605804
11_donors,470,IForest,0.3,4,uncertainty,True,0.8904458598726114
11_donors,482,IForest,0.3,0,uncertainty,False,0.8301486199575372
11_donors,485,IForest,0.3,1,uncertainty,False,0.7932059447983015
11_donors,485,IForest,0.3,2,uncertainty,False,0.8722576079263977
11_donors,483,IForest,0.3,3,uncertainty,False,0.8552016985138005
11_donors,483,IForest,0.3,4,uncertainty,False,0.8318471337579618
11_donors,455,IForest,0.3,0,anomalous,True,0.9292285916489738
11_donors,471,IForest,0.3,1,anomalous,True,0.8615003538570417
11_donors,439,IForest,0.3,2,anomalous,True,0.9152158527954706
11_donors,464,IForest,0.3,3,anomalous,True,0.873248407643312
11_donors,469,IForest,0.3,4,anomalous,True,0.908421797593772
11_donors,480,IForest,0.3,0,anomalous,False,0.8775654635527248
11_donors,482,IForest,0.3,1,anomalous,False,0.8292993630573249
11_donors,484,IForest,0.3,2,anomalous,False,0.8801132342533616
11_donors,478,IForest,0.3,3,anomalous,False,0.8693559801840057
11_donors,479,IForest,0.3,4,anomalous,False,0.8680113234253362
11_donors,471,IForest,0.3,0,clusters,True,0.8771408351026185
11_donors,471,IForest,0.3,1,clusters,True,0.8806086341118188
11_donors,471,IForest,0.3,2,clusters,True,0.9359518754423214
11_donors,471,IForest,0.3,3,clusters,True,0.8759377211606512
11_donors,471,IForest,0.3,4,clusters,True,0.8772116065109696
11_donors,481,IForest,0.3,0,clusters,False,0.8756546355272471
11_donors,485,IForest,0.3,1,clusters,False,0.8573248407643312
11_donors,484,IForest,0.3,2,clusters,False,0.905237084217976
11_donors,482,IForest,0.3,3,clusters,False,0.8577494692144374
11_donors,480,IForest,0.3,4,clusters,False,0.8773531493276716
11_donors,470,KNN,0.45,0,random,True,0.9534324133050248
11_donors,471,KNN,0.45,1,random,True,0.970629865534324
11_donors,472,KNN,0.45,2,random,True,0.972753007784855
11_donors,471,KNN,0.45,3,random,True,0.964543524416136
11_donors,468,KNN,0.45,4,random,True,0.9688605803255484
11_donors,489,KNN,0.45,0,random,False,0.7953998584571833
11_donors,489,KNN,0.45,1,random,False,0.7594833687190374
11_donors,486,KNN,0.45,2,random,False,0.8625619249823071
11_donors,486,KNN,0.45,3,random,False,0.7787685774946922
11_donors,487,KNN,0.45,4,random,False,0.8094833687190375
11_donors,471,KNN,0.45,0,uncertainty,True,0.9559801840056616
11_donors,471,KNN,0.45,1,uncertainty,True,0.970629865534324
11_donors,471,KNN,0.45,2,uncertainty,True,0.9737791932059447
11_donors,472,KNN,0.45,3,uncertainty,True,0.964543524416136
11_donors,470,KNN,0.45,4,uncertainty,True,0.9680820948336872
11_donors,478,KNN,0.45,0,uncertainty,False,0.8622434536447275
11_donors,482,KNN,0.45,1,uncertainty,False,0.8145789101203114
11_donors,483,KNN,0.45,2,uncertainty,False,0.8629511677282378
11_donors,489,KNN,0.45,3,uncertainty,False,0.7423213021939137
11_donors,481,KNN,0.45,4,uncertainty,False,0.8630573248407644
11_donors,471,KNN,0.45,0,anomalous,True,0.9559801840056616
11_donors,471,KNN,0.45,1,anomalous,True,0.970629865534324
11_donors,469,KNN,0.45,2,anomalous,True,0.9737791932059447
11_donors,471,KNN,0.45,3,anomalous,True,0.9581740976645436
11_donors,471,KNN,0.45,4,anomalous,True,0.968011323425336
11_donors,471,KNN,0.45,0,anomalous,False,0.9559801840056616
11_donors,471,KNN,0.45,1,anomalous,False,0.970629865534324
11_donors,471,KNN,0.45,2,anomalous,False,0.9737791932059447
11_donors,471,KNN,0.45,3,anomalous,False,0.9581740976645436
11_donors,471,KNN,0.45,4,anomalous,False,0.968011323425336
11_donors,471,KNN,0.45,0,clusters,True,0.9559801840056616
11_donors,471,KNN,0.45,1,clusters,True,0.970629865534324
11_donors,471,KNN,0.45,2,clusters,True,0.9737791932059447
11_donors,471,KNN,0.45,3,clusters,True,0.9581740976645436
11_donors,471,KNN,0.45,4,clusters,True,0.968011323425336
11_donors,472,KNN,0.45,0,clusters,False,0.9551663128096248
11_donors,474,KNN,0.45,1,clusters,False,0.9697806086341118
11_donors,472,KNN,0.45,2,clusters,False,0.9737791932059447
11_donors,474,KNN,0.45,3,clusters,False,0.9610757254069356
11_donors,472,KNN,0.45,4,clusters,False,0.9670912951167728
11_donors,470,IForest,0.45,0,random,True,0.8975230007077142
11_donors,471,IForest,0.45,1,random,True,0.9039631988676576
11_donors,472,IForest,0.45,2,random,True,0.930077848549186
11_donors,471,IForest,0.45,3,random,True,0.9154989384288748
11_donors,468,IForest,0.45,4,random,True,0.8639065817409766
11_donors,489,IForest,0.45,0,random,False,0.781174805378627
11_donors,489,IForest,0.45,1,random,False,0.7635527246992215
11_donors,486,IForest,0.45,2,random,False,0.864685067232838
11_donors,486,IForest,0.45,3,random,False,0.867515923566879
11_donors,487,IForest,0.45,4,random,False,0.853857041755131
11_donors,471,IForest,0.45,0,uncertainty,True,0.8960368011323425
11_donors,471,IForest,0.45,1,uncertainty,True,0.89171974522293
11_donors,471,IForest,0.45,2,uncertainty,True,0.9468506723283794
11_donors,472,IForest,0.45,3,uncertainty,True,0.9196744515215852
11_donors,470,IForest,0.45,4,uncertainty,True,0.8936305732484076
11_donors,479,IForest,0.45,0,uncertainty,False,0.8824486907289455
11_donors,482,IForest,0.45,1,uncertainty,False,0.8141542816702052
11_donors,481,IForest,0.45,2,uncertainty,False,0.9067940552016984
11_donors,482,IForest,0.45,3,uncertainty,False,0.8814578910120312
11_donors,478,IForest,0.45,4,uncertainty,False,0.8897381457891013
11_donors,471,IForest,0.45,0,anomalous,True,0.859518754423213
11_donors,471,IForest,0.45,1,anomalous,True,0.8740976645435244
11_donors,471,IForest,0.45,2,anomalous,True,0.9265392781316348
11_donors,471,IForest,0.45,3,anomalous,True,0.8791224345364472
11_donors,471,IForest,0.45,4,anomalous,True,0.9122434536447276
11_donors,471,IForest,0.45,0,anomalous,False,0.9077848549186128
11_donors,471,IForest,0.45,1,anomalous,False,0.8866949752300071
11_donors,471,IForest,0.45,2,anomalous,False,0.9254069355980185
11_donors,471,IForest,0.45,3,anomalous,False,0.9074309978768575
11_donors,471,IForest,0.45,4,anomalous,False,0.9012031139419674
11_donors,471,IForest,0.45,0,clusters,True,0.8831564048124557
11_donors,471,IForest,0.45,1,clusters,True,0.8738145789101204
11_donors,471,IForest,0.45,2,clusters,True,0.921231422505308
11_donors,471,IForest,0.45,3,clusters,True,0.9227176220806794
11_donors,471,IForest,0.45,4,clusters,True,0.8932767162066525
11_donors,472,IForest,0.45,0,clusters,False,0.9147204529370132
11_donors,474,IForest,0.45,1,clusters,False,0.8840056617126681
11_donors,472,IForest,0.45,2,clusters,False,0.910969568294409
11_donors,474,IForest,0.45,3,clusters,False,0.9389950460014154
11_donors,472,IForest,0.45,4,clusters,False,0.8926397735314933
11_donors,471,KNN,0.7,0,random,True,0.9559801840056616
11_donors,471,KNN,0.7,1,random,True,0.970629865534324
11_donors,471,KNN,0.7,2,random,True,0.9737791932059447
11_donors,471,KNN,0.7,3,random,True,0.964543524416136
11_donors,470,KNN,0.7,4,random,True,0.968011323425336
11_donors,483,KNN,0.7,0,random,False,0.8503892427459306
11_donors,483,KNN,0.7,1,random,False,0.8033262561924982
11_donors,479,KNN,0.7,2,random,False,0.8864472753007785
11_donors,478,KNN,0.7,3,random,False,0.9640835102618542
11_donors,481,KNN,0.7,4,random,False,0.8619249823071479
11_donors,471,KNN,0.7,0,uncertainty,True,0.9559801840056616
11_donors,471,KNN,0.7,1,uncertainty,True,0.970629865534324
11_donors,471,KNN,0.7,2,uncertainty,True,0.9737791932059447
11_donors,472,KNN,0.7,3,uncertainty,True,0.964543524416136
11_donors,470,KNN,0.7,4,uncertainty,True,0.9680820948336872
11_donors,476,KNN,0.7,0,uncertainty,False,0.9353503184713376
11_donors,477,KNN,0.7,1,uncertainty,False,0.9648619957537156
11_donors,480,KNN,0.7,2,uncertainty,False,0.8697098372257607
11_donors,478,KNN,0.7,3,uncertainty,False,0.874345364472753
11_donors,475,KNN,0.7,4,uncertainty,False,0.961181882519462
11_donors,471,KNN,0.7,0,anomalous,True,0.9559801840056616
11_donors,471,KNN,0.7,1,anomalous,True,0.970629865534324
11_donors,471,KNN,0.7,2,anomalous,True,0.9737791932059447
11_donors,471,KNN,0.7,3,anomalous,True,0.9581740976645436
11_donors,471,KNN,0.7,4,anomalous,True,0.968011323425336
11_donors,471,KNN,0.7,0,anomalous,False,0.9559801840056616
11_donors,471,KNN,0.7,1,anomalous,False,0.970629865534324
11_donors,471,KNN,0.7,2,anomalous,False,0.9737791932059447
11_donors,471,KNN,0.7,3,anomalous,False,0.9581740976645436
11_donors,471,KNN,0.7,4,anomalous,False,0.968011323425336
11_donors,471,KNN,0.7,0,clusters,True,0.9559801840056616
11_donors,471,KNN,0.7,1,clusters,True,0.970629865534324
11_donors,471,KNN,0.7,2,clusters,True,0.9737791932059447
11_donors,471,KNN,0.7,3,clusters,True,0.9581740976645436
11_donors,471,KNN,0.7,4,clusters,True,0.968011323425336
11_donors,471,KNN,0.7,0,clusters,False,0.9559801840056616
11_donors,474,KNN,0.7,1,clusters,False,0.9697806086341118
11_donors,472,KNN,0.7,2,clusters,False,0.9737791932059447
11_donors,471,KNN,0.7,3,clusters,False,0.9581740976645436
11_donors,472,KNN,0.7,4,clusters,False,0.9670912951167728
11_donors,471,IForest,0.7,0,random,True,0.8614295824486906
11_donors,471,IForest,0.7,1,random,True,0.8987968860580325
11_donors,471,IForest,0.7,2,random,True,0.9224345364472752
11_donors,471,IForest,0.7,3,random,True,0.8966029723991508
11_donors,470,IForest,0.7,4,random,True,0.8769285208775655
11_donors,483,IForest,0.7,0,random,False,0.8656050955414013
11_donors,483,IForest,0.7,1,random,False,0.7893135173389951
11_donors,479,IForest,0.7,2,random,False,0.9232130219391366
11_donors,478,IForest,0.7,3,random,False,0.8874734607218684
11_donors,481,IForest,0.7,4,random,False,0.8733191790516631
11_donors,471,IForest,0.7,0,uncertainty,True,0.8648266100495399
11_donors,471,IForest,0.7,1,uncertainty,True,0.8628450106157113
11_donors,471,IForest,0.7,2,uncertainty,True,0.9193913658881812
11_donors,472,IForest,0.7,3,uncertainty,True,0.9193205944798302
11_donors,471,IForest,0.7,4,uncertainty,True,0.8862703467799009
11_donors,474,IForest,0.7,0,uncertainty,False,0.8853503184713376
11_donors,477,IForest,0.7,1,uncertainty,False,0.8535031847133757
11_donors,478,IForest,0.7,2,uncertainty,False,0.9099079971691436
11_donors,479,IForest,0.7,3,uncertainty,False,0.8959660297239915
11_donors,475,IForest,0.7,4,uncertainty,False,0.8903750884642604
11_donors,471,IForest,0.7,0,anomalous,True,0.8716206652512386
11_donors,471,IForest,0.7,1,anomalous,True,0.897098372257608
11_donors,471,IForest,0.7,2,anomalous,True,0.910474168435952
11_donors,471,IForest,0.7,3,anomalous,True,0.9171974522292994
11_donors,471,IForest,0.7,4,anomalous,True,0.8826610049539986
11_donors,471,IForest,0.7,0,anomalous,False,0.903043170559094
11_donors,471,IForest,0.7,1,anomalous,False,0.8985138004246285
11_donors,471,IForest,0.7,2,anomalous,False,0.92965322009908
11_donors,471,IForest,0.7,3,anomalous,False,0.9007077140835104
11_donors,471,IForest,0.7,4,anomalous,False,0.9031139419674452
11_donors,471,IForest,0.7,0,clusters,True,0.881316348195329
11_donors,471,IForest,0.7,1,clusters,True,0.8986553432413305
11_donors,471,IForest,0.7,2,clusters,True,0.9448690728945508
11_donors,471,IForest,0.7,3,clusters,True,0.8907997169143667
11_donors,471,IForest,0.7,4,clusters,True,0.9509554140127388
11_donors,471,IForest,0.7,0,clusters,False,0.9019108280254776
11_donors,474,IForest,0.7,1,clusters,False,0.8789808917197452
11_donors,472,IForest,0.7,2,clusters,False,0.9403397027600848
11_donors,471,IForest,0.7,3,clusters,False,0.9022646850672328
11_donors,472,IForest,0.7,4,clusters,False,0.902901627742392
11_donors,471,KNN,1.0,0,random,True,0.9559801840056616
11_donors,471,KNN,1.0,1,random,True,0.970629865534324
11_donors,471,KNN,1.0,2,random,True,0.9737791932059447
11_donors,471,KNN,1.0,3,random,True,0.9581740976645436
11_donors,471,KNN,1.0,4,random,True,0.968011323425336
11_donors,471,KNN,1.0,0,random,False,0.9559801840056616
11_donors,471,KNN,1.0,1,random,False,0.970629865534324
11_donors,471,KNN,1.0,2,random,False,0.9737791932059447
11_donors,471,KNN,1.0,3,random,False,0.9581740976645436
11_donors,471,KNN,1.0,4,random,False,0.968011323425336
11_donors,471,KNN,1.0,0,uncertainty,True,0.9559801840056616
11_donors,471,KNN,1.0,1,uncertainty,True,0.970629865534324
11_donors,471,KNN,1.0,2,uncertainty,True,0.9737791932059447
11_donors,471,KNN,1.0,3,uncertainty,True,0.9581740976645436
11_donors,471,KNN,1.0,4,uncertainty,True,0.968011323425336
11_donors,471,KNN,1.0,0,uncertainty,False,0.9559801840056616
11_donors,471,KNN,1.0,1,uncertainty,False,0.970629865534324
11_donors,471,KNN,1.0,2,uncertainty,False,0.9737791932059447
11_donors,471,KNN,1.0,3,uncertainty,False,0.9581740976645436
11_donors,471,KNN,1.0,4,uncertainty,False,0.968011323425336
11_donors,471,KNN,1.0,0,anomalous,True,0.9559801840056616
11_donors,471,KNN,1.0,1,anomalous,True,0.970629865534324
11_donors,471,KNN,1.0,2,anomalous,True,0.9737791932059447
11_donors,471,KNN,1.0,3,anomalous,True,0.9581740976645436
11_donors,471,KNN,1.0,4,anomalous,True,0.968011323425336
11_donors,471,KNN,1.0,0,anomalous,False,0.9559801840056616
11_donors,471,KNN,1.0,1,anomalous,False,0.970629865534324
11_donors,471,KNN,1.0,2,anomalous,False,0.9737791932059447
11_donors,471,KNN,1.0,3,anomalous,False,0.9581740976645436
11_donors,471,KNN,1.0,4,anomalous,False,0.968011323425336
11_donors,471,KNN,1.0,0,clusters,True,0.9559801840056616
11_donors,471,KNN,1.0,1,clusters,True,0.970629865534324
11_donors,471,KNN,1.0,2,clusters,True,0.9737791932059447
11_donors,471,KNN,1.0,3,clusters,True,0.9581740976645436
11_donors,471,KNN,1.0,4,clusters,True,0.968011323425336
11_donors,471,KNN,1.0,0,clusters,False,0.9559801840056616
11_donors,471,KNN,1.0,1,clusters,False,0.970629865534324
11_donors,471,KNN,1.0,2,clusters,False,0.9737791932059447
11_donors,471,KNN,1.0,3,clusters,False,0.9581740976645436
11_donors,471,KNN,1.0,4,clusters,False,0.968011323425336
11_donors,471,IForest,1.0,0,random,True,0.8680113234253362
11_donors,471,IForest,1.0,1,random,True,0.8617834394904458
11_donors,471,IForest,1.0,2,random,True,0.9070771408351028
11_donors,471,IForest,1.0,3,random,True,0.8966029723991507
11_donors,471,IForest,1.0,4,random,True,0.910969568294409
11_donors,471,IForest,1.0,0,random,False,0.8804670912951168
11_donors,471,IForest,1.0,1,random,False,0.8563340410474168
11_donors,471,IForest,1.0,2,random,False,0.9036801132342532
11_donors,471,IForest,1.0,3,random,False,0.8991507430997877
11_donors,471,IForest,1.0,4,random,False,0.8880396319886767
11_donors,471,IForest,1.0,0,uncertainty,True,0.892073602264685
11_donors,471,IForest,1.0,1,uncertainty,True,0.9022646850672328
11_donors,471,IForest,1.0,2,uncertainty,True,0.9012738853503186
11_donors,471,IForest,1.0,3,uncertainty,True,0.8829440905874026
11_donors,471,IForest,1.0,4,uncertainty,True,0.8879688605803255
11_donors,471,IForest,1.0,0,uncertainty,False,0.8637650389242746
11_donors,471,IForest,1.0,1,uncertainty,False,0.8521585279547064
11_donors,471,IForest,1.0,2,uncertainty,False,0.8895966029723992
11_donors,471,IForest,1.0,3,uncertainty,False,0.9095541401273886
11_donors,471,IForest,1.0,4,uncertainty,False,0.8767869780608635
11_donors,471,IForest,1.0,0,anomalous,True,0.8641188959660298
11_donors,471,IForest,1.0,1,anomalous,True,0.9004246284501062
11_donors,471,IForest,1.0,2,anomalous,True,0.93517338995046
11_donors,471,IForest,1.0,3,anomalous,True,0.9171266808209484
11_donors,471,IForest,1.0,4,anomalous,True,0.8956121726822364
11_donors,471,IForest,1.0,0,anomalous,False,0.8585279547062986
11_donors,471,IForest,1.0,1,anomalous,False,0.8431705590941259
11_donors,471,IForest,1.0,2,anomalous,False,0.9020523708421796
11_donors,471,IForest,1.0,3,anomalous,False,0.9150743099787686
11_donors,471,IForest,1.0,4,anomalous,False,0.89723991507431
11_donors,471,IForest,1.0,0,clusters,True,0.8796886058032555
11_donors,471,IForest,1.0,1,clusters,True,0.8741684359518754
11_donors,471,IForest,1.0,2,clusters,True,0.9082802547770702
11_donors,471,IForest,1.0,3,clusters,True,0.9003538570417552
11_donors,471,IForest,1.0,4,clusters,True,0.8799009200283086
11_donors,471,IForest,1.0,0,clusters,False,0.9071479122434536
11_donors,471,IForest,1.0,1,clusters,False,0.8898796886058032
11_donors,471,IForest,1.0,2,clusters,False,0.921160651096957
11_donors,471,IForest,1.0,3,clusters,False,0.8990092002830856
11_donors,471,IForest,1.0,4,clusters,False,0.9036093418259022
2_annthyroid,500,KNN,0.0,0,random,True,0.6308446675617303
2_annthyroid,500,KNN,0.0,1,random,True,0.6530850504932579
2_annthyroid,500,KNN,0.0,2,random,True,0.6652267818574514
2_annthyroid,500,KNN,0.0,3,random,True,0.5887572237464246
2_annthyroid,500,KNN,0.0,4,random,True,0.7115171326834394
2_annthyroid,500,KNN,0.0,0,random,False,0.6308446675617303
2_annthyroid,500,KNN,0.0,1,random,False,0.6530850504932579
2_annthyroid,500,KNN,0.0,2,random,False,0.6652267818574514
2_annthyroid,500,KNN,0.0,3,random,False,0.5887572237464246
2_annthyroid,500,KNN,0.0,4,random,False,0.7115171326834394
2_annthyroid,500,KNN,0.0,0,uncertainty,True,0.6308446675617303
2_annthyroid,500,KNN,0.0,1,uncertainty,True,0.6530850504932579
2_annthyroid,500,KNN,0.0,2,uncertainty,True,0.6652267818574514
2_annthyroid,500,KNN,0.0,3,uncertainty,True,0.5887572237464246
2_annthyroid,500,KNN,0.0,4,uncertainty,True,0.7115171326834394
2_annthyroid,500,KNN,0.0,0,uncertainty,False,0.6308446675617303
2_annthyroid,500,KNN,0.0,1,uncertainty,False,0.6530850504932579
2_annthyroid,500,KNN,0.0,2,uncertainty,False,0.6652267818574514
2_annthyroid,500,KNN,0.0,3,uncertainty,False,0.5887572237464246
2_annthyroid,500,KNN,0.0,4,uncertainty,False,0.7115171326834394
2_annthyroid,500,KNN,0.0,0,anomalous,True,0.6308446675617303
2_annthyroid,500,KNN,0.0,1,anomalous,True,0.6530850504932579
2_annthyroid,500,KNN,0.0,2,anomalous,True,0.6652267818574514
2_annthyroid,500,KNN,0.0,3,anomalous,True,0.5887572237464246
2_annthyroid,500,KNN,0.0,4,anomalous,True,0.7115171326834394
2_annthyroid,500,KNN,0.0,0,anomalous,False,0.6308446675617303
2_annthyroid,500,KNN,0.0,1,anomalous,False,0.6530850504932579
2_annthyroid,500,KNN,0.0,2,anomalous,False,0.6652267818574514
2_annthyroid,500,KNN,0.0,3,anomalous,False,0.5887572237464246
2_annthyroid,500,KNN,0.0,4,anomalous,False,0.7115171326834394
2_annthyroid,500,KNN,0.0,0,clusters,True,0.6308446675617303
2_annthyroid,500,KNN,0.0,1,clusters,True,0.6530850504932579
2_annthyroid,500,KNN,0.0,2,clusters,True,0.6652267818574514
2_annthyroid,500,KNN,0.0,3,clusters,True,0.5887572237464246
2_annthyroid,500,KNN,0.0,4,clusters,True,0.7115171326834394
2_annthyroid,500,KNN,0.0,0,clusters,False,0.6308446675617303
2_annthyroid,500,KNN,0.0,1,clusters,False,0.6530850504932579
2_annthyroid,500,KNN,0.0,2,clusters,False,0.6652267818574514
2_annthyroid,500,KNN,0.0,3,clusters,False,0.5887572237464246
2_annthyroid,500,KNN,0.0,4,clusters,False,0.7115171326834394
2_annthyroid,500,IForest,0.0,0,random,True,0.8267468332263149
2_annthyroid,500,IForest,0.0,1,random,True,0.8143716070281946
2_annthyroid,500,IForest,0.0,2,random,True,0.8674916817465413
2_annthyroid,500,IForest,0.0,3,random,True,0.7373183118323507
2_annthyroid,500,IForest,0.0,4,random,True,0.822427178798669
2_annthyroid,500,IForest,0.0,0,random,False,0.816998423909871
2_annthyroid,500,IForest,0.0,1,random,False,0.8555834452162746
2_annthyroid,500,IForest,0.0,2,random,False,0.8182826454964683
2_annthyroid,500,IForest,0.0,3,random,False,0.7469499737318311
2_annthyroid,500,IForest,0.0,4,random,False,0.8202673515848462
2_annthyroid,500,IForest,0.0,0,uncertainty,True,0.8115112953125913
2_annthyroid,500,IForest,0.0,1,uncertainty,True,0.8418072500145934
2_annthyroid,500,IForest,0.0,2,uncertainty,True,0.8186328877473587
2_annthyroid,500,IForest,0.0,3,uncertainty,True,0.6927791722608138
2_annthyroid,500,IForest,0.0,4,uncertainty,True,0.8495125795341778
2_annthyroid,500,IForest,0.0,0,uncertainty,False,0.7989609479890257
2_annthyroid,500,IForest,0.0,1,uncertainty,False,0.82108458350359
2_annthyroid,500,IForest,0.0,2,uncertainty,False,0.860545210437219
2_annthyroid,500,IForest,0.0,3,uncertainty,False,0.7600256844317319
2_annthyroid,500,IForest,0.0,4,uncertainty,False,0.8223104313817058
2_annthyroid,500,IForest,0.0,0,anomalous,True,0.7895044072149904
2_annthyroid,500,IForest,0.0,1,anomalous,True,0.8535403654194151
2_annthyroid,500,IForest,0.0,2,anomalous,True,0.8454847936489406
2_annthyroid,500,IForest,0.0,3,anomalous,True,0.7673807717004262
2_annthyroid,500,IForest,0.0,4,anomalous,True,0.8127955168991887
2_annthyroid,500,IForest,0.0,0,anomalous,False,0.8322339618235947
2_annthyroid,500,IForest,0.0,1,anomalous,False,0.8310664876539606
2_annthyroid,500,IForest,0.0,2,anomalous,False,0.8530150020430799
2_annthyroid,500,IForest,0.0,3,anomalous,False,0.7083649524254275
2_annthyroid,500,IForest,0.0,4,anomalous,False,0.8286147918977294
2_annthyroid,500,IForest,0.0,0,clusters,True,0.8036308446675617
2_annthyroid,500,IForest,0.0,1,clusters,True,0.8457182884828672
2_annthyroid,500,IForest,0.0,2,clusters,True,0.8192749985406573
2_annthyroid,500,IForest,0.0,3,clusters,True,0.7542466872920437
2_annthyroid,500,IForest,0.0,4,clusters,True,0.8395890490922887
2_annthyroid,500,IForest,0.0,0,clusters,False,0.7977934738193918
2_annthyroid,500,IForest,0.0,1,clusters,False,0.8449010565641235
2_annthyroid,500,IForest,0.0,2,clusters,False,0.8067830249255735
2_annthyroid,500,IForest,0.0,3,clusters,False,0.746191115521569
2_annthyroid,500,IForest,0.0,4,clusters,False,0.8125036483567801
2_annthyroid,500,KNN,0.004,0,random,True,0.6308446675617303
2_annthyroid,235,KNN,0.004,1,random,True,0.6287432140563889
2_annthyroid,500,KNN,0.004,2,random,True,0.6652267818574514
2_annthyroid,500,KNN,0.004,3,random,True,0.5887572237464246
2_annthyroid,500,KNN,0.004,4,random,True,0.7115171326834394
2_annthyroid,500,KNN,0.004,0,random,False,0.6308446675617303
2_annthyroid,499,KNN,0.004,1,random,False,0.6527348082423676
2_annthyroid,500,KNN,0.004,2,random,False,0.6652267818574514
2_annthyroid,500,KNN,0.004,3,random,False,0.5887572237464246
2_annthyroid,500,KNN,0.004,4,random,False,0.7115171326834394
2_annthyroid,248,KNN,0.004,0,uncertainty,True,0.6291518300157608
2_annthyroid,500,KNN,0.004,1,uncertainty,True,0.6530850504932579
2_annthyroid,500,KNN,0.004,2,uncertainty,True,0.6652267818574514
2_annthyroid,500,KNN,0.004,3,uncertainty,True,0.5887572237464246
2_annthyroid,500,KNN,0.004,4,uncertainty,True,0.7115171326834394
2_annthyroid,499,KNN,0.004,0,uncertainty,False,0.6308446675617303
2_annthyroid,500,KNN,0.004,1,uncertainty,False,0.6530850504932579
2_annthyroid,500,KNN,0.004,2,uncertainty,False,0.6652267818574514
2_annthyroid,500,KNN,0.004,3,uncertainty,False,0.5887572237464246
2_annthyroid,500,KNN,0.004,4,uncertainty,False,0.7115171326834394
2_annthyroid,500,KNN,0.004,0,anomalous,True,0.6308446675617303
2_annthyroid,164,KNN,0.004,1,anomalous,True,0.6254159126729321
2_annthyroid,500,KNN,0.004,2,anomalous,True,0.6652267818574514
2_annthyroid,156,KNN,0.004,3,anomalous,True,0.5533827564065146
2_annthyroid,500,KNN,0.004,4,anomalous,True,0.7115171326834394
2_annthyroid,498,KNN,0.004,0,anomalous,False,0.6308446675617303
2_annthyroid,499,KNN,0.004,1,anomalous,False,0.6530850504932579
2_annthyroid,500,KNN,0.004,2,anomalous,False,0.6652267818574514
2_annthyroid,499,KNN,0.004,3,anomalous,False,0.5887572237464246
2_annthyroid,500,KNN,0.004,4,anomalous,False,0.7115171326834394
2_annthyroid,500,KNN,0.004,0,clusters,True,0.6308446675617303
2_annthyroid,500,KNN,0.004,1,clusters,True,0.6530850504932579
2_annthyroid,500,KNN,0.004,2,clusters,True,0.6652267818574514
2_annthyroid,500,KNN,0.004,3,clusters,True,0.5887572237464246
2_annthyroid,500,KNN,0.004,4,clusters,True,0.7115171326834394
2_annthyroid,500,KNN,0.004,0,clusters,False,0.6308446675617303
2_annthyroid,500,KNN,0.004,1,clusters,False,0.6530850504932579
2_annthyroid,500,KNN,0.004,2,clusters,False,0.6652267818574514
2_annthyroid,500,KNN,0.004,3,clusters,False,0.5887572237464246
2_annthyroid,500,KNN,0.004,4,clusters,False,0.7115171326834394
2_annthyroid,500,IForest,0.004,0,random,True,0.8167065553674625
2_annthyroid,235,IForest,0.004,1,random,True,0.843850329811453
2_annthyroid,500,IForest,0.004,2,random,True,0.8119782849804448
2_annthyroid,500,IForest,0.004,3,random,True,0.7535462027902633
2_annthyroid,500,IForest,0.004,4,random,True,0.801646138579184
2_annthyroid,500,IForest,0.004,0,random,False,0.8008872803689219
2_annthyroid,499,IForest,0.004,1,random,False,0.8547662132975309
2_annthyroid,500,IForest,0.004,2,random,False,0.8376043430039111
2_annthyroid,500,IForest,0.004,3,random,False,0.7236004903391512
2_annthyroid,500,IForest,0.004,4,random,False,0.8430914716011908
2_annthyroid,500,IForest,0.004,0,uncertainty,True,0.835269394664643
2_annthyroid,500,IForest,0.004,1,uncertainty,True,0.8424493608078921
2_annthyroid,246,IForest,0.004,2,uncertainty,True,0.8253458642227541
2_annthyroid,500,IForest,0.004,3,uncertainty,True,0.7532543342478547
2_annthyroid,267,IForest,0.004,4,uncertainty,True,0.8031054812912265
2_annthyroid,500,IForest,0.004,0,uncertainty,False,0.7388944019613566
2_annthyroid,500,IForest,0.004,1,uncertainty,False,0.8207927149611816
2_annthyroid,500,IForest,0.004,2,uncertainty,False,0.8260463487245344
2_annthyroid,499,IForest,0.004,3,uncertainty,False,0.7826746833226315
2_annthyroid,500,IForest,0.004,4,uncertainty,False,0.8130290117331155
2_annthyroid,500,IForest,0.004,0,anomalous,True,0.8154223337808651
2_annthyroid,164,IForest,0.004,1,anomalous,True,0.8185161403303952
2_annthyroid,116,IForest,0.004,2,anomalous,True,0.8311832350709241
2_annthyroid,500,IForest,0.004,3,anomalous,True,0.7297297297297296
2_annthyroid,500,IForest,0.004,4,anomalous,True,0.8369622322106124
2_annthyroid,498,IForest,0.004,0,anomalous,False,0.8485786001984706
2_annthyroid,498,IForest,0.004,1,anomalous,False,0.8524896386667444
2_annthyroid,499,IForest,0.004,2,anomalous,False,0.8341019204950091
2_annthyroid,498,IForest,0.004,3,anomalous,False,0.7486428112778005
2_annthyroid,500,IForest,0.004,4,anomalous,False,0.8418072500145934
2_annthyroid,500,IForest,0.004,0,clusters,True,0.808650983596988
2_annthyroid,500,IForest,0.004,1,clusters,True,0.8382464537972097
2_annthyroid,500,IForest,0.004,2,clusters,True,0.8641643803630845
2_annthyroid,500,IForest,0.004,3,clusters,True,0.768373124744615
2_annthyroid,500,IForest,0.004,4,clusters,True,0.8392388068413986
2_annthyroid,500,IForest,0.004,0,clusters,False,0.7704745782499561
2_annthyroid,500,IForest,0.004,1,clusters,False,0.8158309497402371
2_annthyroid,500,IForest,0.004,2,clusters,False,0.8523728912497811
2_annthyroid,500,IForest,0.004,3,clusters,False,0.7393030179207285
2_annthyroid,500,IForest,0.004,4,clusters,False,0.8079504990952076
2_annthyroid,500,KNN,0.006,0,random,True,0.6308446675617303
2_annthyroid,299,KNN,0.006,1,random,True,0.6424026618411067
2_annthyroid,331,KNN,0.006,2,random,True,0.6196369155332438
2_annthyroid,500,KNN,0.006,3,random,True,0.5887572237464246
2_annthyroid,500,KNN,0.006,4,random,True,0.7115171326834394
2_annthyroid,500,KNN,0.006,0,random,False,0.6308446675617303
2_annthyroid,499,KNN,0.006,1,random,False,0.6527348082423676
2_annthyroid,499,KNN,0.006,2,random,False,0.6655770241083416
2_annthyroid,500,KNN,0.006,3,random,False,0.5887572237464246
2_annthyroid,500,KNN,0.006,4,random,False,0.7115171326834394
2_annthyroid,326,KNN,0.006,0,uncertainty,True,0.629735567100578
2_annthyroid,500,KNN,0.006,1,uncertainty,True,0.6530850504932579
2_annthyroid,500,KNN,0.006,2,uncertainty,True,0.6652267818574514
2_annthyroid,500,KNN,0.006,3,uncertainty,True,0.5887572237464246
2_annthyroid,500,KNN,0.006,4,uncertainty,True,0.7115171326834394
2_annthyroid,499,KNN,0.006,0,uncertainty,False,0.6308446675617303
2_annthyroid,500,KNN,0.006,1,uncertainty,False,0.6530850504932579
2_annthyroid,500,KNN,0.006,2,uncertainty,False,0.6652267818574514
2_annthyroid,500,KNN,0.006,3,uncertainty,False,0.5887572237464246
2_annthyroid,500,KNN,0.006,4,uncertainty,False,0.7115171326834394
2_annthyroid,500,KNN,0.006,0,anomalous,True,0.6308446675617303
2_annthyroid,262,KNN,0.006,1,anomalous,True,0.6403012083357656
2_annthyroid,500,KNN,0.006,2,anomalous,True,0.6652267818574514
2_annthyroid,306,KNN,0.006,3,anomalous,True,0.6057439729145994
2_annthyroid,79,KNN,0.006,4,anomalous,True,0.652092697449069
2_annthyroid,497,KNN,0.006,0,anomalous,False,0.6308446675617303
2_annthyroid,499,KNN,0.006,1,anomalous,False,0.6530850504932579
2_annthyroid,500,KNN,0.006,2,anomalous,False,0.6652267818574514
2_annthyroid,499,KNN,0.006,3,anomalous,False,0.5887572237464246
2_annthyroid,499,KNN,0.006,4,anomalous,False,0.7115171326834394
2_annthyroid,500,KNN,0.006,0,clusters,True,0.6308446675617303
2_annthyroid,500,KNN,0.006,1,clusters,True,0.6530850504932579
2_annthyroid,500,KNN,0.006,2,clusters,True,0.6652267818574514
2_annthyroid,500,KNN,0.006,3,clusters,True,0.5887572237464246
2_annthyroid,500,KNN,0.006,4,clusters,True,0.7115171326834394
2_annthyroid,500,KNN,0.006,0,clusters,False,0.6308446675617303
2_annthyroid,500,KNN,0.006,1,clusters,False,0.6530850504932579
2_annthyroid,500,KNN,0.006,2,clusters,False,0.6652267818574514
2_annthyroid,500,KNN,0.006,3,clusters,False,0.5887572237464246
2_annthyroid,500,KNN,0.006,4,clusters,False,0.7115171326834394
2_annthyroid,500,IForest,0.006,0,random,True,0.8688342770416205
2_annthyroid,299,IForest,0.006,1,random,True,0.8478781156966902
2_annthyroid,331,IForest,0.006,2,random,True,0.814663475570603
2_annthyroid,500,IForest,0.006,3,random,True,0.7706496993754014
2_annthyroid,500,IForest,0.006,4,random,True,0.8203257252933279
2_annthyroid,500,IForest,0.006,0,random,False,0.792306345222112
2_annthyroid,499,IForest,0.006,1,random,False,0.8707606094215166
2_annthyroid,499,IForest,0.006,2,random,False,0.8276224388535404
2_annthyroid,500,IForest,0.006,3,random,False,0.7910221236355145
2_annthyroid,500,IForest,0.006,4,random,False,0.8124452746482983
2_annthyroid,500,IForest,0.006,0,uncertainty,True,0.7787052711458758
2_annthyroid,244,IForest,0.006,1,uncertainty,True,0.8493374584087326
2_annthyroid,327,IForest,0.006,2,uncertainty,True,0.8126203957737435
2_annthyroid,500,IForest,0.006,3,uncertainty,True,0.7206818049150663
2_annthyroid,500,IForest,0.006,4,uncertainty,True,0.8088844784309147
2_annthyroid,500,IForest,0.006,0,uncertainty,False,0.7584495943027261
2_annthyroid,499,IForest,0.006,1,uncertainty,False,0.8653318545327184
2_annthyroid,500,IForest,0.006,2,uncertainty,False,0.8340435467865274
2_annthyroid,499,IForest,0.006,3,uncertainty,False,0.7104664059307688
2_annthyroid,500,IForest,0.006,4,uncertainty,False,0.8015293911622206
2_annthyroid,460,IForest,0.006,0,anomalous,True,0.7663300449477556
2_annthyroid,83,IForest,0.006,1,anomalous,True,0.8113361741871461
2_annthyroid,147,IForest,0.006,2,anomalous,True,0.8449594302726052
2_annthyroid,59,IForest,0.006,3,anomalous,True,0.8583270095149145
2_annthyroid,79,IForest,0.006,4,anomalous,True,0.8164730605335356
2_annthyroid,497,IForest,0.006,0,anomalous,False,0.8376043430039111
2_annthyroid,497,IForest,0.006,1,anomalous,False,0.8911330336816298
2_annthyroid,498,IForest,0.006,2,anomalous,False,0.8611289475220362
2_annthyroid,498,IForest,0.006,3,anomalous,False,0.7735100110910046
2_annthyroid,499,IForest,0.006,4,anomalous,False,0.8272721966026502
2_annthyroid,500,IForest,0.006,0,clusters,True,0.8266300858093515
2_annthyroid,500,IForest,0.006,1,clusters,True,0.834510536454381
2_annthyroid,500,IForest,0.006,2,clusters,True,0.8314167299048508
2_annthyroid,500,IForest,0.006,3,clusters,True,0.7510361333255501
2_annthyroid,500,IForest,0.006,4,clusters,True,0.808826104722433
2_annthyroid,500,IForest,0.006,0,clusters,False,0.8171735450353161
2_annthyroid,500,IForest,0.006,1,clusters,False,0.8516724067480006
2_annthyroid,500,IForest,0.006,2,clusters,False,0.8588523728912498
2_annthyroid,500,IForest,0.006,3,clusters,False,0.7482925690269103
2_annthyroid,500,IForest,0.006,4,clusters,False,0.7946996672698616
2_annthyroid,500,KNN,0.008,0,random,True,0.6308446675617303
2_annthyroid,351,KNN,0.008,1,random,True,0.6525013134084409
2_annthyroid,376,KNN,0.008,2,random,True,0.6369739069523087
2_annthyroid,500,KNN,0.008,3,random,True,0.5887572237464246
2_annthyroid,500,KNN,0.008,4,random,True,0.7115171326834394
2_annthyroid,500,KNN,0.008,0,random,False,0.6308446675617303
2_annthyroid,499,KNN,0.008,1,random,False,0.6527348082423676
2_annthyroid,499,KNN,0.008,2,random,False,0.6655770241083416
2_annthyroid,500,KNN,0.008,3,random,False,0.5887572237464246
2_annthyroid,500,KNN,0.008,4,random,False,0.7115171326834394
2_annthyroid,368,KNN,0.008,0,uncertainty,True,0.6378495125795342
2_annthyroid,500,KNN,0.008,1,uncertainty,True,0.6530850504932579
2_annthyroid,500,KNN,0.008,2,uncertainty,True,0.6652267818574514
2_annthyroid,500,KNN,0.008,3,uncertainty,True,0.5887572237464246
2_annthyroid,500,KNN,0.008,4,uncertainty,True,0.7115171326834394
2_annthyroid,499,KNN,0.008,0,uncertainty,False,0.6308446675617303
2_annthyroid,500,KNN,0.008,1,uncertainty,False,0.6530850504932579
2_annthyroid,500,KNN,0.008,2,uncertainty,False,0.6652267818574514
2_annthyroid,500,KNN,0.008,3,uncertainty,False,0.5887572237464246
2_annthyroid,500,KNN,0.008,4,uncertainty,False,0.7115171326834394
2_annthyroid,289,KNN,0.008,0,anomalous,True,0.6323040102737727
2_annthyroid,303,KNN,0.008,1,anomalous,True,0.6386667444982781
2_annthyroid,500,KNN,0.008,2,anomalous,True,0.6652267818574514
2_annthyroid,395,KNN,0.008,3,anomalous,True,0.5847294378611874
2_annthyroid,7,KNN,0.008,4,anomalous,True,0.4952425427587414
2_annthyroid,497,KNN,0.008,0,anomalous,False,0.6308446675617303
2_annthyroid,499,KNN,0.008,1,anomalous,False,0.6530850504932579
2_annthyroid,500,KNN,0.008,2,anomalous,False,0.6652267818574514
2_annthyroid,499,KNN,0.008,3,anomalous,False,0.5887572237464246
2_annthyroid,498,KNN,0.008,4,anomalous,False,0.7115171326834394
2_annthyroid,500,KNN,0.008,0,clusters,True,0.6308446675617303
2_annthyroid,500,KNN,0.008,1,clusters,True,0.6530850504932579
2_annthyroid,500,KNN,0.008,2,clusters,True,0.6652267818574514
2_annthyroid,500,KNN,0.008,3,clusters,True,0.5887572237464246
2_annthyroid,500,KNN,0.008,4,clusters,True,0.7115171326834394
2_annthyroid,500,KNN,0.008,0,clusters,False,0.6308446675617303
2_annthyroid,500,KNN,0.008,1,clusters,False,0.6530850504932579
2_annthyroid,500,KNN,0.008,2,clusters,False,0.6652267818574514
2_annthyroid,500,KNN,0.008,3,clusters,False,0.5887572237464246
2_annthyroid,500,KNN,0.008,4,clusters,False,0.7115171326834394
2_annthyroid,500,IForest,0.008,0,random,True,0.806899772342537
2_annthyroid,351,IForest,0.008,1,random,True,0.8246453797209737
2_annthyroid,376,IForest,0.008,2,random,True,0.8108691845192926
2_annthyroid,500,IForest,0.008,3,random,True,0.763703228066079
2_annthyroid,500,IForest,0.008,4,random,True,0.784134026034674
2_annthyroid,500,IForest,0.008,0,random,False,0.7948747883953068
2_annthyroid,499,IForest,0.008,1,random,False,0.8495125795341778
2_annthyroid,499,IForest,0.008,2,random,False,0.8301325083182535
2_annthyroid,500,IForest,0.008,3,random,False,0.7481174479014652
2_annthyroid,500,IForest,0.008,4,random,False,0.8189831299982488
2_annthyroid,500,IForest,0.008,0,uncertainty,True,0.8412818866382581
2_annthyroid,500,IForest,0.008,1,uncertainty,True,0.8340435467865273
2_annthyroid,384,IForest,0.008,2,uncertainty,True,0.8540657287957505
2_annthyroid,500,IForest,0.008,3,uncertainty,True,0.7304302142315101
2_annthyroid,217,IForest,0.008,4,uncertainty,True,0.809234720681805
2_annthyroid,499,IForest,0.008,0,uncertainty,False,0.8084758624715429
2_annthyroid,499,IForest,0.008,1,uncertainty,False,0.8591442414336583
2_annthyroid,498,IForest,0.008,2,uncertainty,False,0.837429221878466
2_annthyroid,499,IForest,0.008,3,uncertainty,False,0.7391278967952833
2_annthyroid,500,IForest,0.008,4,uncertainty,False,0.8018796334131107
2_annthyroid,500,IForest,0.008,0,anomalous,True,0.7767789387659798
2_annthyroid,57,IForest,0.008,1,anomalous,True,0.7754947171793825
2_annthyroid,191,IForest,0.008,2,anomalous,True,0.8831942093281187
2_annthyroid,40,IForest,0.008,3,anomalous,True,0.8127371431907069
2_annthyroid,455,IForest,0.008,4,anomalous,True,0.8290817815655829
2_annthyroid,497,IForest,0.008,0,anomalous,False,0.8088261047224331
2_annthyroid,497,IForest,0.008,1,anomalous,False,0.8806841398634055
2_annthyroid,498,IForest,0.008,2,anomalous,False,0.8269803280602417
2_annthyroid,498,IForest,0.008,3,anomalous,False,0.7716420524195903
2_annthyroid,499,IForest,0.008,4,anomalous,False,0.8242951374700834
2_annthyroid,500,IForest,0.008,0,clusters,True,0.803397349833635
2_annthyroid,500,IForest,0.008,1,clusters,True,0.8367871110851672
2_annthyroid,500,IForest,0.008,2,clusters,True,0.8211429572120716
2_annthyroid,500,IForest,0.008,3,clusters,True,0.7944077987274532
2_annthyroid,500,IForest,0.008,4,clusters,True,0.8045064502947873
2_annthyroid,500,IForest,0.008,0,clusters,False,0.7976767264024284
2_annthyroid,500,IForest,0.008,1,clusters,False,0.832934446325375
2_annthyroid,500,IForest,0.008,2,clusters,False,0.8301908820267352
2_annthyroid,500,IForest,0.008,3,clusters,False,0.754772050668379
2_annthyroid,500,IForest,0.008,4,clusters,False,0.8071332671764637
2_annthyroid,500,KNN,0.013,0,random,True,0.6308446675617303
2_annthyroid,402,KNN,0.013,1,random,True,0.6384332496643512
2_annthyroid,412,KNN,0.013,2,random,True,0.6478897904383866
2_annthyroid,433,KNN,0.013,3,random,True,0.572529332788512
2_annthyroid,387,KNN,0.013,4,random,True,0.7029945712451111
2_annthyroid,500,KNN,0.013,0,random,False,0.6308446675617303
2_annthyroid,499,KNN,0.013,1,random,False,0.6527348082423676
2_annthyroid,499,KNN,0.013,2,random,False,0.6655770241083416
2_annthyroid,499,KNN,0.013,3,random,False,0.5887572237464246
2_annthyroid,499,KNN,0.013,4,random,False,0.7115171326834394
2_annthyroid,413,KNN,0.013,0,uncertainty,True,0.6387251182067597
2_annthyroid,374,KNN,0.013,1,uncertainty,True,0.6528515556593311
2_annthyroid,500,KNN,0.013,2,uncertainty,True,0.6652267818574514
2_annthyroid,500,KNN,0.013,3,uncertainty,True,0.5887572237464246
2_annthyroid,500,KNN,0.013,4,uncertainty,True,0.7115171326834394
2_annthyroid,499,KNN,0.013,0,uncertainty,False,0.6308446675617303
2_annthyroid,499,KNN,0.013,1,uncertainty,False,0.6533185453271847
2_annthyroid,500,KNN,0.013,2,uncertainty,False,0.6652267818574514
2_annthyroid,500,KNN,0.013,3,uncertainty,False,0.5887572237464246
2_annthyroid,500,KNN,0.013,4,uncertainty,False,0.7115171326834394
2_annthyroid,382,KNN,0.013,0,anomalous,True,0.6340552215282236
2_annthyroid,405,KNN,0.013,1,anomalous,True,0.6396007238339853
2_annthyroid,351,KNN,0.013,2,anomalous,True,0.6309030412702119
2_annthyroid,362,KNN,0.013,3,anomalous,True,0.5915007880450646
2_annthyroid,55,KNN,0.013,4,anomalous,True,0.6292685774327244
2_annthyroid,497,KNN,0.013,0,anomalous,False,0.6308446675617303
2_annthyroid,499,KNN,0.013,1,anomalous,False,0.6530850504932579
2_annthyroid,499,KNN,0.013,2,anomalous,False,0.6654019029828966
2_annthyroid,498,KNN,0.013,3,anomalous,False,0.5887572237464246
2_annthyroid,497,KNN,0.013,4,anomalous,False,0.7115171326834394
2_annthyroid,500,KNN,0.013,0,clusters,True,0.6308446675617303
2_annthyroid,500,KNN,0.013,1,clusters,True,0.6530850504932579
2_annthyroid,500,KNN,0.013,2,clusters,True,0.6652267818574514
2_annthyroid,500,KNN,0.013,3,clusters,True,0.5887572237464246
2_annthyroid,500,KNN,0.013,4,clusters,True,0.7115171326834394
2_annthyroid,499,KNN,0.013,0,clusters,False,0.6308446675617303
2_annthyroid,500,KNN,0.013,1,clusters,False,0.6530850504932579
2_annthyroid,500,KNN,0.013,2,clusters,False,0.6652267818574514
2_annthyroid,500,KNN,0.013,3,clusters,False,0.5887572237464246
2_annthyroid,500,KNN,0.013,4,clusters,False,0.7115171326834394
2_annthyroid,500,IForest,0.013,0,random,True,0.8264549646839063
2_annthyroid,402,IForest,0.013,1,random,True,0.8495709532426595
2_annthyroid,412,IForest,0.013,2,random,True,0.8447843091471601
2_annthyroid,433,IForest,0.013,3,random,True,0.7314809409841808
2_annthyroid,387,IForest,0.013,4,random,True,0.7988442005720623
2_annthyroid,500,IForest,0.013,0,random,False,0.8124452746482983
2_annthyroid,499,IForest,0.013,1,random,False,0.8144883544451579
2_annthyroid,499,IForest,0.013,2,random,False,0.8574514038876889
2_annthyroid,499,IForest,0.013,3,random,False,0.7394197653376919
2_annthyroid,499,IForest,0.013,4,random,False,0.8615959371898897
2_annthyroid,406,IForest,0.013,0,uncertainty,True,0.7516198704103672
2_annthyroid,500,IForest,0.013,1,uncertainty,True,0.844609188021715
2_annthyroid,349,IForest,0.013,2,uncertainty,True,0.8342186679119725
2_annthyroid,349,IForest,0.013,3,uncertainty,True,0.750861012200105
2_annthyroid,440,IForest,0.013,4,uncertainty,True,0.8242951374700834
2_annthyroid,499,IForest,0.013,0,uncertainty,False,0.7673807717004262
2_annthyroid,499,IForest,0.013,1,uncertainty,False,0.839939291343179
2_annthyroid,498,IForest,0.013,2,uncertainty,False,0.8471192574864281
2_annthyroid,497,IForest,0.013,3,uncertainty,False,0.7485260638608371
2_annthyroid,499,IForest,0.013,4,uncertainty,False,0.846360399276166
2_annthyroid,498,IForest,0.013,0,anomalous,True,0.7970346156091297
2_annthyroid,36,IForest,0.013,1,anomalous,True,0.8166481816589808
2_annthyroid,165,IForest,0.013,2,anomalous,True,0.8527231335006713
2_annthyroid,123,IForest,0.013,3,anomalous,True,0.7811569669021072
2_annthyroid,492,IForest,0.013,4,anomalous,True,0.8439087035199346
2_annthyroid,496,IForest,0.013,0,anomalous,False,0.8060241667153114
2_annthyroid,496,IForest,0.013,1,anomalous,False,0.8439670772284164
2_annthyroid,497,IForest,0.013,2,anomalous,False,0.8320004669896678
2_annthyroid,496,IForest,0.013,3,anomalous,False,0.7557060300040862
2_annthyroid,499,IForest,0.013,4,anomalous,False,0.8323507092405581
2_annthyroid,500,IForest,0.013,0,clusters,True,0.8209094623781449
2_annthyroid,500,IForest,0.013,1,clusters,True,0.8285564181892475
2_annthyroid,500,IForest,0.013,2,clusters,True,0.8668495709532428
2_annthyroid,500,IForest,0.013,3,clusters,True,0.7604926740995855
2_annthyroid,500,IForest,0.013,4,clusters,True,0.8019963808300742
2_annthyroid,499,IForest,0.013,0,clusters,False,0.7948164146868251
2_annthyroid,500,IForest,0.013,1,clusters,False,0.7993695639483976
2_annthyroid,500,IForest,0.013,2,clusters,False,0.8343937890374176
2_annthyroid,500,IForest,0.013,3,clusters,False,0.7618352693946647
2_annthyroid,500,IForest,0.013,4,clusters,False,0.7919561029712218
2_annthyroid,435,KNN,0.02,0,random,True,0.6400093397933571
2_annthyroid,433,KNN,0.02,1,random,True,0.6425194092580703
2_annthyroid,440,KNN,0.02,2,random,True,0.6637090654369271
2_annthyroid,466,KNN,0.02,3,random,True,0.5809935205183585
2_annthyroid,434,KNN,0.02,4,random,True,0.7141439495651158
2_annthyroid,499,KNN,0.02,0,random,False,0.6307279201447669
2_annthyroid,499,KNN,0.02,1,random,False,0.6527348082423676
2_annthyroid,499,KNN,0.02,2,random,False,0.6655770241083416
2_annthyroid,499,KNN,0.02,3,random,False,0.5887572237464246
2_annthyroid,499,KNN,0.02,4,random,False,0.7115171326834394
2_annthyroid,413,KNN,0.02,0,uncertainty,True,0.6387251182067597
2_annthyroid,430,KNN,0.02,1,uncertainty,True,0.6424610355495884
2_annthyroid,454,KNN,0.02,2,uncertainty,True,0.6648765396065611
2_annthyroid,439,KNN,0.02,3,uncertainty,True,0.5742221703344814
2_annthyroid,464,KNN,0.02,4,uncertainty,True,0.7092989317611349
2_annthyroid,498,KNN,0.02,0,uncertainty,False,0.6308446675617303
2_annthyroid,499,KNN,0.02,1,uncertainty,False,0.6533185453271847
2_annthyroid,499,KNN,0.02,2,uncertainty,False,0.6652267818574514
2_annthyroid,499,KNN,0.02,3,uncertainty,False,0.5887572237464246
2_annthyroid,499,KNN,0.02,4,uncertainty,False,0.7115171326834394
2_annthyroid,243,KNN,0.02,0,anomalous,True,0.6268752553849746
2_annthyroid,313,KNN,0.02,1,anomalous,True,0.6463137003093806
2_annthyroid,317,KNN,0.02,2,anomalous,True,0.6179440779872746
2_annthyroid,311,KNN,0.02,3,anomalous,True,0.605802346623081
2_annthyroid,113,KNN,0.02,4,anomalous,True,0.6641176813962991
2_annthyroid,494,KNN,0.02,0,anomalous,False,0.6311949098126204
2_annthyroid,497,KNN,0.02,1,anomalous,False,0.6531434242017397
2_annthyroid,497,KNN,0.02,2,anomalous,False,0.6654602766913782
2_annthyroid,496,KNN,0.02,3,anomalous,False,0.5887572237464246
2_annthyroid,495,KNN,0.02,4,anomalous,False,0.7115755063919211
2_annthyroid,500,KNN,0.02,0,clusters,True,0.6308446675617303
2_annthyroid,500,KNN,0.02,1,clusters,True,0.6530850504932579
2_annthyroid,447,KNN,0.02,2,clusters,True,0.6626583386842567
2_annthyroid,493,KNN,0.02,3,clusters,True,0.5886988500379429
2_annthyroid,455,KNN,0.02,4,clusters,True,0.7099410425544336
2_annthyroid,499,KNN,0.02,0,clusters,False,0.6308446675617303
2_annthyroid,500,KNN,0.02,1,clusters,False,0.6530850504932579
2_annthyroid,499,KNN,0.02,2,clusters,False,0.664934913315043
2_annthyroid,499,KNN,0.02,3,clusters,False,0.5887572237464246
2_annthyroid,499,KNN,0.02,4,clusters,False,0.7115755063919211
2_annthyroid,435,IForest,0.02,0,random,True,0.7739186270503766
2_annthyroid,433,IForest,0.02,1,random,True,0.8600198470608836
2_annthyroid,440,IForest,0.02,2,random,True,0.8270970754772051
2_annthyroid,466,IForest,0.02,3,random,True,0.7273947813904618
2_annthyroid,434,IForest,0.02,4,random,True,0.8095849629326951
2_annthyroid,499,IForest,0.02,0,random,False,0.7869943377502773
2_annthyroid,499,IForest,0.02,1,random,False,0.8452512988150138
2_annthyroid,499,IForest,0.02,2,random,False,0.8251123693888274
2_annthyroid,499,IForest,0.02,3,random,False,0.7073725993812388
2_annthyroid,499,IForest,0.02,4,random,False,0.8690677718755473
2_annthyroid,500,IForest,0.02,0,uncertainty,True,0.8044480765863056
2_annthyroid,410,IForest,0.02,1,uncertainty,True,0.8300157609012901
2_annthyroid,342,IForest,0.02,2,uncertainty,True,0.8325842040744849
2_annthyroid,356,IForest,0.02,3,uncertainty,True,0.7624773801879634
2_annthyroid,353,IForest,0.02,4,uncertainty,True,0.825345864222754
2_annthyroid,497,IForest,0.02,0,uncertainty,False,0.7980853423618002
2_annthyroid,498,IForest,0.02,1,uncertainty,False,0.8594944836845485
2_annthyroid,498,IForest,0.02,2,uncertainty,False,0.8518475278734458
2_annthyroid,500,IForest,0.02,3,uncertainty,False,0.728912497810986
2_annthyroid,498,IForest,0.02,4,uncertainty,False,0.8404646547195143
2_annthyroid,250,IForest,0.02,0,anomalous,True,0.7869943377502773
2_annthyroid,211,IForest,0.02,1,anomalous,True,0.8422158659739654
2_annthyroid,226,IForest,0.02,2,anomalous,True,0.85336524429397
2_annthyroid,216,IForest,0.02,3,anomalous,True,0.7568151304652384
2_annthyroid,317,IForest,0.02,4,anomalous,True,0.8371373533360574
2_annthyroid,493,IForest,0.02,0,anomalous,False,0.8670246920786878
2_annthyroid,495,IForest,0.02,1,anomalous,False,0.8549413344229759
2_annthyroid,495,IForest,0.02,2,anomalous,False,0.8331095674508202
2_annthyroid,495,IForest,0.02,3,anomalous,False,0.7022940867433307
2_annthyroid,497,IForest,0.02,4,anomalous,False,0.8534819917109334
2_annthyroid,500,IForest,0.02,0,clusters,True,0.7848345105364544
2_annthyroid,500,IForest,0.02,1,clusters,True,0.8496877006596228
2_annthyroid,447,IForest,0.02,2,clusters,True,0.8317085984472594
2_annthyroid,493,IForest,0.02,3,clusters,True,0.7473585896912031
2_annthyroid,455,IForest,0.02,4,clusters,True,0.8139629910688226
2_annthyroid,499,IForest,0.02,0,clusters,False,0.7941159301850447
2_annthyroid,500,IForest,0.02,1,clusters,False,0.8467106415270562
2_annthyroid,499,IForest,0.02,2,clusters,False,0.8607787052711459
2_annthyroid,499,IForest,0.02,3,clusters,False,0.7652209444866033
2_annthyroid,499,IForest,0.02,4,clusters,False,0.7942910513104898
2_annthyroid,450,KNN,0.03,0,random,True,0.6398925923763937
2_annthyroid,464,KNN,0.03,1,random,True,0.6446208627634115
2_annthyroid,459,KNN,0.03,2,random,True,0.6616659856400677
2_annthyroid,419,KNN,0.03,3,random,True,0.572937948747884
2_annthyroid,454,KNN,0.03,4,random,True,0.7158367871110852
2_annthyroid,499,KNN,0.03,0,random,False,0.6307279201447669
2_annthyroid,499,KNN,0.03,1,random,False,0.6527348082423676
2_annthyroid,499,KNN,0.03,2,random,False,0.6655770241083416
2_annthyroid,497,KNN,0.03,3,random,False,0.5877064969937539
2_annthyroid,499,KNN,0.03,4,random,False,0.7115171326834394
2_annthyroid,437,KNN,0.03,0,uncertainty,True,0.6396007238339853
2_annthyroid,454,KNN,0.03,1,uncertainty,True,0.6482400326892768
2_annthyroid,466,KNN,0.03,2,uncertainty,True,0.6631253283521101
2_annthyroid,463,KNN,0.03,3,uncertainty,True,0.5795341778063161
2_annthyroid,485,KNN,0.03,4,uncertainty,True,0.7122176171852198
2_annthyroid,498,KNN,0.03,0,uncertainty,False,0.6308446675617303
2_annthyroid,499,KNN,0.03,1,uncertainty,False,0.6533185453271847
2_annthyroid,499,KNN,0.03,2,uncertainty,False,0.6652267818574514
2_annthyroid,499,KNN,0.03,3,uncertainty,False,0.5887572237464246
2_annthyroid,499,KNN,0.03,4,uncertainty,False,0.7115171326834394
2_annthyroid,318,KNN,0.03,0,anomalous,True,0.62740061876131
2_annthyroid,317,KNN,0.03,1,anomalous,True,0.6431031463428872
2_annthyroid,331,KNN,0.03,2,anomalous,True,0.6196369155332438
2_annthyroid,409,KNN,0.03,3,anomalous,True,0.5847294378611874
2_annthyroid,216,KNN,0.03,4,anomalous,True,0.6739244644212247
2_annthyroid,493,KNN,0.03,0,anomalous,False,0.6311949098126204
2_annthyroid,496,KNN,0.03,1,anomalous,False,0.6533185453271847
2_annthyroid,495,KNN,0.03,2,anomalous,False,0.66551865039986
2_annthyroid,496,KNN,0.03,3,anomalous,False,0.5887572237464246
2_annthyroid,494,KNN,0.03,4,anomalous,False,0.7115755063919211
2_annthyroid,466,KNN,0.03,0,clusters,True,0.6330044947755531
2_annthyroid,449,KNN,0.03,1,clusters,True,0.6463720740178623
2_annthyroid,458,KNN,0.03,2,clusters,True,0.6616659856400677
2_annthyroid,467,KNN,0.03,3,clusters,True,0.5818691261455841
2_annthyroid,468,KNN,0.03,4,clusters,True,0.7097075477205068
2_annthyroid,498,KNN,0.03,0,clusters,False,0.6308446675617303
2_annthyroid,499,KNN,0.03,1,clusters,False,0.652851555659331
2_annthyroid,499,KNN,0.03,2,clusters,False,0.664934913315043
2_annthyroid,498,KNN,0.03,3,clusters,False,0.5887572237464246
2_annthyroid,499,KNN,0.03,4,clusters,False,0.7115755063919211
2_annthyroid,450,IForest,0.03,0,random,True,0.811569669021073
2_annthyroid,464,IForest,0.03,1,random,True,0.8829607144941918
2_annthyroid,459,IForest,0.03,2,random,True,0.8596112311015118
2_annthyroid,419,IForest,0.03,3,random,True,0.708481699842391
2_annthyroid,454,IForest,0.03,4,random,True,0.8360866265833868
2_annthyroid,499,IForest,0.03,0,random,False,0.790555133967661
2_annthyroid,499,IForest,0.03,1,random,False,0.8458934096083124
2_annthyroid,499,IForest,0.03,2,random,False,0.8310664876539607
2_annthyroid,497,IForest,0.03,3,random,False,0.765863055279902
2_annthyroid,499,IForest,0.03,4,random,False,0.8027552390403363
2_annthyroid,401,IForest,0.03,0,uncertainty,True,0.802988733874263
2_annthyroid,404,IForest,0.03,1,uncertainty,True,0.8543575973381589
2_annthyroid,265,IForest,0.03,2,uncertainty,True,0.8199754830424377
2_annthyroid,367,IForest,0.03,3,uncertainty,True,0.7435059249314109
2_annthyroid,448,IForest,0.03,4,uncertainty,True,0.8217266942968887
2_annthyroid,497,IForest,0.03,0,uncertainty,False,0.7993695639483978
2_annthyroid,497,IForest,0.03,1,uncertainty,False,0.8196252407915474
2_annthyroid,493,IForest,0.03,2,uncertainty,False,0.8355028894985699
2_annthyroid,495,IForest,0.03,3,uncertainty,False,0.7705329519584379
2_annthyroid,497,IForest,0.03,4,uncertainty,False,0.8229525421750045
2_annthyroid,225,IForest,0.03,0,anomalous,True,0.835094273539198
2_annthyroid,253,IForest,0.03,1,anomalous,True,0.8342770416204541
2_annthyroid,322,IForest,0.03,2,anomalous,True,0.8220769365477789
2_annthyroid,228,IForest,0.03,3,anomalous,True,0.7437394197653378
2_annthyroid,238,IForest,0.03,4,anomalous,True,0.831591851030296
2_annthyroid,492,IForest,0.03,0,anomalous,False,0.8423326133909288
2_annthyroid,495,IForest,0.03,1,anomalous,False,0.869301266709474
2_annthyroid,495,IForest,0.03,2,anomalous,False,0.8455431673574223
2_annthyroid,492,IForest,0.03,3,anomalous,False,0.7637616017745608
2_annthyroid,493,IForest,0.03,4,anomalous,False,0.8561088085926098
2_annthyroid,466,IForest,0.03,0,clusters,True,0.8076586305527991
2_annthyroid,449,IForest,0.03,1,clusters,True,0.852606386083708
2_annthyroid,458,IForest,0.03,2,clusters,True,0.7902048917167708
2_annthyroid,467,IForest,0.03,3,clusters,True,0.761952016811628
2_annthyroid,468,IForest,0.03,4,clusters,True,0.8244702585955286
2_annthyroid,498,IForest,0.03,0,clusters,False,0.7791138871052479
2_annthyroid,499,IForest,0.03,1,clusters,False,0.8593777362675852
2_annthyroid,499,IForest,0.03,2,clusters,False,0.8095849629326951
2_annthyroid,498,IForest,0.03,3,clusters,False,0.7568735041737201
2_annthyroid,499,IForest,0.03,4,clusters,False,0.7828498044480766
2_annthyroid,448,KNN,0.04,0,random,True,0.6390753604576499
2_annthyroid,444,KNN,0.04,1,random,True,0.6463137003093805
2_annthyroid,467,KNN,0.04,2,random,True,0.663533944311482
2_annthyroid,450,KNN,0.04,3,random,True,0.5729963224563657
2_annthyroid,464,KNN,0.04,4,random,True,0.7113420115579944
2_annthyroid,498,KNN,0.04,0,random,False,0.6307279201447669
2_annthyroid,498,KNN,0.04,1,random,False,0.6527348082423676
2_annthyroid,499,KNN,0.04,2,random,False,0.6655770241083416
2_annthyroid,497,KNN,0.04,3,random,False,0.5877064969937539
2_annthyroid,499,KNN,0.04,4,random,False,0.7115171326834394
2_annthyroid,449,KNN,0.04,0,uncertainty,True,0.639659097542467
2_annthyroid,374,KNN,0.04,1,uncertainty,True,0.6527348082423677
2_annthyroid,478,KNN,0.04,2,uncertainty,True,0.6635923180199639
2_annthyroid,446,KNN,0.04,3,uncertainty,True,0.5750977759617069
2_annthyroid,458,KNN,0.04,4,uncertainty,True,0.7102329110968421
2_annthyroid,498,KNN,0.04,0,uncertainty,False,0.6308446675617303
2_annthyroid,496,KNN,0.04,1,uncertainty,False,0.6533185453271847
2_annthyroid,499,KNN,0.04,2,uncertainty,False,0.6652267818574514
2_annthyroid,498,KNN,0.04,3,uncertainty,False,0.5889907185803515
2_annthyroid,498,KNN,0.04,4,uncertainty,False,0.7115171326834394
2_annthyroid,332,KNN,0.04,0,anomalous,True,0.6277508610122001
2_annthyroid,372,KNN,0.04,1,anomalous,True,0.6526180608254044
2_annthyroid,389,KNN,0.04,2,anomalous,True,0.6437452571361859
2_annthyroid,310,KNN,0.04,3,anomalous,True,0.6060358414570078
2_annthyroid,254,KNN,0.04,4,anomalous,True,0.6722900005837371
2_annthyroid,492,KNN,0.04,0,anomalous,False,0.6311949098126204
2_annthyroid,496,KNN,0.04,1,anomalous,False,0.6533185453271847
2_annthyroid,495,KNN,0.04,2,anomalous,False,0.66551865039986
2_annthyroid,492,KNN,0.04,3,anomalous,False,0.5891074659973148
2_annthyroid,492,KNN,0.04,4,anomalous,False,0.7115755063919211
2_annthyroid,473,KNN,0.04,0,clusters,True,0.6359815539081198
2_annthyroid,464,KNN,0.04,1,clusters,True,0.6446208627634115
2_annthyroid,500,KNN,0.04,2,clusters,True,0.6652267818574514
2_annthyroid,465,KNN,0.04,3,clusters,True,0.5806432782674683
2_annthyroid,481,KNN,0.04,4,clusters,True,0.7115755063919211
2_annthyroid,497,KNN,0.04,0,clusters,False,0.6308446675617303
2_annthyroid,499,KNN,0.04,1,clusters,False,0.652851555659331
2_annthyroid,500,KNN,0.04,2,clusters,False,0.6652267818574514
2_annthyroid,497,KNN,0.04,3,clusters,False,0.5887572237464246
2_annthyroid,498,KNN,0.04,4,clusters,False,0.7115755063919211
2_annthyroid,448,IForest,0.04,0,random,True,0.8065495300916468
2_annthyroid,444,IForest,0.04,1,random,True,0.8548829607144942
2_annthyroid,467,IForest,0.04,2,random,True,0.8476446208627635
2_annthyroid,450,IForest,0.04,3,random,True,0.7458408732706789
2_annthyroid,464,IForest,0.04,4,random,True,0.8134376276924873
2_annthyroid,498,IForest,0.04,0,random,False,0.798727453155099
2_annthyroid,498,IForest,0.04,1,random,False,0.8567509193859086
2_annthyroid,499,IForest,0.04,2,random,False,0.824587006012492
2_annthyroid,497,IForest,0.04,3,random,False,0.760609421516549
2_annthyroid,499,IForest,0.04,4,random,False,0.8370206059190941
2_annthyroid,427,IForest,0.04,0,uncertainty,True,0.7937656879341544
2_annthyroid,417,IForest,0.04,1,uncertainty,True,0.8290234078571012
2_annthyroid,312,IForest,0.04,2,uncertainty,True,0.7868775903333138
2_annthyroid,466,IForest,0.04,3,uncertainty,True,0.7449652676434534
2_annthyroid,400,IForest,0.04,4,uncertainty,True,0.8310664876539606
2_annthyroid,496,IForest,0.04,0,uncertainty,False,0.8339267993695639
2_annthyroid,497,IForest,0.04,1,uncertainty,False,0.8711108516724068
2_annthyroid,495,IForest,0.04,2,uncertainty,False,0.8131457591500788
2_annthyroid,496,IForest,0.04,3,uncertainty,False,0.7229583795458525
2_annthyroid,496,IForest,0.04,4,uncertainty,False,0.8173486661607612
2_annthyroid,308,IForest,0.04,0,anomalous,True,0.8293736501079914
2_annthyroid,282,IForest,0.04,1,anomalous,True,0.838188080088728
2_annthyroid,363,IForest,0.04,2,anomalous,True,0.8386550697565817
2_annthyroid,241,IForest,0.04,3,anomalous,True,0.7538964450411535
2_annthyroid,223,IForest,0.04,4,anomalous,True,0.8171151713268344
2_annthyroid,492,IForest,0.04,0,anomalous,False,0.8566925456774269
2_annthyroid,494,IForest,0.04,1,anomalous,False,0.8899071858035141
2_annthyroid,494,IForest,0.04,2,anomalous,False,0.8612456949389996
2_annthyroid,492,IForest,0.04,3,anomalous,False,0.7635864806491156
2_annthyroid,491,IForest,0.04,4,anomalous,False,0.8941100928141965
2_annthyroid,473,IForest,0.04,0,clusters,True,0.8353277683731247
2_annthyroid,464,IForest,0.04,1,clusters,True,0.8218434417138522
2_annthyroid,500,IForest,0.04,2,clusters,True,0.8208510886696633
2_annthyroid,465,IForest,0.04,3,clusters,True,0.7395365127546553
2_annthyroid,481,IForest,0.04,4,clusters,True,0.8454847936489406
2_annthyroid,497,IForest,0.04,0,clusters,False,0.8491039635748059
2_annthyroid,499,IForest,0.04,1,clusters,False,0.8408732706788863
2_annthyroid,500,IForest,0.04,2,clusters,False,0.8724534469674857
2_annthyroid,497,IForest,0.04,3,clusters,False,0.7432140563890024
2_annthyroid,498,IForest,0.04,4,clusters,False,0.8417488763061118
2_annthyroid,457,KNN,0.06,0,random,True,0.640593076878174
2_annthyroid,409,KNN,0.06,1,random,True,0.639250481583095
2_annthyroid,465,KNN,0.06,2,random,True,0.6628918335181835
2_annthyroid,453,KNN,0.06,3,random,True,0.5756231393380422
2_annthyroid,481,KNN,0.06,4,random,True,0.7130348491039636
2_annthyroid,498,KNN,0.06,0,random,False,0.6307279201447669
2_annthyroid,495,KNN,0.06,1,random,False,0.6517424551981787
2_annthyroid,498,KNN,0.06,2,random,False,0.6653435292744149
2_annthyroid,495,KNN,0.06,3,random,False,0.5877064969937539
2_annthyroid,499,KNN,0.06,4,random,False,0.7115171326834394
2_annthyroid,431,KNN,0.06,0,uncertainty,True,0.6376743914540891
2_annthyroid,408,KNN,0.06,1,uncertainty,True,0.6387251182067597
2_annthyroid,465,KNN,0.06,2,uncertainty,True,0.6628918335181835
2_annthyroid,446,KNN,0.06,3,uncertainty,True,0.5764987449652677
2_annthyroid,454,KNN,0.06,4,uncertainty,True,0.7158367871110852
2_annthyroid,496,KNN,0.06,0,uncertainty,False,0.6308446675617303
2_annthyroid,496,KNN,0.06,1,uncertainty,False,0.6533185453271847
2_annthyroid,498,KNN,0.06,2,uncertainty,False,0.6652851555659332
2_annthyroid,497,KNN,0.06,3,uncertainty,False,0.5889907185803515
2_annthyroid,497,KNN,0.06,4,uncertainty,False,0.7112836378495125
2_annthyroid,392,KNN,0.06,0,anomalous,True,0.6367404121183817
2_annthyroid,400,KNN,0.06,1,anomalous,True,0.6372074017862356
2_annthyroid,408,KNN,0.06,2,anomalous,True,0.6487653960656121
2_annthyroid,340,KNN,0.06,3,anomalous,True,0.5998482283579476
2_annthyroid,317,KNN,0.06,4,anomalous,True,0.6939466464304478
2_annthyroid,492,KNN,0.06,0,anomalous,False,0.6311949098126204
2_annthyroid,495,KNN,0.06,1,anomalous,False,0.6532017979102214
2_annthyroid,494,KNN,0.06,2,anomalous,False,0.6655770241083416
2_annthyroid,490,KNN,0.06,3,anomalous,False,0.5896912030821317
2_annthyroid,490,KNN,0.06,4,anomalous,False,0.7113420115579943
2_annthyroid,469,KNN,0.06,0,clusters,True,0.6341719689451871
2_annthyroid,444,KNN,0.06,1,clusters,True,0.6435701360107408
2_annthyroid,460,KNN,0.06,2,clusters,True,0.6613741170976594
2_annthyroid,476,KNN,0.06,3,clusters,True,0.5843208219018153
2_annthyroid,416,KNN,0.06,4,clusters,True,0.7091821843441714
2_annthyroid,496,KNN,0.06,0,clusters,False,0.6308446675617303
2_annthyroid,497,KNN,0.06,1,clusters,False,0.6529099293678128
2_annthyroid,498,KNN,0.06,2,clusters,False,0.6651684081489697
2_annthyroid,497,KNN,0.06,3,clusters,False,0.5887572237464246
2_annthyroid,494,KNN,0.06,4,clusters,False,0.7154865448601949
2_annthyroid,457,IForest,0.06,0,random,True,0.8331095674508202
2_annthyroid,409,IForest,0.06,1,random,True,0.8327593251999299
2_annthyroid,465,IForest,0.06,2,random,True,0.8202673515848462
2_annthyroid,453,IForest,0.06,3,random,True,0.7396532601716188
2_annthyroid,481,IForest,0.06,4,random,True,0.8035140972505984
2_annthyroid,498,IForest,0.06,0,random,False,0.7902632654252526
2_annthyroid,495,IForest,0.06,1,random,False,0.8775319596053937
2_annthyroid,498,IForest,0.06,2,random,False,0.8556418189247563
2_annthyroid,495,IForest,0.06,3,random,False,0.7437977934738194
2_annthyroid,499,IForest,0.06,4,random,False,0.8352693946646431
2_annthyroid,453,IForest,0.06,0,uncertainty,True,0.7860603584145701
2_annthyroid,386,IForest,0.06,1,uncertainty,True,0.8558753137586832
2_annthyroid,359,IForest,0.06,2,uncertainty,True,0.8284396707722842
2_annthyroid,377,IForest,0.06,3,uncertainty,True,0.7374350592493141
2_annthyroid,336,IForest,0.06,4,uncertainty,True,0.787811569669021
2_annthyroid,495,IForest,0.06,0,uncertainty,False,0.8297238923588816
2_annthyroid,495,IForest,0.06,1,uncertainty,False,0.8469441363609831
2_annthyroid,491,IForest,0.06,2,uncertainty,False,0.8413986340552215
2_annthyroid,491,IForest,0.06,3,uncertainty,False,0.773626758507968
2_annthyroid,495,IForest,0.06,4,uncertainty,False,0.8195084933745841
2_annthyroid,367,IForest,0.06,0,anomalous,True,0.8129706380246338
2_annthyroid,321,IForest,0.06,1,anomalous,True,0.8546494658805673
2_annthyroid,387,IForest,0.06,2,anomalous,True,0.8427996030587823
2_annthyroid,358,IForest,0.06,3,anomalous,True,0.7544218084174888
2_annthyroid,306,IForest,0.06,4,anomalous,True,0.8205592201272548
2_annthyroid,489,IForest,0.06,0,anomalous,False,0.8666160761193159
2_annthyroid,493,IForest,0.06,1,anomalous,False,0.8948689510244586
2_annthyroid,491,IForest,0.06,2,anomalous,False,0.862880158776487
2_annthyroid,490,IForest,0.06,3,anomalous,False,0.7741521218843033
2_annthyroid,489,IForest,0.06,4,anomalous,False,0.8851789154164964
2_annthyroid,469,IForest,0.06,0,clusters,True,0.8150720915299748
2_annthyroid,444,IForest,0.06,1,clusters,True,0.871461093923297
2_annthyroid,460,IForest,0.06,2,clusters,True,0.8184577666219135
2_annthyroid,476,IForest,0.06,3,clusters,True,0.7751444749284923
2_annthyroid,416,IForest,0.06,4,clusters,True,0.8102270737259938
2_annthyroid,496,IForest,0.06,0,clusters,False,0.8643395014885296
2_annthyroid,497,IForest,0.06,1,clusters,False,0.8794582919852898
2_annthyroid,498,IForest,0.06,2,clusters,False,0.8221936839647424
2_annthyroid,497,IForest,0.06,3,clusters,False,0.781623956569961
2_annthyroid,494,IForest,0.06,4,clusters,False,0.8584437569318779
2_annthyroid,470,KNN,0.08,0,random,True,0.6344638374875956
2_annthyroid,429,KNN,0.08,1,random,True,0.641585429922363
2_annthyroid,460,KNN,0.08,2,random,True,0.6617243593485496
2_annthyroid,469,KNN,0.08,3,random,True,0.5830366003152181
2_annthyroid,440,KNN,0.08,4,random,True,0.717821493199463
2_annthyroid,498,KNN,0.08,0,random,False,0.6307279201447669
2_annthyroid,495,KNN,0.08,1,random,False,0.6517424551981787
2_annthyroid,497,KNN,0.08,2,random,False,0.6687875780748351
2_annthyroid,495,KNN,0.08,3,random,False,0.5877064969937539
2_annthyroid,496,KNN,0.08,4,random,False,0.7151946763177865
2_annthyroid,443,KNN,0.08,0,uncertainty,True,0.6390169867491682
2_annthyroid,427,KNN,0.08,1,uncertainty,True,0.640593076878174
2_annthyroid,462,KNN,0.08,2,uncertainty,True,0.6616659856400677
2_annthyroid,414,KNN,0.08,3,uncertainty,True,0.5866557702410835
2_annthyroid,453,KNN,0.08,4,uncertainty,True,0.7185803514097251
2_annthyroid,496,KNN,0.08,0,uncertainty,False,0.6308446675617303
2_annthyroid,496,KNN,0.08,1,uncertainty,False,0.6533185453271847
2_annthyroid,497,KNN,0.08,2,uncertainty,False,0.6652851555659332
2_annthyroid,494,KNN,0.08,3,uncertainty,False,0.5893993345397233
2_annthyroid,496,KNN,0.08,4,uncertainty,False,0.7113420115579943
2_annthyroid,406,KNN,0.08,0,anomalous,True,0.6373825229116806
2_annthyroid,406,KNN,0.08,1,anomalous,True,0.6382581285389061
2_annthyroid,437,KNN,0.08,2,anomalous,True,0.6635923180199638
2_annthyroid,367,KNN,0.08,3,anomalous,True,0.5941859786352228
2_annthyroid,374,KNN,0.08,4,anomalous,True,0.6989084116513923
2_annthyroid,491,KNN,0.08,0,anomalous,False,0.6311949098126204
2_annthyroid,494,KNN,0.08,1,anomalous,False,0.6532017979102214
2_annthyroid,494,KNN,0.08,2,anomalous,False,0.6655770241083416
2_annthyroid,489,KNN,0.08,3,anomalous,False,0.5896912030821317
2_annthyroid,490,KNN,0.08,4,anomalous,False,0.7113420115579943
2_annthyroid,404,KNN,0.08,0,clusters,True,0.6396590975424669
2_annthyroid,440,KNN,0.08,1,clusters,True,0.643745257136186
2_annthyroid,467,KNN,0.08,2,clusters,True,0.663533944311482
2_annthyroid,459,KNN,0.08,3,clusters,True,0.579942793765688
2_annthyroid,400,KNN,0.08,4,clusters,True,0.7048625299165256
2_annthyroid,491,KNN,0.08,0,clusters,False,0.6309614149786936
2_annthyroid,496,KNN,0.08,1,clusters,False,0.6527348082423676
2_annthyroid,498,KNN,0.08,2,clusters,False,0.6651684081489697
2_annthyroid,496,KNN,0.08,3,clusters,False,0.5934271204249606
2_annthyroid,492,KNN,0.08,4,clusters,False,0.7159535345280487
2_annthyroid,470,IForest,0.08,0,random,True,0.8341602942034908
2_annthyroid,429,IForest,0.08,1,random,True,0.8439670772284164
2_annthyroid,460,IForest,0.08,2,random,True,0.8773568384799486
2_annthyroid,469,IForest,0.08,3,random,True,0.7717587998365536
2_annthyroid,440,IForest,0.08,4,random,True,0.8165314342420175
2_annthyroid,498,IForest,0.08,0,random,False,0.8054404296304944
2_annthyroid,495,IForest,0.08,1,random,False,0.866382581285389
2_annthyroid,497,IForest,0.08,2,random,False,0.8800420290701069
2_annthyroid,495,IForest,0.08,3,random,False,0.7637616017745608
2_annthyroid,496,IForest,0.08,4,random,False,0.8185745140388768
2_annthyroid,413,IForest,0.08,0,uncertainty,True,0.8013542700367754
2_annthyroid,400,IForest,0.08,1,uncertainty,True,0.833926799369564
2_annthyroid,371,IForest,0.08,2,uncertainty,True,0.8172902924522795
2_annthyroid,398,IForest,0.08,3,uncertainty,True,0.7373183118323506
2_annthyroid,356,IForest,0.08,4,uncertainty,True,0.8183993929134318
2_annthyroid,495,IForest,0.08,0,uncertainty,False,0.793648940517191
2_annthyroid,493,IForest,0.08,1,uncertainty,False,0.8467690152355379
2_annthyroid,488,IForest,0.08,2,uncertainty,False,0.8814429980736675
2_annthyroid,494,IForest,0.08,3,uncertainty,False,0.7777712918101687
2_annthyroid,491,IForest,0.08,4,uncertainty,False,0.8304827505691437
2_annthyroid,372,IForest,0.08,0,anomalous,True,0.8031638549997081
2_annthyroid,321,IForest,0.08,1,anomalous,True,0.8150720915299748
2_annthyroid,348,IForest,0.08,2,anomalous,True,0.8747300215982721
2_annthyroid,332,IForest,0.08,3,anomalous,True,0.764111844025451
2_annthyroid,302,IForest,0.08,4,anomalous,True,0.8248788745549005
2_annthyroid,489,IForest,0.08,0,anomalous,False,0.8713443465063336
2_annthyroid,490,IForest,0.08,1,anomalous,False,0.8963866674449829
2_annthyroid,490,IForest,0.08,2,anomalous,False,0.855116455548421
2_annthyroid,487,IForest,0.08,3,anomalous,False,0.8069581460510187
2_annthyroid,488,IForest,0.08,4,anomalous,False,0.8829607144941919
2_annthyroid,404,IForest,0.08,0,clusters,True,0.8183410192049502
2_annthyroid,440,IForest,0.08,1,clusters,True,0.8341019204950091
2_annthyroid,467,IForest,0.08,2,clusters,True,0.8393555542583621
2_annthyroid,459,IForest,0.08,3,clusters,True,0.7111668904325491
2_annthyroid,400,IForest,0.08,4,clusters,True,0.8524312649582628
2_annthyroid,491,IForest,0.08,0,clusters,False,0.8738544159710467
2_annthyroid,496,IForest,0.08,1,clusters,False,0.8477029945712451
2_annthyroid,498,IForest,0.08,2,clusters,False,0.8390636857159536
2_annthyroid,496,IForest,0.08,3,clusters,False,0.753604576498745
2_annthyroid,492,IForest,0.08,4,clusters,False,0.8600782207693655
2_annthyroid,478,KNN,0.1,0,random,True,0.6378495125795343
2_annthyroid,431,KNN,0.1,1,random,True,0.6425777829665519
2_annthyroid,451,KNN,0.1,2,random,True,0.6645846710641526
2_annthyroid,475,KNN,0.1,3,random,True,0.5841457007763704
2_annthyroid,451,KNN,0.1,4,random,True,0.7168875138637558
2_annthyroid,498,KNN,0.1,0,random,False,0.6307279201447669
2_annthyroid,494,KNN,0.1,1,random,False,0.651508960364252
2_annthyroid,495,KNN,0.1,2,random,False,0.669604809993579
2_annthyroid,495,KNN,0.1,3,random,False,0.5877064969937539
2_annthyroid,496,KNN,0.1,4,random,False,0.7151946763177865
2_annthyroid,440,KNN,0.1,0,uncertainty,True,0.639834218667912
2_annthyroid,436,KNN,0.1,1,uncertainty,True,0.6435701360107408
2_annthyroid,460,KNN,0.1,2,uncertainty,True,0.6617243593485496
2_annthyroid,416,KNN,0.1,3,uncertainty,True,0.5868308913665286
2_annthyroid,438,KNN,0.1,4,uncertainty,True,0.715486544860195
2_annthyroid,495,KNN,0.1,0,uncertainty,False,0.6308446675617303
2_annthyroid,496,KNN,0.1,1,uncertainty,False,0.6533185453271847
2_annthyroid,496,KNN,0.1,2,uncertainty,False,0.6653435292744148
2_annthyroid,493,KNN,0.1,3,uncertainty,False,0.589457708248205
2_annthyroid,494,KNN,0.1,4,uncertainty,False,0.713735333605744
2_annthyroid,416,KNN,0.1,0,anomalous,True,0.6363901698674918
2_annthyroid,394,KNN,0.1,1,anomalous,True,0.6520343237405873
2_annthyroid,441,KNN,0.1,2,anomalous,True,0.6637674391454089
2_annthyroid,395,KNN,0.1,3,anomalous,True,0.5847294378611874
2_annthyroid,383,KNN,0.1,4,anomalous,True,0.701476854824587
2_annthyroid,490,KNN,0.1,0,anomalous,False,0.6311949098126204
2_annthyroid,492,KNN,0.1,1,anomalous,False,0.6534936664526297
2_annthyroid,493,KNN,0.1,2,anomalous,False,0.6655770241083416
2_annthyroid,488,KNN,0.1,3,anomalous,False,0.5896912030821317
2_annthyroid,488,KNN,0.1,4,anomalous,False,0.711400385266476
2_annthyroid,418,KNN,0.1,0,clusters,True,0.6388418656237231
2_annthyroid,435,KNN,0.1,1,clusters,True,0.6434533885937775
2_annthyroid,467,KNN,0.1,2,clusters,True,0.663533944311482
2_annthyroid,466,KNN,0.1,3,clusters,True,0.5809935205183585
2_annthyroid,402,KNN,0.1,4,clusters,True,0.704804156208044
2_annthyroid,490,KNN,0.1,0,clusters,False,0.6330628684840348
2_annthyroid,494,KNN,0.1,1,clusters,False,0.652676434533886
2_annthyroid,497,KNN,0.1,2,clusters,False,0.665285155565933
2_annthyroid,496,KNN,0.1,3,clusters,False,0.5934271204249606
2_annthyroid,491,KNN,0.1,4,clusters,False,0.7160119082365303
2_annthyroid,478,IForest,0.1,0,random,True,0.8293736501079914
2_annthyroid,431,IForest,0.1,1,random,True,0.8422742396824471
2_annthyroid,451,IForest,0.1,2,random,True,0.8011791489113304
2_annthyroid,475,IForest,0.1,3,random,True,0.7538380713326718
2_annthyroid,451,IForest,0.1,4,random,True,0.7989025742805441
2_annthyroid,498,IForest,0.1,0,random,False,0.8015877648707023
2_annthyroid,494,IForest,0.1,1,random,False,0.8365536162512405
2_annthyroid,495,IForest,0.1,2,random,False,0.8327593251999299
2_annthyroid,495,IForest,0.1,3,random,False,0.7198645729963226
2_annthyroid,496,IForest,0.1,4,random,False,0.8408732706788862
2_annthyroid,391,IForest,0.1,0,uncertainty,True,0.7520284863697391
2_annthyroid,408,IForest,0.1,1,uncertainty,True,0.8280310548129123
2_annthyroid,374,IForest,0.1,2,uncertainty,True,0.8380129589632829
2_annthyroid,399,IForest,0.1,3,uncertainty,True,0.7255851964275292
2_annthyroid,402,IForest,0.1,4,uncertainty,True,0.8505049325783667
2_annthyroid,494,IForest,0.1,0,uncertainty,False,0.8103438211429572
2_annthyroid,493,IForest,0.1,1,uncertainty,False,0.8705271145875898
2_annthyroid,488,IForest,0.1,2,uncertainty,False,0.8321172144066313
2_annthyroid,494,IForest,0.1,3,uncertainty,False,0.7901465180082891
2_annthyroid,490,IForest,0.1,4,uncertainty,False,0.8422158659739654
2_annthyroid,366,IForest,0.1,0,anomalous,True,0.8299573871928083
2_annthyroid,341,IForest,0.1,1,anomalous,True,0.8447259354386785
2_annthyroid,369,IForest,0.1,2,anomalous,True,0.8440254509368981
2_annthyroid,356,IForest,0.1,3,anomalous,True,0.7681396299106881
2_annthyroid,354,IForest,0.1,4,anomalous,True,0.809001225847878
2_annthyroid,483,IForest,0.1,0,anomalous,False,0.911914073901115
2_annthyroid,488,IForest,0.1,1,anomalous,False,0.8874554900472829
2_annthyroid,486,IForest,0.1,2,anomalous,False,0.8770065962290584
2_annthyroid,485,IForest,0.1,3,anomalous,False,0.7947580409783433
2_annthyroid,485,IForest,0.1,4,anomalous,False,0.8853540365419414
2_annthyroid,418,IForest,0.1,0,clusters,True,0.82108458350359
2_annthyroid,435,IForest,0.1,1,clusters,True,0.8431498453096725
2_annthyroid,467,IForest,0.1,2,clusters,True,0.836261747708832
2_annthyroid,466,IForest,0.1,3,clusters,True,0.7373766855408325
2_annthyroid,402,IForest,0.1,4,clusters,True,0.8004202907010682
2_annthyroid,490,IForest,0.1,0,clusters,False,0.879224797151363
2_annthyroid,494,IForest,0.1,1,clusters,False,0.8645146226139746
2_annthyroid,497,IForest,0.1,2,clusters,False,0.8419239974315569
2_annthyroid,496,IForest,0.1,3,clusters,False,0.7320063043605161
2_annthyroid,491,IForest,0.1,4,clusters,False,0.8370789796275757
2_annthyroid,477,KNN,0.15,0,random,True,0.637090654369272
2_annthyroid,430,KNN,0.15,1,random,True,0.6424610355495884
2_annthyroid,454,KNN,0.15,2,random,True,0.6641176813962991
2_annthyroid,478,KNN,0.15,3,random,True,0.5851380538205592
2_annthyroid,463,KNN,0.15,4,random,True,0.7113420115579944
2_annthyroid,497,KNN,0.15,0,random,False,0.6307279201447669
2_annthyroid,491,KNN,0.15,1,random,False,0.6522678185745141
2_annthyroid,493,KNN,0.15,2,random,False,0.6678535987391279
2_annthyroid,494,KNN,0.15,3,random,False,0.5867141439495651
2_annthyroid,495,KNN,0.15,4,random,False,0.7151946763177865
2_annthyroid,430,KNN,0.15,0,uncertainty,True,0.6393672290000584
2_annthyroid,439,KNN,0.15,1,uncertainty,True,0.6436285097192226
2_annthyroid,453,KNN,0.15,2,uncertainty,True,0.6646430447726345
2_annthyroid,418,KNN,0.15,3,uncertainty,True,0.5885237289124978
2_annthyroid,438,KNN,0.15,4,uncertainty,True,0.715486544860195
2_annthyroid,491,KNN,0.15,0,uncertainty,False,0.6313116572295838
2_annthyroid,494,KNN,0.15,1,uncertainty,False,0.6533769190356663
2_annthyroid,493,KNN,0.15,2,uncertainty,False,0.6652267818574514
2_annthyroid,489,KNN,0.15,3,uncertainty,False,0.5962290584320822
2_annthyroid,491,KNN,0.15,4,uncertainty,False,0.7163037767789387
2_annthyroid,420,KNN,0.15,0,anomalous,True,0.6389586130406865
2_annthyroid,428,KNN,0.15,1,anomalous,True,0.6412935613799544
2_annthyroid,451,KNN,0.15,2,anomalous,True,0.664351176230226
2_annthyroid,404,KNN,0.15,3,anomalous,True,0.5849045589866324
2_annthyroid,409,KNN,0.15,4,anomalous,True,0.7074309730897205
2_annthyroid,487,KNN,0.15,0,anomalous,False,0.6314284046465473
2_annthyroid,492,KNN,0.15,1,anomalous,False,0.6534936664526297
2_annthyroid,491,KNN,0.15,2,anomalous,False,0.6655770241083416
2_annthyroid,485,KNN,0.15,3,anomalous,False,0.5898079504990952
2_annthyroid,486,KNN,0.15,4,anomalous,False,0.7137937073142256
2_annthyroid,425,KNN,0.15,0,clusters,True,0.6417021773393263
2_annthyroid,438,KNN,0.15,1,clusters,True,0.6437452571361858
2_annthyroid,463,KNN,0.15,2,clusters,True,0.6621329753079214
2_annthyroid,466,KNN,0.15,3,clusters,True,0.5809935205183585
2_annthyroid,424,KNN,0.15,4,clusters,True,0.7132099702294088
2_annthyroid,487,KNN,0.15,0,clusters,False,0.631837020605919
2_annthyroid,492,KNN,0.15,1,clusters,False,0.6530266767847762
2_annthyroid,493,KNN,0.15,2,clusters,False,0.6655770241083416
2_annthyroid,492,KNN,0.15,3,clusters,False,0.5944778471776312
2_annthyroid,487,KNN,0.15,4,clusters,False,0.7140272021481525
2_annthyroid,477,IForest,0.15,0,random,True,0.8097017103496585
2_annthyroid,430,IForest,0.15,1,random,True,0.8433833401435994
2_annthyroid,454,IForest,0.15,2,random,True,0.8380129589632829
2_annthyroid,478,IForest,0.15,3,random,True,0.741521218843033
2_annthyroid,463,IForest,0.15,4,random,True,0.8245286323040103
2_annthyroid,497,IForest,0.15,0,random,False,0.8043897028778239
2_annthyroid,491,IForest,0.15,1,random,False,0.8742630319304185
2_annthyroid,493,IForest,0.15,2,random,False,0.8424493608078921
2_annthyroid,494,IForest,0.15,3,random,False,0.7100577899713969
2_annthyroid,495,IForest,0.15,4,random,False,0.8642811277800478
2_annthyroid,426,IForest,0.15,0,uncertainty,True,0.8008872803689218
2_annthyroid,410,IForest,0.15,1,uncertainty,True,0.8296655186503998
2_annthyroid,382,IForest,0.15,2,uncertainty,True,0.8399392913431791
2_annthyroid,398,IForest,0.15,3,uncertainty,True,0.7369680695814605
2_annthyroid,388,IForest,0.15,4,uncertainty,True,0.8128538906076702
2_annthyroid,486,IForest,0.15,0,uncertainty,False,0.790963749927033
2_annthyroid,489,IForest,0.15,1,uncertainty,False,0.8555250715077929
2_annthyroid,482,IForest,0.15,2,uncertainty,False,0.8788745549004728
2_annthyroid,487,IForest,0.15,3,uncertainty,False,0.7600840581402136
2_annthyroid,487,IForest,0.15,4,uncertainty,False,0.8353277683731247
2_annthyroid,386,IForest,0.15,0,anomalous,True,0.7891541649641003
2_annthyroid,354,IForest,0.15,1,anomalous,True,0.8521393964158543
2_annthyroid,354,IForest,0.15,2,anomalous,True,0.8673165606210964
2_annthyroid,372,IForest,0.15,3,anomalous,True,0.7260521860953827
2_annthyroid,344,IForest,0.15,4,anomalous,True,0.8277391862705038
2_annthyroid,483,IForest,0.15,0,anomalous,False,0.9049676025917928
2_annthyroid,484,IForest,0.15,1,anomalous,False,0.9105131048975542
2_annthyroid,480,IForest,0.15,2,anomalous,False,0.8858793999182768
2_annthyroid,482,IForest,0.15,3,anomalous,False,0.8098768314751036
2_annthyroid,481,IForest,0.15,4,anomalous,False,0.8963282937365011
2_annthyroid,425,IForest,0.15,0,clusters,True,0.8306578716945888
2_annthyroid,438,IForest,0.15,1,clusters,True,0.8613040686474812
2_annthyroid,463,IForest,0.15,2,clusters,True,0.7861187321230518
2_annthyroid,466,IForest,0.15,3,clusters,True,0.7382522911680579
2_annthyroid,424,IForest,0.15,4,clusters,True,0.8078921253867258
2_annthyroid,487,IForest,0.15,0,clusters,False,0.8670830657871694
2_annthyroid,492,IForest,0.15,1,clusters,False,0.8705854882960714
2_annthyroid,493,IForest,0.15,2,clusters,False,0.8392971805498803
2_annthyroid,492,IForest,0.15,3,clusters,False,0.7798143716070282
2_annthyroid,487,IForest,0.15,4,clusters,False,0.8845951783316794
2_annthyroid,478,KNN,0.2,0,random,True,0.6369739069523086
2_annthyroid,435,KNN,0.2,1,random,True,0.6434533885937775
2_annthyroid,460,KNN,0.2,2,random,True,0.6621913490164031
2_annthyroid,477,KNN,0.2,3,random,True,0.5850796801120776
2_annthyroid,454,KNN,0.2,4,random,True,0.7155449185686767
2_annthyroid,496,KNN,0.2,0,random,False,0.6308446675617302
2_annthyroid,489,KNN,0.2,1,random,False,0.6526180608254043
2_annthyroid,492,KNN,0.2,2,random,False,0.667444982779756
2_annthyroid,493,KNN,0.2,3,random,False,0.5867141439495651
2_annthyroid,491,KNN,0.2,4,random,False,0.7144941918160062
2_annthyroid,437,KNN,0.2,0,uncertainty,True,0.641760551047808
2_annthyroid,419,KNN,0.2,1,uncertainty,True,0.6422275407156617
2_annthyroid,445,KNN,0.2,2,uncertainty,True,0.6652267818574514
2_annthyroid,429,KNN,0.2,3,uncertainty,True,0.5798260463487246
2_annthyroid,436,KNN,0.2,4,uncertainty,True,0.7150195551923413
2_annthyroid,489,KNN,0.2,0,uncertainty,False,0.6320121417313642
2_annthyroid,489,KNN,0.2,1,uncertainty,False,0.6543108983713736
2_annthyroid,488,KNN,0.2,2,uncertainty,False,0.6675617301967195
2_annthyroid,487,KNN,0.2,3,uncertainty,False,0.5962290584320822
2_annthyroid,488,KNN,0.2,4,uncertainty,False,0.7162454030704571
2_annthyroid,426,KNN,0.2,0,anomalous,True,0.641176813962991
2_annthyroid,410,KNN,0.2,1,anomalous,True,0.6402428346272839
2_annthyroid,429,KNN,0.2,2,anomalous,True,0.6575798260463488
2_annthyroid,423,KNN,0.2,3,anomalous,True,0.5814605101862121
2_annthyroid,431,KNN,0.2,4,anomalous,True,0.7104080322222871
2_annthyroid,484,KNN,0.2,0,anomalous,False,0.631661899480474
2_annthyroid,487,KNN,0.2,1,anomalous,False,0.6543108983713736
2_annthyroid,485,KNN,0.2,2,anomalous,False,0.6676784776136828
2_annthyroid,484,KNN,0.2,3,anomalous,False,0.5962290584320822
2_annthyroid,485,KNN,0.2,4,anomalous,False,0.7163037767789387
2_annthyroid,454,KNN,0.2,0,clusters,True,0.6422859144241434
2_annthyroid,440,KNN,0.2,1,clusters,True,0.643745257136186
2_annthyroid,462,KNN,0.2,2,clusters,True,0.6618411067655129
2_annthyroid,464,KNN,0.2,3,clusters,True,0.5802930360165782
2_annthyroid,433,KNN,0.2,4,clusters,True,0.7138520810227074
2_annthyroid,490,KNN,0.2,0,clusters,False,0.6302025567684315
2_annthyroid,490,KNN,0.2,1,clusters,False,0.6533185453271847
2_annthyroid,491,KNN,0.2,2,clusters,False,0.6689626992002802
2_annthyroid,489,KNN,0.2,3,clusters,False,0.5944778471776312
2_annthyroid,484,KNN,0.2,4,clusters,False,0.714494191816006
2_annthyroid,478,IForest,0.2,0,random,True,0.8061992878407566
2_annthyroid,435,IForest,0.2,1,random,True,0.8531317494600432
2_annthyroid,460,IForest,0.2,2,random,True,0.8474111260288366
2_annthyroid,477,IForest,0.2,3,random,True,0.734341252699784
2_annthyroid,454,IForest,0.2,4,random,True,0.8460685307337575
2_annthyroid,496,IForest,0.2,0,random,False,0.8080088728036893
2_annthyroid,489,IForest,0.2,1,random,False,0.8559336874671649
2_annthyroid,492,IForest,0.2,2,random,False,0.8415737551806667
2_annthyroid,493,IForest,0.2,3,random,False,0.7160119082365303
2_annthyroid,491,IForest,0.2,4,random,False,0.8552915766738661
2_annthyroid,408,IForest,0.2,0,uncertainty,True,0.7909637499270328
2_annthyroid,413,IForest,0.2,1,uncertainty,True,0.8440838246453797
2_annthyroid,391,IForest,0.2,2,uncertainty,True,0.8206175938357363
2_annthyroid,419,IForest,0.2,3,uncertainty,True,0.7423384507617768
2_annthyroid,383,IForest,0.2,4,uncertainty,True,0.8370206059190941
2_annthyroid,486,IForest,0.2,0,uncertainty,False,0.8741462845134552
2_annthyroid,483,IForest,0.2,1,uncertainty,False,0.879633413110735
2_annthyroid,481,IForest,0.2,2,uncertainty,False,0.8962115463195377
2_annthyroid,482,IForest,0.2,3,uncertainty,False,0.7691903566633588
2_annthyroid,481,IForest,0.2,4,uncertainty,False,0.8707606094215166
2_annthyroid,378,IForest,0.2,0,anomalous,True,0.8071332671764637
2_annthyroid,395,IForest,0.2,1,anomalous,True,0.8279726811044306
2_annthyroid,379,IForest,0.2,2,anomalous,True,0.8403479073025509
2_annthyroid,381,IForest,0.2,3,anomalous,True,0.7636448543575973
2_annthyroid,364,IForest,0.2,4,anomalous,True,0.8509135485377386
2_annthyroid,481,IForest,0.2,0,anomalous,False,0.9060183293444634
2_annthyroid,480,IForest,0.2,1,anomalous,False,0.9021072908761892
2_annthyroid,479,IForest,0.2,2,anomalous,False,0.9113887105247797
2_annthyroid,476,IForest,0.2,3,anomalous,False,0.8252291168057907
2_annthyroid,475,IForest,0.2,4,anomalous,False,0.9029828965034148
2_annthyroid,454,IForest,0.2,0,clusters,True,0.8112778004786644
2_annthyroid,440,IForest,0.2,1,clusters,True,0.8429747241842275
2_annthyroid,462,IForest,0.2,2,clusters,True,0.8272138228941684
2_annthyroid,464,IForest,0.2,3,clusters,True,0.7283287607261689
2_annthyroid,433,IForest,0.2,4,clusters,True,0.8272138228941686
2_annthyroid,490,IForest,0.2,0,clusters,False,0.8763061117272781
2_annthyroid,490,IForest,0.2,1,clusters,False,0.869709882668846
2_annthyroid,491,IForest,0.2,2,clusters,False,0.8576265250131341
2_annthyroid,489,IForest,0.2,3,clusters,False,0.7949915358122701
2_annthyroid,484,IForest,0.2,4,clusters,False,0.8798669079446618
2_annthyroid,473,KNN,0.3,0,random,True,0.635923180199638
2_annthyroid,438,KNN,0.3,1,random,True,0.6436285097192226
2_annthyroid,462,KNN,0.3,2,random,True,0.6618411067655129
2_annthyroid,478,KNN,0.3,3,random,True,0.5851380538205592
2_annthyroid,455,KNN,0.3,4,random,True,0.7155449185686767
2_annthyroid,493,KNN,0.3,0,random,False,0.6311949098126204
2_annthyroid,485,KNN,0.3,1,random,False,0.6515673340727337
2_annthyroid,488,KNN,0.3,2,random,False,0.6673866090712743
2_annthyroid,491,KNN,0.3,3,random,False,0.5887572237464246
2_annthyroid,488,KNN,0.3,4,random,False,0.7145525655244878
2_annthyroid,453,KNN,0.3,0,uncertainty,True,0.6408265717121009
2_annthyroid,428,KNN,0.3,1,uncertainty,True,0.6437452571361859
2_annthyroid,458,KNN,0.3,2,uncertainty,True,0.665110034440488
2_annthyroid,456,KNN,0.3,3,uncertainty,True,0.5815772576031756
2_annthyroid,450,KNN,0.3,4,uncertainty,True,0.7170042612807191
2_annthyroid,489,KNN,0.3,0,uncertainty,False,0.6320121417313642
2_annthyroid,483,KNN,0.3,1,uncertainty,False,0.6538439087035199
2_annthyroid,486,KNN,0.3,2,uncertainty,False,0.6677952250306463
2_annthyroid,486,KNN,0.3,3,uncertainty,False,0.6007822076936549
2_annthyroid,484,KNN,0.3,4,uncertainty,False,0.7163037767789387
2_annthyroid,437,KNN,0.3,0,anomalous,True,0.6404179557527289
2_annthyroid,429,KNN,0.3,1,anomalous,True,0.6414103087969178
2_annthyroid,433,KNN,0.3,2,anomalous,True,0.6587473002159828
2_annthyroid,430,KNN,0.3,3,anomalous,True,0.5800595411826514
2_annthyroid,438,KNN,0.3,4,anomalous,True,0.715486544860195
2_annthyroid,481,KNN,0.3,0,anomalous,False,0.6317786468974373
2_annthyroid,484,KNN,0.3,1,anomalous,False,0.6548362617477088
2_annthyroid,479,KNN,0.3,2,anomalous,False,0.6721148794582921
2_annthyroid,479,KNN,0.3,3,anomalous,False,0.6024750452396241
2_annthyroid,481,KNN,0.3,4,anomalous,False,0.7192808359115055
2_annthyroid,451,KNN,0.3,0,clusters,True,0.6410600665460278
2_annthyroid,443,KNN,0.3,1,clusters,True,0.6440954993870761
2_annthyroid,461,KNN,0.3,2,clusters,True,0.6617243593485496
2_annthyroid,458,KNN,0.3,3,clusters,True,0.579359056680871
2_annthyroid,444,KNN,0.3,4,clusters,True,0.7150195551923413
2_annthyroid,485,KNN,0.3,0,clusters,False,0.6324791313992179
2_annthyroid,485,KNN,0.3,1,clusters,False,0.6530266767847762
2_annthyroid,487,KNN,0.3,2,clusters,False,0.6687875780748351
2_annthyroid,483,KNN,0.3,3,clusters,False,0.5946529683030762
2_annthyroid,482,KNN,0.3,4,clusters,False,0.7158367871110851
2_annthyroid,473,IForest,0.3,0,random,True,0.792481466347557
2_annthyroid,438,IForest,0.3,1,random,True,0.8558753137586831
2_annthyroid,462,IForest,0.3,2,random,True,0.8434417138520811
2_annthyroid,478,IForest,0.3,3,random,True,0.7548887980853424
2_annthyroid,455,IForest,0.3,4,random,True,0.8496877006596228
2_annthyroid,493,IForest,0.3,0,random,False,0.7973264841515382
2_annthyroid,485,IForest,0.3,1,random,False,0.8474694997373183
2_annthyroid,488,IForest,0.3,2,random,False,0.8721615784250772
2_annthyroid,491,IForest,0.3,3,random,False,0.743681046056856
2_annthyroid,488,IForest,0.3,4,random,False,0.8697098826688459
2_annthyroid,430,IForest,0.3,0,uncertainty,True,0.7959255151479774
2_annthyroid,397,IForest,0.3,1,uncertainty,True,0.8515556593310374
2_annthyroid,440,IForest,0.3,2,uncertainty,True,0.8239448952191933
2_annthyroid,429,IForest,0.3,3,uncertainty,True,0.7291459926449128
2_annthyroid,406,IForest,0.3,4,uncertainty,True,0.8036892183760435
2_annthyroid,481,IForest,0.3,0,uncertainty,False,0.8545910921720856
2_annthyroid,479,IForest,0.3,1,uncertainty,False,0.8759558694763878
2_annthyroid,480,IForest,0.3,2,uncertainty,False,0.8818516140330396
2_annthyroid,479,IForest,0.3,3,uncertainty,False,0.788220185628393
2_annthyroid,476,IForest,0.3,4,uncertainty,False,0.9050259763002744
2_annthyroid,415,IForest,0.3,0,anomalous,True,0.8104605685599207
2_annthyroid,372,IForest,0.3,1,anomalous,True,0.8207343412526998
2_annthyroid,413,IForest,0.3,2,anomalous,True,0.857451403887689
2_annthyroid,404,IForest,0.3,3,anomalous,True,0.714319070690561
2_annthyroid,397,IForest,0.3,4,anomalous,True,0.8406981495534411
2_annthyroid,474,IForest,0.3,0,anomalous,False,0.9169342128305412
2_annthyroid,469,IForest,0.3,1,anomalous,False,0.9378320004669896
2_annthyroid,471,IForest,0.3,2,anomalous,False,0.894401961356605
2_annthyroid,472,IForest,0.3,3,anomalous,False,0.784134026034674
2_annthyroid,471,IForest,0.3,4,anomalous,False,0.9102796100636272
2_annthyroid,451,IForest,0.3,0,clusters,True,0.8379545852548013
2_annthyroid,443,IForest,0.3,1,clusters,True,0.8472943786118732
2_annthyroid,461,IForest,0.3,2,clusters,True,0.8675500554550231
2_annthyroid,458,IForest,0.3,3,clusters,True,0.7559978985464946
2_annthyroid,444,IForest,0.3,4,clusters,True,0.8271554491856868
2_annthyroid,485,IForest,0.3,0,clusters,False,0.8925340026851907
2_annthyroid,485,IForest,0.3,1,clusters,False,0.8933804214581752
2_annthyroid,487,IForest,0.3,2,clusters,False,0.8622380479831884
2_annthyroid,483,IForest,0.3,3,clusters,False,0.8030471075827448
2_annthyroid,482,IForest,0.3,4,clusters,False,0.8933512346039344
2_annthyroid,456,KNN,0.45,0,random,True,0.6422859144241434
2_annthyroid,442,KNN,0.45,1,random,True,0.6448543575973381
2_annthyroid,461,KNN,0.45,2,random,True,0.6618411067655129
2_annthyroid,476,KNN,0.45,3,random,True,0.5843208219018153
2_annthyroid,458,KNN,0.45,4,random,True,0.7098826688459519
2_annthyroid,484,KNN,0.45,0,random,False,0.6307279201447668
2_annthyroid,478,KNN,0.45,1,random,False,0.6506917284455082
2_annthyroid,483,KNN,0.45,2,random,False,0.6736909695872979
2_annthyroid,487,KNN,0.45,3,random,False,0.595295079096375
2_annthyroid,484,KNN,0.45,4,random,False,0.7159535345280486
2_annthyroid,450,KNN,0.45,0,uncertainty,True,0.6408265717121009
2_annthyroid,442,KNN,0.45,1,uncertainty,True,0.6448543575973381
2_annthyroid,460,KNN,0.45,2,uncertainty,True,0.6626583386842565
2_annthyroid,468,KNN,0.45,3,uncertainty,True,0.5812270153522854
2_annthyroid,446,KNN,0.45,4,uncertainty,True,0.7160119082365303
2_annthyroid,481,KNN,0.45,0,uncertainty,False,0.6365652909929368
2_annthyroid,478,KNN,0.45,1,uncertainty,False,0.6531434242017395
2_annthyroid,481,KNN,0.45,2,uncertainty,False,0.6702469207868776
2_annthyroid,483,KNN,0.45,3,uncertainty,False,0.6028252874905142
2_annthyroid,477,KNN,0.45,4,uncertainty,False,0.7171210086976827
2_annthyroid,440,KNN,0.45,0,anomalous,True,0.6409433191290643
2_annthyroid,439,KNN,0.45,1,anomalous,True,0.6445624890549296
2_annthyroid,444,KNN,0.45,2,anomalous,True,0.6661607611931586
2_annthyroid,452,KNN,0.45,3,anomalous,True,0.5800011674741696
2_annthyroid,448,KNN,0.45,4,anomalous,True,0.7141439495651157
2_annthyroid,475,KNN,0.45,0,anomalous,False,0.6393672290000585
2_annthyroid,478,KNN,0.45,1,anomalous,False,0.6541357772459285
2_annthyroid,473,KNN,0.45,2,anomalous,False,0.6778355028894987
2_annthyroid,475,KNN,0.45,3,anomalous,False,0.6037008931177398
2_annthyroid,476,KNN,0.45,4,anomalous,False,0.7203899363726578
2_annthyroid,448,KNN,0.45,0,clusters,True,0.6411768139629911
2_annthyroid,445,KNN,0.45,1,clusters,True,0.64526297355671
2_annthyroid,455,KNN,0.45,2,clusters,True,0.6647014184811161
2_annthyroid,454,KNN,0.45,3,clusters,True,0.5802930360165781
2_annthyroid,448,KNN,0.45,4,clusters,True,0.716070281945012
2_annthyroid,479,KNN,0.45,0,clusters,False,0.6391921078746132
2_annthyroid,479,KNN,0.45,1,clusters,False,0.6526764345338859
2_annthyroid,477,KNN,0.45,2,clusters,False,0.6733407273364076
2_annthyroid,476,KNN,0.45,3,clusters,False,0.6016578133208802
2_annthyroid,476,KNN,0.45,4,clusters,False,0.7173545035316095
2_annthyroid,456,IForest,0.45,0,random,True,0.8267468332263148
2_annthyroid,442,IForest,0.45,1,random,True,0.8366119899597222
2_annthyroid,461,IForest,0.45,2,random,True,0.8481699842390987
2_annthyroid,476,IForest,0.45,3,random,True,0.7604926740995857
2_annthyroid,458,IForest,0.45,4,random,True,0.8354445157900882
2_annthyroid,484,IForest,0.45,0,random,False,0.8542992236296771
2_annthyroid,478,IForest,0.45,1,random,False,0.8665577024108342
2_annthyroid,483,IForest,0.45,2,random,False,0.8542992236296771
2_annthyroid,487,IForest,0.45,3,random,False,0.7681980036191699
2_annthyroid,484,IForest,0.45,4,random,False,0.8541241025042321
2_annthyroid,432,IForest,0.45,0,uncertainty,True,0.7998365536162513
2_annthyroid,428,IForest,0.45,1,uncertainty,True,0.8552915766738661
2_annthyroid,450,IForest,0.45,2,uncertainty,True,0.8467690152355379
2_annthyroid,455,IForest,0.45,3,uncertainty,True,0.752437102329111
2_annthyroid,441,IForest,0.45,4,uncertainty,True,0.8439087035199346
2_annthyroid,478,IForest,0.45,0,uncertainty,False,0.8943435876481233
2_annthyroid,476,IForest,0.45,1,uncertainty,False,0.8962115463195376
2_annthyroid,474,IForest,0.45,2,uncertainty,False,0.9157667386609072
2_annthyroid,479,IForest,0.45,3,uncertainty,False,0.7893292860895453
2_annthyroid,477,IForest,0.45,4,uncertainty,False,0.8574514038876891
2_annthyroid,427,IForest,0.45,0,anomalous,True,0.7886871752962465
2_annthyroid,410,IForest,0.45,1,anomalous,True,0.8385383223396183
2_annthyroid,432,IForest,0.45,2,anomalous,True,0.8377210904208745
2_annthyroid,426,IForest,0.45,3,anomalous,True,0.7446733991010449
2_annthyroid,421,IForest,0.45,4,anomalous,True,0.8342770416204542
2_annthyroid,468,IForest,0.45,0,anomalous,False,0.9267409958554668
2_annthyroid,465,IForest,0.45,1,anomalous,False,0.9332204774969354
2_annthyroid,467,IForest,0.45,2,anomalous,False,0.9321697507442648
2_annthyroid,470,IForest,0.45,3,anomalous,False,0.8451929251065321
2_annthyroid,468,IForest,0.45,4,anomalous,False,0.8955694355262389
2_annthyroid,448,IForest,0.45,0,clusters,True,0.8180491506625416
2_annthyroid,445,IForest,0.45,1,clusters,True,0.8496293269511412
2_annthyroid,455,IForest,0.45,2,clusters,True,0.8250539956803455
2_annthyroid,454,IForest,0.45,3,clusters,True,0.7592668262214699
2_annthyroid,448,IForest,0.45,4,clusters,True,0.8369038585021308
2_annthyroid,479,IForest,0.45,0,clusters,False,0.9174595762068763
2_annthyroid,479,IForest,0.45,1,clusters,False,0.9269161169809118
2_annthyroid,477,IForest,0.45,2,clusters,False,0.9081197828498044
2_annthyroid,476,IForest,0.45,3,clusters,False,0.8466522678185745
2_annthyroid,476,IForest,0.45,4,clusters,False,0.8965617885704278
2_annthyroid,462,KNN,0.7,0,random,True,0.6428696515089605
2_annthyroid,446,KNN,0.7,1,random,True,0.6453213472651916
2_annthyroid,463,KNN,0.7,2,random,True,0.6620162278909579
2_annthyroid,473,KNN,0.7,3,random,True,0.5841457007763704
2_annthyroid,459,KNN,0.7,4,random,True,0.7098826688459519
2_annthyroid,478,KNN,0.7,0,random,False,0.629910688226023
2_annthyroid,470,KNN,0.7,1,random,False,0.6509835969879167
2_annthyroid,475,KNN,0.7,2,random,False,0.6780106240149437
2_annthyroid,475,KNN,0.7,3,random,False,0.6020664292802521
2_annthyroid,473,KNN,0.7,4,random,False,0.7171793824061643
2_annthyroid,455,KNN,0.7,0,uncertainty,True,0.6443873679294846
2_annthyroid,450,KNN,0.7,1,uncertainty,True,0.6490572646080205
2_annthyroid,464,KNN,0.7,2,uncertainty,True,0.6623080964333664
2_annthyroid,476,KNN,0.7,3,uncertainty,True,0.5848461852781507
2_annthyroid,459,KNN,0.7,4,uncertainty,True,0.7102329110968421
2_annthyroid,474,KNN,0.7,0,uncertainty,False,0.6426361566750336
2_annthyroid,470,KNN,0.7,1,uncertainty,False,0.6522094448660324
2_annthyroid,474,KNN,0.7,2,uncertainty,False,0.6833226314867784
2_annthyroid,477,KNN,0.7,3,uncertainty,False,0.6003152180258012
2_annthyroid,473,KNN,0.7,4,uncertainty,False,0.7186970988266885
2_annthyroid,447,KNN,0.7,0,anomalous,True,0.6410600665460277
2_annthyroid,446,KNN,0.7,1,anomalous,True,0.6453213472651916
2_annthyroid,459,KNN,0.7,2,anomalous,True,0.6653435292744149
2_annthyroid,456,KNN,0.7,3,anomalous,True,0.5778997139688284
2_annthyroid,454,KNN,0.7,4,anomalous,True,0.7158367871110852
2_annthyroid,468,KNN,0.7,0,anomalous,False,0.6428112778004788
2_annthyroid,470,KNN,0.7,1,anomalous,False,0.651333839238807
2_annthyroid,469,KNN,0.7,2,anomalous,False,0.6767847761368279
2_annthyroid,465,KNN,0.7,3,anomalous,False,0.6021248029887339
2_annthyroid,469,KNN,0.7,4,anomalous,False,0.720156441538731
2_annthyroid,455,KNN,0.7,0,clusters,True,0.6443873679294846
2_annthyroid,451,KNN,0.7,1,clusters,True,0.6498161228182826
2_annthyroid,458,KNN,0.7,2,clusters,True,0.665110034440488
2_annthyroid,464,KNN,0.7,3,clusters,True,0.5805849045589867
2_annthyroid,454,KNN,0.7,4,clusters,True,0.7158367871110852
2_annthyroid,473,KNN,0.7,0,clusters,False,0.6422275407156617
2_annthyroid,471,KNN,0.7,1,clusters,False,0.6513338392388068
2_annthyroid,469,KNN,0.7,2,clusters,False,0.6839063685715954
2_annthyroid,469,KNN,0.7,3,clusters,False,0.6011908236530267
2_annthyroid,470,KNN,0.7,4,clusters,False,0.7200396941217676
2_annthyroid,462,IForest,0.7,0,random,True,0.8010040277858853
2_annthyroid,446,IForest,0.7,1,random,True,0.8371957270445392
2_annthyroid,463,IForest,0.7,2,random,True,0.8582102620979511
2_annthyroid,473,IForest,0.7,3,random,True,0.7697157200396941
2_annthyroid,459,IForest,0.7,4,random,True,0.8461269044422391
2_annthyroid,478,IForest,0.7,0,random,False,0.878057322981729
2_annthyroid,470,IForest,0.7,1,random,False,0.9112135893993344
2_annthyroid,475,IForest,0.7,2,random,False,0.8596112311015118
2_annthyroid,475,IForest,0.7,3,random,False,0.8355028894985699
2_annthyroid,473,IForest,0.7,4,random,False,0.8782908178156558
2_annthyroid,451,IForest,0.7,0,uncertainty,True,0.7991944428229526
2_annthyroid,446,IForest,0.7,1,uncertainty,True,0.8686591559161754
2_annthyroid,459,IForest,0.7,2,uncertainty,True,0.8320588406981495
2_annthyroid,472,IForest,0.7,3,uncertainty,True,0.7386609071274298
2_annthyroid,454,IForest,0.7,4,uncertainty,True,0.8052653085050493
2_annthyroid,470,IForest,0.7,0,uncertainty,False,0.9056097133850912
2_annthyroid,468,IForest,0.7,1,uncertainty,False,0.9310898371373532
2_annthyroid,471,IForest,0.7,2,uncertainty,False,0.9049676025917924
2_annthyroid,476,IForest,0.7,3,uncertainty,False,0.7984355846126905
2_annthyroid,470,IForest,0.7,4,uncertainty,False,0.8908411651392213
2_annthyroid,442,IForest,0.7,0,anomalous,True,0.8314751036133325
2_annthyroid,439,IForest,0.7,1,anomalous,True,0.8176405347031697
2_annthyroid,448,IForest,0.7,2,anomalous,True,0.811744790146518
2_annthyroid,453,IForest,0.7,3,anomalous,True,0.770708073083883
2_annthyroid,446,IForest,0.7,4,anomalous,True,0.8677835502889499
2_annthyroid,464,IForest,0.7,0,anomalous,False,0.9308855291576674
2_annthyroid,463,IForest,0.7,1,anomalous,False,0.939524838012959
2_annthyroid,463,IForest,0.7,2,anomalous,False,0.9074776720565058
2_annthyroid,464,IForest,0.7,3,anomalous,False,0.867958671414395
2_annthyroid,463,IForest,0.7,4,anomalous,False,0.9230634522211196
2_annthyroid,455,IForest,0.7,0,clusters,True,0.8202673515848462
2_annthyroid,451,IForest,0.7,1,clusters,True,0.8319420932811862
2_annthyroid,458,IForest,0.7,2,clusters,True,0.8293736501079914
2_annthyroid,464,IForest,0.7,3,clusters,True,0.7456657521452338
2_annthyroid,454,IForest,0.7,4,clusters,True,0.8370789796275757
2_annthyroid,473,IForest,0.7,0,clusters,False,0.9237639367229
2_annthyroid,471,IForest,0.7,1,clusters,False,0.9138112194267702
2_annthyroid,469,IForest,0.7,2,clusters,False,0.8903741754713678
2_annthyroid,469,IForest,0.7,3,clusters,False,0.8359115054579417
2_annthyroid,470,IForest,0.7,4,clusters,False,0.8958029303601659
2_annthyroid,456,KNN,1.0,0,random,True,0.6430447726344055
2_annthyroid,458,KNN,1.0,1,random,True,0.6502831124861363
2_annthyroid,463,KNN,1.0,2,random,True,0.6620162278909579
2_annthyroid,473,KNN,1.0,3,random,True,0.5841457007763704
2_annthyroid,461,KNN,1.0,4,random,True,0.7101745373883603
2_annthyroid,463,KNN,1.0,0,random,False,0.6455548420991186
2_annthyroid,463,KNN,1.0,1,random,False,0.6508668495709533
2_annthyroid,463,KNN,1.0,2,random,False,0.6851905901581927
2_annthyroid,463,KNN,1.0,3,random,False,0.6043430039110386
2_annthyroid,463,KNN,1.0,4,random,False,0.718988967369097
2_annthyroid,456,KNN,1.0,0,uncertainty,True,0.6430447726344055
2_annthyroid,458,KNN,1.0,1,uncertainty,True,0.6502831124861363
2_annthyroid,463,KNN,1.0,2,uncertainty,True,0.6620162278909579
2_annthyroid,473,KNN,1.0,3,uncertainty,True,0.5841457007763704
2_annthyroid,461,KNN,1.0,4,uncertainty,True,0.7101745373883603
2_annthyroid,463,KNN,1.0,0,uncertainty,False,0.6455548420991186
2_annthyroid,463,KNN,1.0,1,uncertainty,False,0.6508668495709533
2_annthyroid,463,KNN,1.0,2,uncertainty,False,0.6851905901581927
2_annthyroid,463,KNN,1.0,3,uncertainty,False,0.6043430039110386
2_annthyroid,463,KNN,1.0,4,uncertainty,False,0.718988967369097
2_annthyroid,456,KNN,1.0,0,anomalous,True,0.6430447726344055
2_annthyroid,458,KNN,1.0,1,anomalous,True,0.6502831124861363
2_annthyroid,463,KNN,1.0,2,anomalous,True,0.6620162278909579
2_annthyroid,473,KNN,1.0,3,anomalous,True,0.5841457007763704
2_annthyroid,461,KNN,1.0,4,anomalous,True,0.7101745373883603
2_annthyroid,463,KNN,1.0,0,anomalous,False,0.6455548420991186
2_annthyroid,463,KNN,1.0,1,anomalous,False,0.6508668495709533
2_annthyroid,463,KNN,1.0,2,anomalous,False,0.6851905901581927
2_annthyroid,463,KNN,1.0,3,anomalous,False,0.6043430039110386
2_annthyroid,463,KNN,1.0,4,anomalous,False,0.718988967369097
2_annthyroid,456,KNN,1.0,0,clusters,True,0.6430447726344055
2_annthyroid,458,KNN,1.0,1,clusters,True,0.6502831124861363
2_annthyroid,463,KNN,1.0,2,clusters,True,0.6620162278909579
2_annthyroid,473,KNN,1.0,3,clusters,True,0.5841457007763704
2_annthyroid,461,KNN,1.0,4,clusters,True,0.7101745373883603
2_annthyroid,463,KNN,1.0,0,clusters,False,0.6455548420991186
2_annthyroid,463,KNN,1.0,1,clusters,False,0.6508668495709533
2_annthyroid,463,KNN,1.0,2,clusters,False,0.6851905901581927
2_annthyroid,463,KNN,1.0,3,clusters,False,0.6043430039110386
2_annthyroid,463,KNN,1.0,4,clusters,False,0.718988967369097
2_annthyroid,456,IForest,1.0,0,random,True,0.8084174887630612
2_annthyroid,458,IForest,1.0,1,random,True,0.8547662132975308
2_annthyroid,463,IForest,1.0,2,random,True,0.8511470433716654
2_annthyroid,473,IForest,1.0,3,random,True,0.7578658572179091
2_annthyroid,461,IForest,1.0,4,random,True,0.827914307395949
2_annthyroid,463,IForest,1.0,0,random,False,0.9490981262039576
2_annthyroid,463,IForest,1.0,1,random,False,0.9385908586772518
2_annthyroid,463,IForest,1.0,2,random,False,0.9113303368162978
2_annthyroid,463,IForest,1.0,3,random,False,0.8230692895919678
2_annthyroid,463,IForest,1.0,4,random,False,0.9219543517599672
2_annthyroid,456,IForest,1.0,0,uncertainty,True,0.8405814021364778
2_annthyroid,458,IForest,1.0,1,uncertainty,True,0.8558753137586831
2_annthyroid,463,IForest,1.0,2,uncertainty,True,0.8237114003852665
2_annthyroid,473,IForest,1.0,3,uncertainty,True,0.7321230517774794
2_annthyroid,461,IForest,1.0,4,uncertainty,True,0.8134960014009691
2_annthyroid,463,IForest,1.0,0,uncertainty,False,0.923005078512638
2_annthyroid,463,IForest,1.0,1,uncertainty,False,0.9439028661490864
2_annthyroid,463,IForest,1.0,2,uncertainty,False,0.9339793357071976
2_annthyroid,463,IForest,1.0,3,uncertainty,False,0.8484034790730255
2_annthyroid,463,IForest,1.0,4,uncertainty,False,0.9091121358939934
2_annthyroid,456,IForest,1.0,0,anomalous,True,0.8407565232619227
2_annthyroid,458,IForest,1.0,1,anomalous,True,0.8521393964158543
2_annthyroid,463,IForest,1.0,2,anomalous,True,0.8446675617301967
2_annthyroid,473,IForest,1.0,3,anomalous,True,0.7512112544509952
2_annthyroid,461,IForest,1.0,4,anomalous,True,0.8286147918977294
2_annthyroid,463,IForest,1.0,0,anomalous,False,0.9391162220535872
2_annthyroid,463,IForest,1.0,1,anomalous,False,0.9320530033273016
2_annthyroid,463,IForest,1.0,2,anomalous,False,0.9291343179032164
2_annthyroid,463,IForest,1.0,3,anomalous,False,0.8305994979861071
2_annthyroid,463,IForest,1.0,4,anomalous,False,0.912497810985932
2_annthyroid,456,IForest,1.0,0,clusters,True,0.8145467281536396
2_annthyroid,458,IForest,1.0,1,clusters,True,0.8354445157900883
2_annthyroid,463,IForest,1.0,2,clusters,True,0.8362617477088319
2_annthyroid,473,IForest,1.0,3,clusters,True,0.7415212188430331
2_annthyroid,461,IForest,1.0,4,clusters,True,0.8437919561029712
2_annthyroid,463,IForest,1.0,0,clusters,False,0.9453038351526472
2_annthyroid,463,IForest,1.0,1,clusters,False,0.9358472943786118
2_annthyroid,463,IForest,1.0,2,clusters,False,0.936022415504057
2_annthyroid,463,IForest,1.0,3,clusters,False,0.8312416087794057
2_annthyroid,463,IForest,1.0,4,clusters,False,0.900823069289592
7_Cardiotocography,500,KNN,0.0,0,random,True,0.6474941724941725
7_Cardiotocography,500,KNN,0.0,1,random,True,0.6434498834498835
7_Cardiotocography,500,KNN,0.0,2,random,True,0.6787529137529137
7_Cardiotocography,500,KNN,0.0,3,random,True,0.5983333333333334
7_Cardiotocography,500,KNN,0.0,4,random,True,0.6009090909090908
7_Cardiotocography,500,KNN,0.0,0,random,False,0.6474941724941725
7_Cardiotocography,500,KNN,0.0,1,random,False,0.6434498834498835
7_Cardiotocography,500,KNN,0.0,2,random,False,0.6787529137529137
7_Cardiotocography,500,KNN,0.0,3,random,False,0.5983333333333334
7_Cardiotocography,500,KNN,0.0,4,random,False,0.6009090909090908
7_Cardiotocography,500,KNN,0.0,0,uncertainty,True,0.6474941724941725
7_Cardiotocography,500,KNN,0.0,1,uncertainty,True,0.6434498834498835
7_Cardiotocography,500,KNN,0.0,2,uncertainty,True,0.6787529137529137
7_Cardiotocography,500,KNN,0.0,3,uncertainty,True,0.5983333333333334
7_Cardiotocography,500,KNN,0.0,4,uncertainty,True,0.6009090909090908
7_Cardiotocography,500,KNN,0.0,0,uncertainty,False,0.6474941724941725
7_Cardiotocography,500,KNN,0.0,1,uncertainty,False,0.6434498834498835
7_Cardiotocography,500,KNN,0.0,2,uncertainty,False,0.6787529137529137
7_Cardiotocography,500,KNN,0.0,3,uncertainty,False,0.5983333333333334
7_Cardiotocography,500,KNN,0.0,4,uncertainty,False,0.6009090909090908
7_Cardiotocography,500,KNN,0.0,0,anomalous,True,0.6474941724941725
7_Cardiotocography,500,KNN,0.0,1,anomalous,True,0.6434498834498835
7_Cardiotocography,500,KNN,0.0,2,anomalous,True,0.6787529137529137
7_Cardiotocography,500,KNN,0.0,3,anomalous,True,0.5983333333333334
7_Cardiotocography,500,KNN,0.0,4,anomalous,True,0.6009090909090908
7_Cardiotocography,500,KNN,0.0,0,anomalous,False,0.6474941724941725
7_Cardiotocography,500,KNN,0.0,1,anomalous,False,0.6434498834498835
7_Cardiotocography,500,KNN,0.0,2,anomalous,False,0.6787529137529137
7_Cardiotocography,500,KNN,0.0,3,anomalous,False,0.5983333333333334
7_Cardiotocography,500,KNN,0.0,4,anomalous,False,0.6009090909090908
7_Cardiotocography,500,KNN,0.0,0,clusters,True,0.6474941724941725
7_Cardiotocography,500,KNN,0.0,1,clusters,True,0.6434498834498835
7_Cardiotocography,500,KNN,0.0,2,clusters,True,0.6787529137529137
7_Cardiotocography,500,KNN,0.0,3,clusters,True,0.5983333333333334
7_Cardiotocography,500,KNN,0.0,4,clusters,True,0.6009090909090908
7_Cardiotocography,500,KNN,0.0,0,clusters,False,0.6474941724941725
7_Cardiotocography,500,KNN,0.0,1,clusters,False,0.6434498834498835
7_Cardiotocography,500,KNN,0.0,2,clusters,False,0.6787529137529137
7_Cardiotocography,500,KNN,0.0,3,clusters,False,0.5983333333333334
7_Cardiotocography,500,KNN,0.0,4,clusters,False,0.6009090909090908
7_Cardiotocography,500,IForest,0.0,0,random,True,0.7143822843822843
7_Cardiotocography,500,IForest,0.0,1,random,True,0.6405827505827506
7_Cardiotocography,500,IForest,0.0,2,random,True,0.7787062937062936
7_Cardiotocography,500,IForest,0.0,3,random,True,0.6639277389277389
7_Cardiotocography,500,IForest,0.0,4,random,True,0.6610256410256411
7_Cardiotocography,500,IForest,0.0,0,random,False,0.682960372960373
7_Cardiotocography,500,IForest,0.0,1,random,False,0.7346153846153847
7_Cardiotocography,500,IForest,0.0,2,random,False,0.7159324009324008
7_Cardiotocography,500,IForest,0.0,3,random,False,0.659918414918415
7_Cardiotocography,500,IForest,0.0,4,random,False,0.6781818181818182
7_Cardiotocography,500,IForest,0.0,0,uncertainty,True,0.7143589743589746
7_Cardiotocography,500,IForest,0.0,1,uncertainty,True,0.7167832167832168
7_Cardiotocography,500,IForest,0.0,2,uncertainty,True,0.7357692307692307
7_Cardiotocography,500,IForest,0.0,3,uncertainty,True,0.7012004662004663
7_Cardiotocography,500,IForest,0.0,4,uncertainty,True,0.6689976689976691
7_Cardiotocography,500,IForest,0.0,0,uncertainty,False,0.7442657342657343
7_Cardiotocography,500,IForest,0.0,1,uncertainty,False,0.6888811188811189
7_Cardiotocography,500,IForest,0.0,2,uncertainty,False,0.796048951048951
7_Cardiotocography,500,IForest,0.0,3,uncertainty,False,0.6843473193473193
7_Cardiotocography,500,IForest,0.0,4,uncertainty,False,0.6861072261072262
7_Cardiotocography,500,IForest,0.0,0,anomalous,True,0.707039627039627
7_Cardiotocography,500,IForest,0.0,1,anomalous,True,0.7320046620046621
7_Cardiotocography,500,IForest,0.0,2,anomalous,True,0.7043706293706293
7_Cardiotocography,500,IForest,0.0,3,anomalous,True,0.6771911421911422
7_Cardiotocography,500,IForest,0.0,4,anomalous,True,0.6913286713286714
7_Cardiotocography,500,IForest,0.0,0,anomalous,False,0.7228904428904428
7_Cardiotocography,500,IForest,0.0,1,anomalous,False,0.6824009324009324
7_Cardiotocography,500,IForest,0.0,2,anomalous,False,0.7375874125874127
7_Cardiotocography,500,IForest,0.0,3,anomalous,False,0.7466550116550116
7_Cardiotocography,500,IForest,0.0,4,anomalous,False,0.6662237762237763
7_Cardiotocography,500,IForest,0.0,0,clusters,True,0.7389510489510489
7_Cardiotocography,500,IForest,0.0,1,clusters,True,0.700862470862471
7_Cardiotocography,500,IForest,0.0,2,clusters,True,0.7701981351981351
7_Cardiotocography,500,IForest,0.0,3,clusters,True,0.6777505827505828
7_Cardiotocography,500,IForest,0.0,4,clusters,True,0.6363403263403263
7_Cardiotocography,500,IForest,0.0,0,clusters,False,0.695058275058275
7_Cardiotocography,500,IForest,0.0,1,clusters,False,0.6928904428904429
7_Cardiotocography,500,IForest,0.0,2,clusters,False,0.775955710955711
7_Cardiotocography,500,IForest,0.0,3,clusters,False,0.6681934731934732
7_Cardiotocography,500,IForest,0.0,4,clusters,False,0.6700233100233101
7_Cardiotocography,500,KNN,0.004,0,random,True,0.6474941724941725
7_Cardiotocography,500,KNN,0.004,1,random,True,0.6434498834498835
7_Cardiotocography,500,KNN,0.004,2,random,True,0.6787529137529137
7_Cardiotocography,500,KNN,0.004,3,random,True,0.5983333333333334
7_Cardiotocography,500,KNN,0.004,4,random,True,0.6009090909090908
7_Cardiotocography,500,KNN,0.004,0,random,False,0.6474941724941725
7_Cardiotocography,500,KNN,0.004,1,random,False,0.6434498834498835
7_Cardiotocography,500,KNN,0.004,2,random,False,0.6787529137529137
7_Cardiotocography,500,KNN,0.004,3,random,False,0.5983333333333334
7_Cardiotocography,500,KNN,0.004,4,random,False,0.6009090909090908
7_Cardiotocography,500,KNN,0.004,0,uncertainty,True,0.6474941724941725
7_Cardiotocography,500,KNN,0.004,1,uncertainty,True,0.6434498834498835
7_Cardiotocography,500,KNN,0.004,2,uncertainty,True,0.6787529137529137
7_Cardiotocography,500,KNN,0.004,3,uncertainty,True,0.5983333333333334
7_Cardiotocography,499,KNN,0.004,4,uncertainty,True,0.6012121212121212
7_Cardiotocography,500,KNN,0.004,0,uncertainty,False,0.6474941724941725
7_Cardiotocography,500,KNN,0.004,1,uncertainty,False,0.6434498834498835
7_Cardiotocography,500,KNN,0.004,2,uncertainty,False,0.6787529137529137
7_Cardiotocography,498,KNN,0.004,3,uncertainty,False,0.5984965034965035
7_Cardiotocography,499,KNN,0.004,4,uncertainty,False,0.6012121212121212
7_Cardiotocography,500,KNN,0.004,0,anomalous,True,0.6474941724941725
7_Cardiotocography,500,KNN,0.004,1,anomalous,True,0.6434498834498835
7_Cardiotocography,500,KNN,0.004,2,anomalous,True,0.6787529137529137
7_Cardiotocography,499,KNN,0.004,3,anomalous,True,0.5983333333333334
7_Cardiotocography,500,KNN,0.004,4,anomalous,True,0.6009090909090908
7_Cardiotocography,500,KNN,0.004,0,anomalous,False,0.6474941724941725
7_Cardiotocography,498,KNN,0.004,1,anomalous,False,0.6434498834498835
7_Cardiotocography,498,KNN,0.004,2,anomalous,False,0.6787529137529137
7_Cardiotocography,499,KNN,0.004,3,anomalous,False,0.5983333333333334
7_Cardiotocography,500,KNN,0.004,4,anomalous,False,0.6009090909090908
7_Cardiotocography,500,KNN,0.004,0,clusters,True,0.6474941724941725
7_Cardiotocography,500,KNN,0.004,1,clusters,True,0.6434498834498835
7_Cardiotocography,500,KNN,0.004,2,clusters,True,0.6787529137529137
7_Cardiotocography,500,KNN,0.004,3,clusters,True,0.5983333333333334
7_Cardiotocography,500,KNN,0.004,4,clusters,True,0.6009090909090908
7_Cardiotocography,500,KNN,0.004,0,clusters,False,0.6474941724941725
7_Cardiotocography,500,KNN,0.004,1,clusters,False,0.6434498834498835
7_Cardiotocography,500,KNN,0.004,2,clusters,False,0.6787529137529137
7_Cardiotocography,500,KNN,0.004,3,clusters,False,0.5983333333333334
7_Cardiotocography,500,KNN,0.004,4,clusters,False,0.6009090909090908
7_Cardiotocography,500,IForest,0.004,0,random,True,0.7729836829836831
7_Cardiotocography,500,IForest,0.004,1,random,True,0.7206060606060607
7_Cardiotocography,500,IForest,0.004,2,random,True,0.7243939393939394
7_Cardiotocography,500,IForest,0.004,3,random,True,0.7122960372960373
7_Cardiotocography,500,IForest,0.004,4,random,True,0.6935198135198135
7_Cardiotocography,500,IForest,0.004,0,random,False,0.7068065268065269
7_Cardiotocography,500,IForest,0.004,1,random,False,0.7174825174825175
7_Cardiotocography,500,IForest,0.004,2,random,False,0.7853729603729603
7_Cardiotocography,500,IForest,0.004,3,random,False,0.6984032634032633
7_Cardiotocography,500,IForest,0.004,4,random,False,0.67997668997669
7_Cardiotocography,500,IForest,0.004,0,uncertainty,True,0.7240792540792541
7_Cardiotocography,499,IForest,0.004,1,uncertainty,True,0.7321212121212122
7_Cardiotocography,499,IForest,0.004,2,uncertainty,True,0.7681701631701631
7_Cardiotocography,500,IForest,0.004,3,uncertainty,True,0.6788461538461539
7_Cardiotocography,500,IForest,0.004,4,uncertainty,True,0.7288578088578088
7_Cardiotocography,498,IForest,0.004,0,uncertainty,False,0.6617948717948718
7_Cardiotocography,500,IForest,0.004,1,uncertainty,False,0.7093706293706293
7_Cardiotocography,499,IForest,0.004,2,uncertainty,False,0.7939044289044289
7_Cardiotocography,499,IForest,0.004,3,uncertainty,False,0.6762820512820513
7_Cardiotocography,500,IForest,0.004,4,uncertainty,False,0.7026340326340326
7_Cardiotocography,500,IForest,0.004,0,anomalous,True,0.7386480186480187
7_Cardiotocography,500,IForest,0.004,1,anomalous,True,0.6702797202797204
7_Cardiotocography,500,IForest,0.004,2,anomalous,True,0.76504662004662
7_Cardiotocography,500,IForest,0.004,3,anomalous,True,0.7197086247086246
7_Cardiotocography,499,IForest,0.004,4,anomalous,True,0.6914918414918415
7_Cardiotocography,498,IForest,0.004,0,anomalous,False,0.6733100233100232
7_Cardiotocography,498,IForest,0.004,1,anomalous,False,0.6861305361305361
7_Cardiotocography,498,IForest,0.004,2,anomalous,False,0.7678904428904428
7_Cardiotocography,498,IForest,0.004,3,anomalous,False,0.6715268065268065
7_Cardiotocography,499,IForest,0.004,4,anomalous,False,0.6381585081585082
7_Cardiotocography,500,IForest,0.004,0,clusters,True,0.7363636363636363
7_Cardiotocography,500,IForest,0.004,1,clusters,True,0.6940326340326342
7_Cardiotocography,500,IForest,0.004,2,clusters,True,0.7732750582750583
7_Cardiotocography,500,IForest,0.004,3,clusters,True,0.6834615384615386
7_Cardiotocography,500,IForest,0.004,4,clusters,True,0.6881818181818181
7_Cardiotocography,500,IForest,0.004,0,clusters,False,0.6569696969696969
7_Cardiotocography,500,IForest,0.004,1,clusters,False,0.7117715617715619
7_Cardiotocography,500,IForest,0.004,2,clusters,False,0.7734382284382284
7_Cardiotocography,500,IForest,0.004,3,clusters,False,0.6679603729603729
7_Cardiotocography,500,IForest,0.004,4,clusters,False,0.6752214452214452
7_Cardiotocography,499,KNN,0.006,0,random,True,0.6507109557109557
7_Cardiotocography,500,KNN,0.006,1,random,True,0.6434498834498835
7_Cardiotocography,500,KNN,0.006,2,random,True,0.6787529137529137
7_Cardiotocography,500,KNN,0.006,3,random,True,0.5983333333333334
7_Cardiotocography,499,KNN,0.006,4,random,True,0.6009090909090908
7_Cardiotocography,499,KNN,0.006,0,random,False,0.6507109557109557
7_Cardiotocography,500,KNN,0.006,1,random,False,0.6434498834498835
7_Cardiotocography,500,KNN,0.006,2,random,False,0.6787529137529137
7_Cardiotocography,500,KNN,0.006,3,random,False,0.5983333333333334
7_Cardiotocography,499,KNN,0.006,4,random,False,0.6009090909090908
7_Cardiotocography,499,KNN,0.006,0,uncertainty,True,0.6477505827505827
7_Cardiotocography,499,KNN,0.006,1,uncertainty,True,0.6436596736596737
7_Cardiotocography,499,KNN,0.006,2,uncertainty,True,0.6787762237762238
7_Cardiotocography,498,KNN,0.006,3,uncertainty,True,0.5984965034965035
7_Cardiotocography,498,KNN,0.006,4,uncertainty,True,0.6013986013986015
7_Cardiotocography,499,KNN,0.006,0,uncertainty,False,0.6477505827505827
7_Cardiotocography,499,KNN,0.006,1,uncertainty,False,0.6436596736596737
7_Cardiotocography,499,KNN,0.006,2,uncertainty,False,0.6787762237762238
7_Cardiotocography,498,KNN,0.006,3,uncertainty,False,0.5984965034965035
7_Cardiotocography,498,KNN,0.006,4,uncertainty,False,0.6013986013986015
7_Cardiotocography,499,KNN,0.006,0,anomalous,True,0.6474941724941725
7_Cardiotocography,500,KNN,0.006,1,anomalous,True,0.6434498834498835
7_Cardiotocography,500,KNN,0.006,2,anomalous,True,0.6787529137529137
7_Cardiotocography,498,KNN,0.006,3,anomalous,True,0.5983333333333334
7_Cardiotocography,500,KNN,0.006,4,anomalous,True,0.6009090909090908
7_Cardiotocography,499,KNN,0.006,0,anomalous,False,0.6474941724941725
7_Cardiotocography,497,KNN,0.006,1,anomalous,False,0.6434498834498835
7_Cardiotocography,497,KNN,0.006,2,anomalous,False,0.6787995337995337
7_Cardiotocography,498,KNN,0.006,3,anomalous,False,0.5983333333333334
7_Cardiotocography,500,KNN,0.006,4,anomalous,False,0.6009090909090908
7_Cardiotocography,500,KNN,0.006,0,clusters,True,0.6474941724941725
7_Cardiotocography,500,KNN,0.006,1,clusters,True,0.6434498834498835
7_Cardiotocography,500,KNN,0.006,2,clusters,True,0.6787529137529137
7_Cardiotocography,500,KNN,0.006,3,clusters,True,0.5983333333333334
7_Cardiotocography,500,KNN,0.006,4,clusters,True,0.6009090909090908
7_Cardiotocography,500,KNN,0.006,0,clusters,False,0.6474941724941725
7_Cardiotocography,500,KNN,0.006,1,clusters,False,0.6434498834498835
7_Cardiotocography,500,KNN,0.006,2,clusters,False,0.6787529137529137
7_Cardiotocography,500,KNN,0.006,3,clusters,False,0.5983333333333334
7_Cardiotocography,500,KNN,0.006,4,clusters,False,0.6009090909090908
7_Cardiotocography,499,IForest,0.006,0,random,True,0.7789044289044289
7_Cardiotocography,500,IForest,0.006,1,random,True,0.7154778554778555
7_Cardiotocography,500,IForest,0.006,2,random,True,0.7583333333333333
7_Cardiotocography,500,IForest,0.006,3,random,True,0.676958041958042
7_Cardiotocography,499,IForest,0.006,4,random,True,0.6491142191142192
7_Cardiotocography,499,IForest,0.006,0,random,False,0.7288111888111888
7_Cardiotocography,500,IForest,0.006,1,random,False,0.728927738927739
7_Cardiotocography,500,IForest,0.006,2,random,False,0.7516433566433566
7_Cardiotocography,500,IForest,0.006,3,random,False,0.6407575757575759
7_Cardiotocography,499,IForest,0.006,4,random,False,0.6943822843822843
7_Cardiotocography,498,IForest,0.006,0,uncertainty,True,0.7214918414918415
7_Cardiotocography,499,IForest,0.006,1,uncertainty,True,0.7179254079254079
7_Cardiotocography,499,IForest,0.006,2,uncertainty,True,0.7851864801864803
7_Cardiotocography,500,IForest,0.006,3,uncertainty,True,0.650920745920746
7_Cardiotocography,500,IForest,0.006,4,uncertainty,True,0.7212121212121213
7_Cardiotocography,498,IForest,0.006,0,uncertainty,False,0.6945221445221446
7_Cardiotocography,499,IForest,0.006,1,uncertainty,False,0.707972027972028
7_Cardiotocography,500,IForest,0.006,2,uncertainty,False,0.6918065268065269
7_Cardiotocography,498,IForest,0.006,3,uncertainty,False,0.6507808857808857
7_Cardiotocography,499,IForest,0.006,4,uncertainty,False,0.6975291375291376
7_Cardiotocography,500,IForest,0.006,0,anomalous,True,0.7037062937062937
7_Cardiotocography,500,IForest,0.006,1,anomalous,True,0.7088111888111888
7_Cardiotocography,500,IForest,0.006,2,anomalous,True,0.7840209790209791
7_Cardiotocography,500,IForest,0.006,3,anomalous,True,0.6462354312354311
7_Cardiotocography,498,IForest,0.006,4,anomalous,True,0.651934731934732
7_Cardiotocography,497,IForest,0.006,0,anomalous,False,0.7184848484848483
7_Cardiotocography,497,IForest,0.006,1,anomalous,False,0.7017016317016317
7_Cardiotocography,497,IForest,0.006,2,anomalous,False,0.768939393939394
7_Cardiotocography,497,IForest,0.006,3,anomalous,False,0.657890442890443
7_Cardiotocography,498,IForest,0.006,4,anomalous,False,0.6788344988344988
7_Cardiotocography,500,IForest,0.006,0,clusters,True,0.7114452214452215
7_Cardiotocography,500,IForest,0.006,1,clusters,True,0.6717715617715618
7_Cardiotocography,500,IForest,0.006,2,clusters,True,0.7453030303030304
7_Cardiotocography,500,IForest,0.006,3,clusters,True,0.6862121212121212
7_Cardiotocography,500,IForest,0.006,4,clusters,True,0.6831468531468532
7_Cardiotocography,500,IForest,0.006,0,clusters,False,0.742004662004662
7_Cardiotocography,500,IForest,0.006,1,clusters,False,0.7225174825174826
7_Cardiotocography,500,IForest,0.006,2,clusters,False,0.7846037296037297
7_Cardiotocography,500,IForest,0.006,3,clusters,False,0.7258391608391609
7_Cardiotocography,500,IForest,0.006,4,clusters,False,0.7025641025641025
7_Cardiotocography,499,KNN,0.008,0,random,True,0.6507109557109557
7_Cardiotocography,500,KNN,0.008,1,random,True,0.6434498834498835
7_Cardiotocography,500,KNN,0.008,2,random,True,0.6787529137529137
7_Cardiotocography,499,KNN,0.008,3,random,True,0.5987762237762237
7_Cardiotocography,499,KNN,0.008,4,random,True,0.6009090909090908
7_Cardiotocography,499,KNN,0.008,0,random,False,0.6507109557109557
7_Cardiotocography,500,KNN,0.008,1,random,False,0.6434498834498835
7_Cardiotocography,500,KNN,0.008,2,random,False,0.6787529137529137
7_Cardiotocography,499,KNN,0.008,3,random,False,0.5987762237762237
7_Cardiotocography,499,KNN,0.008,4,random,False,0.6009090909090908
7_Cardiotocography,498,KNN,0.008,0,uncertainty,True,0.6477505827505827
7_Cardiotocography,499,KNN,0.008,1,uncertainty,True,0.6436596736596737
7_Cardiotocography,498,KNN,0.008,2,uncertainty,True,0.678939393939394
7_Cardiotocography,498,KNN,0.008,3,uncertainty,True,0.5984965034965035
7_Cardiotocography,497,KNN,0.008,4,uncertainty,True,0.6014219114219115
7_Cardiotocography,498,KNN,0.008,0,uncertainty,False,0.6477505827505827
7_Cardiotocography,499,KNN,0.008,1,uncertainty,False,0.6436596736596737
7_Cardiotocography,498,KNN,0.008,2,uncertainty,False,0.678939393939394
7_Cardiotocography,498,KNN,0.008,3,uncertainty,False,0.5984965034965035
7_Cardiotocography,497,KNN,0.008,4,uncertainty,False,0.6014219114219115
7_Cardiotocography,498,KNN,0.008,0,anomalous,True,0.6474941724941725
7_Cardiotocography,500,KNN,0.008,1,anomalous,True,0.6434498834498835
7_Cardiotocography,500,KNN,0.008,2,anomalous,True,0.6787529137529137
7_Cardiotocography,497,KNN,0.008,3,anomalous,True,0.5983333333333334
7_Cardiotocography,499,KNN,0.008,4,anomalous,True,0.6009090909090908
7_Cardiotocography,498,KNN,0.008,0,anomalous,False,0.6474941724941725
7_Cardiotocography,496,KNN,0.008,1,anomalous,False,0.6434498834498835
7_Cardiotocography,496,KNN,0.008,2,anomalous,False,0.6787995337995337
7_Cardiotocography,497,KNN,0.008,3,anomalous,False,0.5983333333333334
7_Cardiotocography,499,KNN,0.008,4,anomalous,False,0.6009090909090908
7_Cardiotocography,500,KNN,0.008,0,clusters,True,0.6474941724941725
7_Cardiotocography,499,KNN,0.008,1,clusters,True,0.6436596736596736
7_Cardiotocography,499,KNN,0.008,2,clusters,True,0.6793822843822844
7_Cardiotocography,499,KNN,0.008,3,clusters,True,0.5990792540792541
7_Cardiotocography,500,KNN,0.008,4,clusters,True,0.6009090909090908
7_Cardiotocography,500,KNN,0.008,0,clusters,False,0.6474941724941725
7_Cardiotocography,499,KNN,0.008,1,clusters,False,0.6436596736596736
7_Cardiotocography,499,KNN,0.008,2,clusters,False,0.6793822843822844
7_Cardiotocography,499,KNN,0.008,3,clusters,False,0.5990792540792541
7_Cardiotocography,500,KNN,0.008,4,clusters,False,0.6009090909090908
7_Cardiotocography,499,IForest,0.008,0,random,True,0.7112587412587413
7_Cardiotocography,500,IForest,0.008,1,random,True,0.7117948717948718
7_Cardiotocography,500,IForest,0.008,2,random,True,0.7643473193473194
7_Cardiotocography,499,IForest,0.008,3,random,True,0.6756526806526806
7_Cardiotocography,499,IForest,0.008,4,random,True,0.6956876456876456
7_Cardiotocography,499,IForest,0.008,0,random,False,0.7666899766899766
7_Cardiotocography,500,IForest,0.008,1,random,False,0.7222843822843823
7_Cardiotocography,500,IForest,0.008,2,random,False,0.727027972027972
7_Cardiotocography,499,IForest,0.008,3,random,False,0.6796153846153846
7_Cardiotocography,499,IForest,0.008,4,random,False,0.651048951048951
7_Cardiotocography,498,IForest,0.008,0,uncertainty,True,0.7245454545454546
7_Cardiotocography,499,IForest,0.008,1,uncertainty,True,0.7035431235431235
7_Cardiotocography,499,IForest,0.008,2,uncertainty,True,0.7725058275058275
7_Cardiotocography,499,IForest,0.008,3,uncertainty,True,0.6593589743589743
7_Cardiotocography,497,IForest,0.008,4,uncertainty,True,0.7375757575757576
7_Cardiotocography,500,IForest,0.008,0,uncertainty,False,0.7641258741258742
7_Cardiotocography,499,IForest,0.008,1,uncertainty,False,0.6968764568764569
7_Cardiotocography,500,IForest,0.008,2,uncertainty,False,0.7208041958041959
7_Cardiotocography,499,IForest,0.008,3,uncertainty,False,0.671993006993007
7_Cardiotocography,498,IForest,0.008,4,uncertainty,False,0.6381585081585082
7_Cardiotocography,500,IForest,0.008,0,anomalous,True,0.7271095571095572
7_Cardiotocography,500,IForest,0.008,1,anomalous,True,0.7112587412587413
7_Cardiotocography,500,IForest,0.008,2,anomalous,True,0.7453962703962704
7_Cardiotocography,500,IForest,0.008,3,anomalous,True,0.6784498834498834
7_Cardiotocography,500,IForest,0.008,4,anomalous,True,0.6823310023310024
7_Cardiotocography,496,IForest,0.008,0,anomalous,False,0.7651981351981352
7_Cardiotocography,496,IForest,0.008,1,anomalous,False,0.7077855477855478
7_Cardiotocography,496,IForest,0.008,2,anomalous,False,0.7044871794871795
7_Cardiotocography,496,IForest,0.008,3,anomalous,False,0.6737412587412587
7_Cardiotocography,498,IForest,0.008,4,anomalous,False,0.6687179487179487
7_Cardiotocography,500,IForest,0.008,0,clusters,True,0.7217948717948718
7_Cardiotocography,499,IForest,0.008,1,clusters,True,0.7061538461538462
7_Cardiotocography,499,IForest,0.008,2,clusters,True,0.7663053613053613
7_Cardiotocography,499,IForest,0.008,3,clusters,True,0.6925291375291376
7_Cardiotocography,500,IForest,0.008,4,clusters,True,0.676083916083916
7_Cardiotocography,500,IForest,0.008,0,clusters,False,0.7210955710955711
7_Cardiotocography,499,IForest,0.008,1,clusters,False,0.7135664335664335
7_Cardiotocography,499,IForest,0.008,2,clusters,False,0.7440909090909091
7_Cardiotocography,499,IForest,0.008,3,clusters,False,0.6725757575757575
7_Cardiotocography,500,IForest,0.008,4,clusters,False,0.6897668997668998
7_Cardiotocography,498,KNN,0.013,0,random,True,0.6507109557109557
7_Cardiotocography,500,KNN,0.013,1,random,True,0.6434498834498835
7_Cardiotocography,500,KNN,0.013,2,random,True,0.6787529137529137
7_Cardiotocography,499,KNN,0.013,3,random,True,0.5987762237762237
7_Cardiotocography,499,KNN,0.013,4,random,True,0.6009090909090908
7_Cardiotocography,498,KNN,0.013,0,random,False,0.6507109557109557
7_Cardiotocography,500,KNN,0.013,1,random,False,0.6434498834498835
7_Cardiotocography,500,KNN,0.013,2,random,False,0.6787529137529137
7_Cardiotocography,499,KNN,0.013,3,random,False,0.5987762237762237
7_Cardiotocography,499,KNN,0.013,4,random,False,0.6009090909090908
7_Cardiotocography,497,KNN,0.013,0,uncertainty,True,0.6478205128205128
7_Cardiotocography,499,KNN,0.013,1,uncertainty,True,0.6436596736596737
7_Cardiotocography,496,KNN,0.013,2,uncertainty,True,0.6791258741258741
7_Cardiotocography,497,KNN,0.013,3,uncertainty,True,0.5985198135198135
7_Cardiotocography,496,KNN,0.013,4,uncertainty,True,0.602074592074592
7_Cardiotocography,497,KNN,0.013,0,uncertainty,False,0.6478205128205128
7_Cardiotocography,499,KNN,0.013,1,uncertainty,False,0.6436596736596737
7_Cardiotocography,496,KNN,0.013,2,uncertainty,False,0.6791258741258741
7_Cardiotocography,497,KNN,0.013,3,uncertainty,False,0.5985198135198135
7_Cardiotocography,496,KNN,0.013,4,uncertainty,False,0.602074592074592
7_Cardiotocography,498,KNN,0.013,0,anomalous,True,0.6474941724941725
7_Cardiotocography,495,KNN,0.013,1,anomalous,True,0.6434498834498835
7_Cardiotocography,495,KNN,0.013,2,anomalous,True,0.6787995337995337
7_Cardiotocography,496,KNN,0.013,3,anomalous,True,0.5983333333333334
7_Cardiotocography,498,KNN,0.013,4,anomalous,True,0.6009090909090908
7_Cardiotocography,498,KNN,0.013,0,anomalous,False,0.6474941724941725
7_Cardiotocography,495,KNN,0.013,1,anomalous,False,0.6434498834498835
7_Cardiotocography,495,KNN,0.013,2,anomalous,False,0.6787995337995337
7_Cardiotocography,496,KNN,0.013,3,anomalous,False,0.5983333333333334
7_Cardiotocography,498,KNN,0.013,4,anomalous,False,0.6009090909090908
7_Cardiotocography,498,KNN,0.013,0,clusters,True,0.6519463869463868
7_Cardiotocography,498,KNN,0.013,1,clusters,True,0.6455827505827505
7_Cardiotocography,498,KNN,0.013,2,clusters,True,0.6797785547785548
7_Cardiotocography,498,KNN,0.013,3,clusters,True,0.5992657342657343
7_Cardiotocography,498,KNN,0.013,4,clusters,True,0.6033333333333333
7_Cardiotocography,498,KNN,0.013,0,clusters,False,0.6519463869463868
7_Cardiotocography,498,KNN,0.013,1,clusters,False,0.6455827505827505
7_Cardiotocography,498,KNN,0.013,2,clusters,False,0.6797785547785548
7_Cardiotocography,498,KNN,0.013,3,clusters,False,0.5992657342657343
7_Cardiotocography,498,KNN,0.013,4,clusters,False,0.6033333333333333
7_Cardiotocography,498,IForest,0.013,0,random,True,0.7083916083916083
7_Cardiotocography,500,IForest,0.013,1,random,True,0.6996270396270396
7_Cardiotocography,500,IForest,0.013,2,random,True,0.7781934731934731
7_Cardiotocography,499,IForest,0.013,3,random,True,0.6862121212121213
7_Cardiotocography,499,IForest,0.013,4,random,True,0.6727272727272727
7_Cardiotocography,498,IForest,0.013,0,random,False,0.7121678321678322
7_Cardiotocography,500,IForest,0.013,1,random,False,0.7325407925407925
7_Cardiotocography,500,IForest,0.013,2,random,False,0.7435547785547786
7_Cardiotocography,499,IForest,0.013,3,random,False,0.686981351981352
7_Cardiotocography,499,IForest,0.013,4,random,False,0.6556876456876457
7_Cardiotocography,497,IForest,0.013,0,uncertainty,True,0.7522843822843823
7_Cardiotocography,498,IForest,0.013,1,uncertainty,True,0.7234498834498833
7_Cardiotocography,498,IForest,0.013,2,uncertainty,True,0.6998251748251749
7_Cardiotocography,498,IForest,0.013,3,uncertainty,True,0.6439277389277389
7_Cardiotocography,498,IForest,0.013,4,uncertainty,True,0.6745221445221445
7_Cardiotocography,498,IForest,0.013,0,uncertainty,False,0.7802564102564102
7_Cardiotocography,499,IForest,0.013,1,uncertainty,False,0.7173426573426573
7_Cardiotocography,499,IForest,0.013,2,uncertainty,False,0.7128088578088579
7_Cardiotocography,498,IForest,0.013,3,uncertainty,False,0.6989627039627039
7_Cardiotocography,497,IForest,0.013,4,uncertainty,False,0.7058974358974359
7_Cardiotocography,495,IForest,0.013,0,anomalous,True,0.7492540792540792
7_Cardiotocography,500,IForest,0.013,1,anomalous,True,0.6837296037296038
7_Cardiotocography,500,IForest,0.013,2,anomalous,True,0.7075641025641026
7_Cardiotocography,500,IForest,0.013,3,anomalous,True,0.6395454545454546
7_Cardiotocography,494,IForest,0.013,4,anomalous,True,0.6662470862470862
7_Cardiotocography,494,IForest,0.013,0,anomalous,False,0.6872960372960373
7_Cardiotocography,494,IForest,0.013,1,anomalous,False,0.744941724941725
7_Cardiotocography,494,IForest,0.013,2,anomalous,False,0.7478205128205129
7_Cardiotocography,496,IForest,0.013,3,anomalous,False,0.6924125874125875
7_Cardiotocography,496,IForest,0.013,4,anomalous,False,0.6952214452214452
7_Cardiotocography,498,IForest,0.013,0,clusters,True,0.7261305361305361
7_Cardiotocography,498,IForest,0.013,1,clusters,True,0.7083682983682984
7_Cardiotocography,498,IForest,0.013,2,clusters,True,0.7527855477855478
7_Cardiotocography,498,IForest,0.013,3,clusters,True,0.6476107226107226
7_Cardiotocography,498,IForest,0.013,4,clusters,True,0.6513519813519814
7_Cardiotocography,498,IForest,0.013,0,clusters,False,0.7213986013986013
7_Cardiotocography,498,IForest,0.013,1,clusters,False,0.7000233100233099
7_Cardiotocography,498,IForest,0.013,2,clusters,False,0.7571678321678322
7_Cardiotocography,498,IForest,0.013,3,clusters,False,0.6765617715617716
7_Cardiotocography,498,IForest,0.013,4,clusters,False,0.7166433566433568
7_Cardiotocography,498,KNN,0.02,0,random,True,0.6507109557109557
7_Cardiotocography,499,KNN,0.02,1,random,True,0.6437529137529138
7_Cardiotocography,498,KNN,0.02,2,random,True,0.6797552447552447
7_Cardiotocography,498,KNN,0.02,3,random,True,0.5989160839160839
7_Cardiotocography,499,KNN,0.02,4,random,True,0.6009090909090908
7_Cardiotocography,498,KNN,0.02,0,random,False,0.6507109557109557
7_Cardiotocography,499,KNN,0.02,1,random,False,0.6437529137529138
7_Cardiotocography,498,KNN,0.02,2,random,False,0.6797552447552447
7_Cardiotocography,498,KNN,0.02,3,random,False,0.5989160839160839
7_Cardiotocography,499,KNN,0.02,4,random,False,0.6009090909090908
7_Cardiotocography,496,KNN,0.02,0,uncertainty,True,0.6478205128205128
7_Cardiotocography,498,KNN,0.02,1,uncertainty,True,0.6437529137529138
7_Cardiotocography,493,KNN,0.02,2,uncertainty,True,0.6793356643356643
7_Cardiotocography,496,KNN,0.02,3,uncertainty,True,0.5988927738927738
7_Cardiotocography,495,KNN,0.02,4,uncertainty,True,0.602074592074592
7_Cardiotocography,496,KNN,0.02,0,uncertainty,False,0.6478205128205128
7_Cardiotocography,498,KNN,0.02,1,uncertainty,False,0.6437529137529138
7_Cardiotocography,493,KNN,0.02,2,uncertainty,False,0.6793356643356643
7_Cardiotocography,496,KNN,0.02,3,uncertainty,False,0.5988927738927738
7_Cardiotocography,495,KNN,0.02,4,uncertainty,False,0.602074592074592
7_Cardiotocography,495,KNN,0.02,0,anomalous,True,0.6474242424242425
7_Cardiotocography,493,KNN,0.02,1,anomalous,True,0.6434731934731934
7_Cardiotocography,493,KNN,0.02,2,anomalous,True,0.6787995337995337
7_Cardiotocography,495,KNN,0.02,3,anomalous,True,0.5982867132867133
7_Cardiotocography,497,KNN,0.02,4,anomalous,True,0.6009324009324009
7_Cardiotocography,495,KNN,0.02,0,anomalous,False,0.6474242424242425
7_Cardiotocography,493,KNN,0.02,1,anomalous,False,0.6434731934731934
7_Cardiotocography,493,KNN,0.02,2,anomalous,False,0.6787995337995337
7_Cardiotocography,495,KNN,0.02,3,anomalous,False,0.5982867132867133
7_Cardiotocography,497,KNN,0.02,4,anomalous,False,0.6009324009324009
7_Cardiotocography,498,KNN,0.02,0,clusters,True,0.6519463869463868
7_Cardiotocography,497,KNN,0.02,1,clusters,True,0.6440792540792541
7_Cardiotocography,497,KNN,0.02,2,clusters,True,0.6803613053613053
7_Cardiotocography,498,KNN,0.02,3,clusters,True,0.5995454545454545
7_Cardiotocography,496,KNN,0.02,4,clusters,True,0.6010955710955711
7_Cardiotocography,498,KNN,0.02,0,clusters,False,0.6519463869463868
7_Cardiotocography,497,KNN,0.02,1,clusters,False,0.6440792540792541
7_Cardiotocography,497,KNN,0.02,2,clusters,False,0.6803613053613053
7_Cardiotocography,498,KNN,0.02,3,clusters,False,0.5995454545454545
7_Cardiotocography,496,KNN,0.02,4,clusters,False,0.6010955710955711
7_Cardiotocography,498,IForest,0.02,0,random,True,0.6972027972027972
7_Cardiotocography,499,IForest,0.02,1,random,True,0.7074592074592074
7_Cardiotocography,498,IForest,0.02,2,random,True,0.7002680652680653
7_Cardiotocography,498,IForest,0.02,3,random,True,0.7212004662004662
7_Cardiotocography,499,IForest,0.02,4,random,True,0.6617249417249417
7_Cardiotocography,498,IForest,0.02,0,random,False,0.7332167832167832
7_Cardiotocography,499,IForest,0.02,1,random,False,0.6913519813519814
7_Cardiotocography,498,IForest,0.02,2,random,False,0.7541841491841493
7_Cardiotocography,498,IForest,0.02,3,random,False,0.672016317016317
7_Cardiotocography,499,IForest,0.02,4,random,False,0.6645920745920746
7_Cardiotocography,497,IForest,0.02,0,uncertainty,True,0.6844522144522145
7_Cardiotocography,496,IForest,0.02,1,uncertainty,True,0.7128904428904429
7_Cardiotocography,497,IForest,0.02,2,uncertainty,True,0.7741375291375292
7_Cardiotocography,496,IForest,0.02,3,uncertainty,True,0.699941724941725
7_Cardiotocography,497,IForest,0.02,4,uncertainty,True,0.6835198135198135
7_Cardiotocography,496,IForest,0.02,0,uncertainty,False,0.706899766899767
7_Cardiotocography,494,IForest,0.02,1,uncertainty,False,0.704149184149184
7_Cardiotocography,495,IForest,0.02,2,uncertainty,False,0.7631351981351981
7_Cardiotocography,498,IForest,0.02,3,uncertainty,False,0.6962121212121212
7_Cardiotocography,497,IForest,0.02,4,uncertainty,False,0.7334265734265735
7_Cardiotocography,491,IForest,0.02,0,anomalous,True,0.6683449883449885
7_Cardiotocography,491,IForest,0.02,1,anomalous,True,0.7052214452214453
7_Cardiotocography,500,IForest,0.02,2,anomalous,True,0.7632284382284383
7_Cardiotocography,491,IForest,0.02,3,anomalous,True,0.6304545454545454
7_Cardiotocography,494,IForest,0.02,4,anomalous,True,0.6656177156177155
7_Cardiotocography,492,IForest,0.02,0,anomalous,False,0.7511888111888112
7_Cardiotocography,490,IForest,0.02,1,anomalous,False,0.6714219114219114
7_Cardiotocography,490,IForest,0.02,2,anomalous,False,0.729895104895105
7_Cardiotocography,490,IForest,0.02,3,anomalous,False,0.6927389277389278
7_Cardiotocography,492,IForest,0.02,4,anomalous,False,0.6827272727272726
7_Cardiotocography,498,IForest,0.02,0,clusters,True,0.7365967365967365
7_Cardiotocography,497,IForest,0.02,1,clusters,True,0.7038461538461539
7_Cardiotocography,497,IForest,0.02,2,clusters,True,0.7559324009324009
7_Cardiotocography,498,IForest,0.02,3,clusters,True,0.6841375291375291
7_Cardiotocography,496,IForest,0.02,4,clusters,True,0.7037062937062937
7_Cardiotocography,498,IForest,0.02,0,clusters,False,0.732937062937063
7_Cardiotocography,497,IForest,0.02,1,clusters,False,0.7181118881118882
7_Cardiotocography,497,IForest,0.02,2,clusters,False,0.7491491841491842
7_Cardiotocography,498,IForest,0.02,3,clusters,False,0.6927156177156177
7_Cardiotocography,496,IForest,0.02,4,clusters,False,0.6752913752913754
7_Cardiotocography,498,KNN,0.03,0,random,True,0.6507109557109557
7_Cardiotocography,498,KNN,0.03,1,random,True,0.6444289044289044
7_Cardiotocography,495,KNN,0.03,2,random,True,0.6854428904428904
7_Cardiotocography,496,KNN,0.03,3,random,True,0.6055244755244755
7_Cardiotocography,499,KNN,0.03,4,random,True,0.6009090909090908
7_Cardiotocography,498,KNN,0.03,0,random,False,0.6507109557109557
7_Cardiotocography,498,KNN,0.03,1,random,False,0.6444289044289044
7_Cardiotocography,496,KNN,0.03,2,random,False,0.6805710955710955
7_Cardiotocography,496,KNN,0.03,3,random,False,0.6055244755244755
7_Cardiotocography,499,KNN,0.03,4,random,False,0.6009090909090908
7_Cardiotocography,494,KNN,0.03,0,uncertainty,True,0.6478904428904428
7_Cardiotocography,496,KNN,0.03,1,uncertainty,True,0.643962703962704
7_Cardiotocography,490,KNN,0.03,2,uncertainty,True,0.6793822843822843
7_Cardiotocography,494,KNN,0.03,3,uncertainty,True,0.6007342657342657
7_Cardiotocography,494,KNN,0.03,4,uncertainty,True,0.6031468531468531
7_Cardiotocography,494,KNN,0.03,0,uncertainty,False,0.6478904428904428
7_Cardiotocography,496,KNN,0.03,1,uncertainty,False,0.643962703962704
7_Cardiotocography,490,KNN,0.03,2,uncertainty,False,0.6793822843822843
7_Cardiotocography,494,KNN,0.03,3,uncertainty,False,0.6007342657342657
7_Cardiotocography,494,KNN,0.03,4,uncertainty,False,0.6031468531468531
7_Cardiotocography,493,KNN,0.03,0,anomalous,True,0.6474242424242425
7_Cardiotocography,492,KNN,0.03,1,anomalous,True,0.6434731934731934
7_Cardiotocography,491,KNN,0.03,2,anomalous,True,0.6787995337995337
7_Cardiotocography,495,KNN,0.03,3,anomalous,True,0.5982867132867133
7_Cardiotocography,497,KNN,0.03,4,anomalous,True,0.6009324009324009
7_Cardiotocography,493,KNN,0.03,0,anomalous,False,0.6474242424242425
7_Cardiotocography,492,KNN,0.03,1,anomalous,False,0.6434731934731934
7_Cardiotocography,491,KNN,0.03,2,anomalous,False,0.6787995337995337
7_Cardiotocography,495,KNN,0.03,3,anomalous,False,0.5982867132867133
7_Cardiotocography,497,KNN,0.03,4,anomalous,False,0.6009324009324009
7_Cardiotocography,497,KNN,0.03,0,clusters,True,0.6482867132867133
7_Cardiotocography,495,KNN,0.03,1,clusters,True,0.6455477855477855
7_Cardiotocography,496,KNN,0.03,2,clusters,True,0.6836130536130537
7_Cardiotocography,495,KNN,0.03,3,clusters,True,0.6005944055944056
7_Cardiotocography,493,KNN,0.03,4,clusters,True,0.6053379953379954
7_Cardiotocography,497,KNN,0.03,0,clusters,False,0.6482867132867133
7_Cardiotocography,495,KNN,0.03,1,clusters,False,0.6455477855477855
7_Cardiotocography,496,KNN,0.03,2,clusters,False,0.6836130536130537
7_Cardiotocography,495,KNN,0.03,3,clusters,False,0.6005944055944056
7_Cardiotocography,493,KNN,0.03,4,clusters,False,0.6053379953379954
7_Cardiotocography,498,IForest,0.03,0,random,True,0.7116550116550117
7_Cardiotocography,498,IForest,0.03,1,random,True,0.7337762237762238
7_Cardiotocography,495,IForest,0.03,2,random,True,0.769055944055944
7_Cardiotocography,496,IForest,0.03,3,random,True,0.6814568764568765
7_Cardiotocography,499,IForest,0.03,4,random,True,0.7128205128205128
7_Cardiotocography,498,IForest,0.03,0,random,False,0.7580652680652681
7_Cardiotocography,498,IForest,0.03,1,random,False,0.7336596736596738
7_Cardiotocography,496,IForest,0.03,2,random,False,0.7526689976689978
7_Cardiotocography,496,IForest,0.03,3,random,False,0.7117599067599067
7_Cardiotocography,499,IForest,0.03,4,random,False,0.740932400932401
7_Cardiotocography,497,IForest,0.03,0,uncertainty,True,0.7025174825174825
7_Cardiotocography,495,IForest,0.03,1,uncertainty,True,0.7049184149184149
7_Cardiotocography,498,IForest,0.03,2,uncertainty,True,0.7084965034965035
7_Cardiotocography,495,IForest,0.03,3,uncertainty,True,0.6522494172494173
7_Cardiotocography,496,IForest,0.03,4,uncertainty,True,0.6336363636363636
7_Cardiotocography,498,IForest,0.03,0,uncertainty,False,0.700839160839161
7_Cardiotocography,494,IForest,0.03,1,uncertainty,False,0.6766433566433565
7_Cardiotocography,497,IForest,0.03,2,uncertainty,False,0.7338111888111888
7_Cardiotocography,493,IForest,0.03,3,uncertainty,False,0.7098251748251748
7_Cardiotocography,494,IForest,0.03,4,uncertainty,False,0.6973426573426573
7_Cardiotocography,487,IForest,0.03,0,anomalous,True,0.7053846153846154
7_Cardiotocography,488,IForest,0.03,1,anomalous,True,0.7194172494172494
7_Cardiotocography,487,IForest,0.03,2,anomalous,True,0.7255128205128205
7_Cardiotocography,489,IForest,0.03,3,anomalous,True,0.659918414918415
7_Cardiotocography,491,IForest,0.03,4,anomalous,True,0.6770862470862471
7_Cardiotocography,489,IForest,0.03,0,anomalous,False,0.7089277389277389
7_Cardiotocography,488,IForest,0.03,1,anomalous,False,0.6684615384615386
7_Cardiotocography,489,IForest,0.03,2,anomalous,False,0.7682634032634033
7_Cardiotocography,488,IForest,0.03,3,anomalous,False,0.6637412587412588
7_Cardiotocography,491,IForest,0.03,4,anomalous,False,0.640979020979021
7_Cardiotocography,497,IForest,0.03,0,clusters,True,0.725011655011655
7_Cardiotocography,495,IForest,0.03,1,clusters,True,0.7070163170163171
7_Cardiotocography,496,IForest,0.03,2,clusters,True,0.7667249417249417
7_Cardiotocography,495,IForest,0.03,3,clusters,True,0.7342773892773893
7_Cardiotocography,493,IForest,0.03,4,clusters,True,0.6924475524475524
7_Cardiotocography,497,IForest,0.03,0,clusters,False,0.6957808857808858
7_Cardiotocography,495,IForest,0.03,1,clusters,False,0.6903030303030303
7_Cardiotocography,496,IForest,0.03,2,clusters,False,0.774067599067599
7_Cardiotocography,495,IForest,0.03,3,clusters,False,0.6823892773892773
7_Cardiotocography,493,IForest,0.03,4,clusters,False,0.6640093240093241
7_Cardiotocography,496,KNN,0.04,0,random,True,0.6509440559440559
7_Cardiotocography,497,KNN,0.04,1,random,True,0.6444522144522145
7_Cardiotocography,494,KNN,0.04,2,random,True,0.6856993006993006
7_Cardiotocography,495,KNN,0.04,3,random,True,0.6074125874125873
7_Cardiotocography,497,KNN,0.04,4,random,True,0.6054312354312354
7_Cardiotocography,496,KNN,0.04,0,random,False,0.6509440559440559
7_Cardiotocography,497,KNN,0.04,1,random,False,0.6444522144522145
7_Cardiotocography,495,KNN,0.04,2,random,False,0.6808275058275058
7_Cardiotocography,495,KNN,0.04,3,random,False,0.6074125874125873
7_Cardiotocography,497,KNN,0.04,4,random,False,0.6054312354312354
7_Cardiotocography,492,KNN,0.04,0,uncertainty,True,0.6481701631701632
7_Cardiotocography,493,KNN,0.04,1,uncertainty,True,0.6446853146853148
7_Cardiotocography,488,KNN,0.04,2,uncertainty,True,0.6798717948717948
7_Cardiotocography,491,KNN,0.04,3,uncertainty,True,0.601013986013986
7_Cardiotocography,492,KNN,0.04,4,uncertainty,True,0.6035431235431236
7_Cardiotocography,492,KNN,0.04,0,uncertainty,False,0.6481701631701632
7_Cardiotocography,493,KNN,0.04,1,uncertainty,False,0.6446853146853148
7_Cardiotocography,488,KNN,0.04,2,uncertainty,False,0.6798717948717948
7_Cardiotocography,491,KNN,0.04,3,uncertainty,False,0.601013986013986
7_Cardiotocography,492,KNN,0.04,4,uncertainty,False,0.6035431235431236
7_Cardiotocography,491,KNN,0.04,0,anomalous,True,0.6474475524475525
7_Cardiotocography,491,KNN,0.04,1,anomalous,True,0.6436363636363636
7_Cardiotocography,490,KNN,0.04,2,anomalous,True,0.6788694638694638
7_Cardiotocography,494,KNN,0.04,3,anomalous,True,0.5984265734265735
7_Cardiotocography,496,KNN,0.04,4,anomalous,True,0.600979020979021
7_Cardiotocography,491,KNN,0.04,0,anomalous,False,0.6474475524475525
7_Cardiotocography,491,KNN,0.04,1,anomalous,False,0.6436363636363636
7_Cardiotocography,490,KNN,0.04,2,anomalous,False,0.6788694638694638
7_Cardiotocography,494,KNN,0.04,3,anomalous,False,0.5984265734265735
7_Cardiotocography,496,KNN,0.04,4,anomalous,False,0.600979020979021
7_Cardiotocography,495,KNN,0.04,0,clusters,True,0.6486596736596737
7_Cardiotocography,493,KNN,0.04,1,clusters,True,0.6457575757575758
7_Cardiotocography,496,KNN,0.04,2,clusters,True,0.6836130536130537
7_Cardiotocography,493,KNN,0.04,3,clusters,True,0.6115384615384615
7_Cardiotocography,493,KNN,0.04,4,clusters,True,0.6053379953379954
7_Cardiotocography,495,KNN,0.04,0,clusters,False,0.6486596736596737
7_Cardiotocography,493,KNN,0.04,1,clusters,False,0.6457575757575758
7_Cardiotocography,496,KNN,0.04,2,clusters,False,0.6836130536130537
7_Cardiotocography,493,KNN,0.04,3,clusters,False,0.6115384615384615
7_Cardiotocography,493,KNN,0.04,4,clusters,False,0.6053379953379954
7_Cardiotocography,496,IForest,0.04,0,random,True,0.7184848484848485
7_Cardiotocography,497,IForest,0.04,1,random,True,0.6664335664335665
7_Cardiotocography,494,IForest,0.04,2,random,True,0.7567948717948717
7_Cardiotocography,495,IForest,0.04,3,random,True,0.6999650349650349
7_Cardiotocography,497,IForest,0.04,4,random,True,0.7143589743589743
7_Cardiotocography,496,IForest,0.04,0,random,False,0.7214452214452216
7_Cardiotocography,497,IForest,0.04,1,random,False,0.7125641025641025
7_Cardiotocography,495,IForest,0.04,2,random,False,0.7521561771561771
7_Cardiotocography,495,IForest,0.04,3,random,False,0.6948368298368298
7_Cardiotocography,497,IForest,0.04,4,random,False,0.6865734265734265
7_Cardiotocography,493,IForest,0.04,0,uncertainty,True,0.717948717948718
7_Cardiotocography,495,IForest,0.04,1,uncertainty,True,0.6894871794871794
7_Cardiotocography,492,IForest,0.04,2,uncertainty,True,0.7538111888111889
7_Cardiotocography,495,IForest,0.04,3,uncertainty,True,0.7011771561771563
7_Cardiotocography,490,IForest,0.04,4,uncertainty,True,0.7442890442890442
7_Cardiotocography,491,IForest,0.04,0,uncertainty,False,0.7186013986013986
7_Cardiotocography,493,IForest,0.04,1,uncertainty,False,0.6931468531468532
7_Cardiotocography,489,IForest,0.04,2,uncertainty,False,0.7742540792540792
7_Cardiotocography,493,IForest,0.04,3,uncertainty,False,0.6785198135198135
7_Cardiotocography,492,IForest,0.04,4,uncertainty,False,0.7128205128205128
7_Cardiotocography,487,IForest,0.04,0,anomalous,True,0.7418181818181818
7_Cardiotocography,486,IForest,0.04,1,anomalous,True,0.6704195804195804
7_Cardiotocography,485,IForest,0.04,2,anomalous,True,0.7422960372960374
7_Cardiotocography,486,IForest,0.04,3,anomalous,True,0.7038811188811189
7_Cardiotocography,487,IForest,0.04,4,anomalous,True,0.6835198135198136
7_Cardiotocography,486,IForest,0.04,0,anomalous,False,0.6656876456876457
7_Cardiotocography,488,IForest,0.04,1,anomalous,False,0.6977622377622378
7_Cardiotocography,484,IForest,0.04,2,anomalous,False,0.7542773892773892
7_Cardiotocography,487,IForest,0.04,3,anomalous,False,0.6938344988344988
7_Cardiotocography,487,IForest,0.04,4,anomalous,False,0.6958508158508159
7_Cardiotocography,495,IForest,0.04,0,clusters,True,0.6885081585081584
7_Cardiotocography,493,IForest,0.04,1,clusters,True,0.7277855477855477
7_Cardiotocography,496,IForest,0.04,2,clusters,True,0.7625990675990676
7_Cardiotocography,493,IForest,0.04,3,clusters,True,0.6880069930069931
7_Cardiotocography,493,IForest,0.04,4,clusters,True,0.6762937062937062
7_Cardiotocography,495,IForest,0.04,0,clusters,False,0.714965034965035
7_Cardiotocography,493,IForest,0.04,1,clusters,False,0.7424242424242425
7_Cardiotocography,496,IForest,0.04,2,clusters,False,0.7238111888111888
7_Cardiotocography,493,IForest,0.04,3,clusters,False,0.6802214452214452
7_Cardiotocography,493,IForest,0.04,4,clusters,False,0.6755944055944056
7_Cardiotocography,494,KNN,0.06,0,random,True,0.6514102564102564
7_Cardiotocography,495,KNN,0.06,1,random,True,0.6470862470862471
7_Cardiotocography,491,KNN,0.06,2,random,True,0.6918414918414919
7_Cardiotocography,492,KNN,0.06,3,random,True,0.6122843822843822
7_Cardiotocography,491,KNN,0.06,4,random,True,0.6078088578088577
7_Cardiotocography,494,KNN,0.06,0,random,False,0.6514102564102564
7_Cardiotocography,495,KNN,0.06,1,random,False,0.6470862470862471
7_Cardiotocography,492,KNN,0.06,2,random,False,0.6896270396270396
7_Cardiotocography,492,KNN,0.06,3,random,False,0.6122843822843822
7_Cardiotocography,493,KNN,0.06,4,random,False,0.6065734265734266
7_Cardiotocography,486,KNN,0.06,0,uncertainty,True,0.6496153846153846
7_Cardiotocography,489,KNN,0.06,1,uncertainty,True,0.6462937062937063
7_Cardiotocography,486,KNN,0.06,2,uncertainty,True,0.679965034965035
7_Cardiotocography,488,KNN,0.06,3,uncertainty,True,0.6012937062937063
7_Cardiotocography,487,KNN,0.06,4,uncertainty,True,0.6049417249417249
7_Cardiotocography,487,KNN,0.06,0,uncertainty,False,0.6495920745920746
7_Cardiotocography,490,KNN,0.06,1,uncertainty,False,0.6456410256410257
7_Cardiotocography,486,KNN,0.06,2,uncertainty,False,0.679965034965035
7_Cardiotocography,488,KNN,0.06,3,uncertainty,False,0.6012937062937063
7_Cardiotocography,487,KNN,0.06,4,uncertainty,False,0.6049417249417249
7_Cardiotocography,488,KNN,0.06,0,anomalous,True,0.6481934731934732
7_Cardiotocography,490,KNN,0.06,1,anomalous,True,0.6438461538461538
7_Cardiotocography,489,KNN,0.06,2,anomalous,True,0.678939393939394
7_Cardiotocography,490,KNN,0.06,3,anomalous,True,0.5988927738927738
7_Cardiotocography,491,KNN,0.06,4,anomalous,True,0.6028205128205129
7_Cardiotocography,488,KNN,0.06,0,anomalous,False,0.6481934731934732
7_Cardiotocography,490,KNN,0.06,1,anomalous,False,0.6438461538461538
7_Cardiotocography,489,KNN,0.06,2,anomalous,False,0.678939393939394
7_Cardiotocography,490,KNN,0.06,3,anomalous,False,0.5988927738927738
7_Cardiotocography,491,KNN,0.06,4,anomalous,False,0.6028205128205129
7_Cardiotocography,493,KNN,0.06,0,clusters,True,0.6514801864801865
7_Cardiotocography,490,KNN,0.06,1,clusters,True,0.6482284382284383
7_Cardiotocography,492,KNN,0.06,2,clusters,True,0.7000815850815851
7_Cardiotocography,489,KNN,0.06,3,clusters,True,0.611981351981352
7_Cardiotocography,492,KNN,0.06,4,clusters,True,0.6036596736596737
7_Cardiotocography,493,KNN,0.06,0,clusters,False,0.6514801864801865
7_Cardiotocography,491,KNN,0.06,1,clusters,False,0.6482284382284382
7_Cardiotocography,492,KNN,0.06,2,clusters,False,0.7000815850815851
7_Cardiotocography,489,KNN,0.06,3,clusters,False,0.611981351981352
7_Cardiotocography,492,KNN,0.06,4,clusters,False,0.6036596736596737
7_Cardiotocography,494,IForest,0.06,0,random,True,0.6987179487179487
7_Cardiotocography,495,IForest,0.06,1,random,True,0.697948717948718
7_Cardiotocography,491,IForest,0.06,2,random,True,0.7426223776223776
7_Cardiotocography,492,IForest,0.06,3,random,True,0.7082867132867132
7_Cardiotocography,491,IForest,0.06,4,random,True,0.6844289044289045
7_Cardiotocography,494,IForest,0.06,0,random,False,0.7422610722610723
7_Cardiotocography,495,IForest,0.06,1,random,False,0.6203030303030304
7_Cardiotocography,492,IForest,0.06,2,random,False,0.7730652680652681
7_Cardiotocography,492,IForest,0.06,3,random,False,0.689032634032634
7_Cardiotocography,493,IForest,0.06,4,random,False,0.7187878787878788
7_Cardiotocography,490,IForest,0.06,0,uncertainty,True,0.7496037296037296
7_Cardiotocography,492,IForest,0.06,1,uncertainty,True,0.7037762237762237
7_Cardiotocography,488,IForest,0.06,2,uncertainty,True,0.7789160839160839
7_Cardiotocography,492,IForest,0.06,3,uncertainty,True,0.7222261072261073
7_Cardiotocography,487,IForest,0.06,4,uncertainty,True,0.6762237762237762
7_Cardiotocography,485,IForest,0.06,0,uncertainty,False,0.7046153846153848
7_Cardiotocography,489,IForest,0.06,1,uncertainty,False,0.7557575757575759
7_Cardiotocography,490,IForest,0.06,2,uncertainty,False,0.7793356643356643
7_Cardiotocography,494,IForest,0.06,3,uncertainty,False,0.7060955710955711
7_Cardiotocography,496,IForest,0.06,4,uncertainty,False,0.6907226107226108
7_Cardiotocography,484,IForest,0.06,0,anomalous,True,0.7308391608391608
7_Cardiotocography,478,IForest,0.06,1,anomalous,True,0.6542890442890442
7_Cardiotocography,478,IForest,0.06,2,anomalous,True,0.7150466200466201
7_Cardiotocography,480,IForest,0.06,3,anomalous,True,0.6521794871794873
7_Cardiotocography,482,IForest,0.06,4,anomalous,True,0.6535897435897435
7_Cardiotocography,481,IForest,0.06,0,anomalous,False,0.7291608391608392
7_Cardiotocography,483,IForest,0.06,1,anomalous,False,0.70988344988345
7_Cardiotocography,478,IForest,0.06,2,anomalous,False,0.7434382284382284
7_Cardiotocography,480,IForest,0.06,3,anomalous,False,0.6844405594405595
7_Cardiotocography,484,IForest,0.06,4,anomalous,False,0.6513053613053612
7_Cardiotocography,493,IForest,0.06,0,clusters,True,0.6855244755244756
7_Cardiotocography,490,IForest,0.06,1,clusters,True,0.6880652680652681
7_Cardiotocography,492,IForest,0.06,2,clusters,True,0.7636480186480187
7_Cardiotocography,489,IForest,0.06,3,clusters,True,0.6419930069930069
7_Cardiotocography,492,IForest,0.06,4,clusters,True,0.7112587412587413
7_Cardiotocography,493,IForest,0.06,0,clusters,False,0.6855944055944055
7_Cardiotocography,491,IForest,0.06,1,clusters,False,0.7123076923076923
7_Cardiotocography,492,IForest,0.06,2,clusters,False,0.7776806526806528
7_Cardiotocography,489,IForest,0.06,3,clusters,False,0.6942773892773892
7_Cardiotocography,492,IForest,0.06,4,clusters,False,0.6886013986013986
7_Cardiotocography,492,KNN,0.08,0,random,True,0.6514102564102564
7_Cardiotocography,494,KNN,0.08,1,random,True,0.647039627039627
7_Cardiotocography,490,KNN,0.08,2,random,True,0.6918414918414919
7_Cardiotocography,489,KNN,0.08,3,random,True,0.6155944055944056
7_Cardiotocography,490,KNN,0.08,4,random,True,0.6079720279720279
7_Cardiotocography,492,KNN,0.08,0,random,False,0.6514102564102564
7_Cardiotocography,494,KNN,0.08,1,random,False,0.647039627039627
7_Cardiotocography,491,KNN,0.08,2,random,False,0.6896270396270396
7_Cardiotocography,489,KNN,0.08,3,random,False,0.6155944055944056
7_Cardiotocography,492,KNN,0.08,4,random,False,0.6067365967365967
7_Cardiotocography,482,KNN,0.08,0,uncertainty,True,0.649988344988345
7_Cardiotocography,487,KNN,0.08,1,uncertainty,True,0.6465501165501166
7_Cardiotocography,485,KNN,0.08,2,uncertainty,True,0.6803613053613053
7_Cardiotocography,485,KNN,0.08,3,uncertainty,True,0.6043240093240093
7_Cardiotocography,481,KNN,0.08,4,uncertainty,True,0.606013986013986
7_Cardiotocography,483,KNN,0.08,0,uncertainty,False,0.649965034965035
7_Cardiotocography,487,KNN,0.08,1,uncertainty,False,0.6465501165501166
7_Cardiotocography,485,KNN,0.08,2,uncertainty,False,0.6803613053613053
7_Cardiotocography,485,KNN,0.08,3,uncertainty,False,0.6043240093240093
7_Cardiotocography,481,KNN,0.08,4,uncertainty,False,0.606013986013986
7_Cardiotocography,484,KNN,0.08,0,anomalous,True,0.6487529137529138
7_Cardiotocography,487,KNN,0.08,1,anomalous,True,0.6441025641025642
7_Cardiotocography,484,KNN,0.08,2,anomalous,True,0.6794988344988345
7_Cardiotocography,485,KNN,0.08,3,anomalous,True,0.5998717948717949
7_Cardiotocography,489,KNN,0.08,4,anomalous,True,0.6034265734265735
7_Cardiotocography,484,KNN,0.08,0,anomalous,False,0.6487529137529138
7_Cardiotocography,487,KNN,0.08,1,anomalous,False,0.6441025641025642
7_Cardiotocography,484,KNN,0.08,2,anomalous,False,0.6794988344988345
7_Cardiotocography,485,KNN,0.08,3,anomalous,False,0.5998717948717949
7_Cardiotocography,489,KNN,0.08,4,anomalous,False,0.6034265734265735
7_Cardiotocography,488,KNN,0.08,0,clusters,True,0.6520163170163169
7_Cardiotocography,486,KNN,0.08,1,clusters,True,0.6472027972027973
7_Cardiotocography,488,KNN,0.08,2,clusters,True,0.6998717948717949
7_Cardiotocography,486,KNN,0.08,3,clusters,True,0.6132400932400933
7_Cardiotocography,492,KNN,0.08,4,clusters,True,0.6034731934731935
7_Cardiotocography,488,KNN,0.08,0,clusters,False,0.6520163170163169
7_Cardiotocography,487,KNN,0.08,1,clusters,False,0.6471794871794871
7_Cardiotocography,488,KNN,0.08,2,clusters,False,0.6998717948717949
7_Cardiotocography,486,KNN,0.08,3,clusters,False,0.6132400932400933
7_Cardiotocography,492,KNN,0.08,4,clusters,False,0.6034731934731935
7_Cardiotocography,492,IForest,0.08,0,random,True,0.7264102564102565
7_Cardiotocography,494,IForest,0.08,1,random,True,0.6916550116550116
7_Cardiotocography,490,IForest,0.08,2,random,True,0.7354428904428905
7_Cardiotocography,489,IForest,0.08,3,random,True,0.6887529137529138
7_Cardiotocography,490,IForest,0.08,4,random,True,0.7047552447552448
7_Cardiotocography,492,IForest,0.08,0,random,False,0.7415617715617716
7_Cardiotocography,494,IForest,0.08,1,random,False,0.7194172494172495
7_Cardiotocography,491,IForest,0.08,2,random,False,0.7495221445221446
7_Cardiotocography,489,IForest,0.08,3,random,False,0.7118065268065268
7_Cardiotocography,492,IForest,0.08,4,random,False,0.7006526806526807
7_Cardiotocography,484,IForest,0.08,0,uncertainty,True,0.7649417249417251
7_Cardiotocography,484,IForest,0.08,1,uncertainty,True,0.7245687645687646
7_Cardiotocography,488,IForest,0.08,2,uncertainty,True,0.7405710955710956
7_Cardiotocography,488,IForest,0.08,3,uncertainty,True,0.7172610722610722
7_Cardiotocography,483,IForest,0.08,4,uncertainty,True,0.7019114219114219
7_Cardiotocography,486,IForest,0.08,0,uncertainty,False,0.7043589743589743
7_Cardiotocography,484,IForest,0.08,1,uncertainty,False,0.706060606060606
7_Cardiotocography,487,IForest,0.08,2,uncertainty,False,0.7677272727272727
7_Cardiotocography,486,IForest,0.08,3,uncertainty,False,0.7031818181818181
7_Cardiotocography,489,IForest,0.08,4,uncertainty,False,0.6331934731934731
7_Cardiotocography,481,IForest,0.08,0,anomalous,True,0.7185314685314685
7_Cardiotocography,480,IForest,0.08,1,anomalous,True,0.6876923076923077
7_Cardiotocography,475,IForest,0.08,2,anomalous,True,0.7142773892773892
7_Cardiotocography,476,IForest,0.08,3,anomalous,True,0.6604312354312354
7_Cardiotocography,479,IForest,0.08,4,anomalous,True,0.6883916083916084
7_Cardiotocography,480,IForest,0.08,0,anomalous,False,0.6834965034965036
7_Cardiotocography,477,IForest,0.08,1,anomalous,False,0.7038228438228438
7_Cardiotocography,476,IForest,0.08,2,anomalous,False,0.7886596736596736
7_Cardiotocography,477,IForest,0.08,3,anomalous,False,0.6853496503496502
7_Cardiotocography,480,IForest,0.08,4,anomalous,False,0.6796736596736597
7_Cardiotocography,488,IForest,0.08,0,clusters,True,0.7322610722610723
7_Cardiotocography,486,IForest,0.08,1,clusters,True,0.7291841491841492
7_Cardiotocography,488,IForest,0.08,2,clusters,True,0.7386363636363636
7_Cardiotocography,486,IForest,0.08,3,clusters,True,0.6714568764568765
7_Cardiotocography,492,IForest,0.08,4,clusters,True,0.6785780885780887
7_Cardiotocography,488,IForest,0.08,0,clusters,False,0.7952214452214452
7_Cardiotocography,487,IForest,0.08,1,clusters,False,0.7198368298368298
7_Cardiotocography,488,IForest,0.08,2,clusters,False,0.7582167832167832
7_Cardiotocography,486,IForest,0.08,3,clusters,False,0.7174708624708626
7_Cardiotocography,492,IForest,0.08,4,clusters,False,0.6838927738927738
7_Cardiotocography,490,KNN,0.1,0,random,True,0.6514335664335664
7_Cardiotocography,494,KNN,0.1,1,random,True,0.647039627039627
7_Cardiotocography,486,KNN,0.1,2,random,True,0.7056643356643357
7_Cardiotocography,486,KNN,0.1,3,random,True,0.617016317016317
7_Cardiotocography,487,KNN,0.1,4,random,True,0.6074358974358974
7_Cardiotocography,490,KNN,0.1,0,random,False,0.6514335664335664
7_Cardiotocography,494,KNN,0.1,1,random,False,0.647039627039627
7_Cardiotocography,487,KNN,0.1,2,random,False,0.7033799533799534
7_Cardiotocography,486,KNN,0.1,3,random,False,0.617016317016317
7_Cardiotocography,489,KNN,0.1,4,random,False,0.6062004662004662
7_Cardiotocography,477,KNN,0.1,0,uncertainty,True,0.6503846153846153
7_Cardiotocography,485,KNN,0.1,1,uncertainty,True,0.6471328671328671
7_Cardiotocography,484,KNN,0.1,2,uncertainty,True,0.6804079254079254
7_Cardiotocography,484,KNN,0.1,3,uncertainty,True,0.6043706293706294
7_Cardiotocography,480,KNN,0.1,4,uncertainty,True,0.6062004662004662
7_Cardiotocography,478,KNN,0.1,0,uncertainty,False,0.6503613053613053
7_Cardiotocography,485,KNN,0.1,1,uncertainty,False,0.6471328671328671
7_Cardiotocography,484,KNN,0.1,2,uncertainty,False,0.6804079254079254
7_Cardiotocography,484,KNN,0.1,3,uncertainty,False,0.6043706293706294
7_Cardiotocography,480,KNN,0.1,4,uncertainty,False,0.6062004662004662
7_Cardiotocography,481,KNN,0.1,0,anomalous,True,0.6487529137529138
7_Cardiotocography,485,KNN,0.1,1,anomalous,True,0.6444289044289044
7_Cardiotocography,477,KNN,0.1,2,anomalous,True,0.679988344988345
7_Cardiotocography,481,KNN,0.1,3,anomalous,True,0.6015268065268065
7_Cardiotocography,483,KNN,0.1,4,anomalous,True,0.6047086247086247
7_Cardiotocography,481,KNN,0.1,0,anomalous,False,0.6487529137529138
7_Cardiotocography,485,KNN,0.1,1,anomalous,False,0.6444289044289044
7_Cardiotocography,477,KNN,0.1,2,anomalous,False,0.679988344988345
7_Cardiotocography,481,KNN,0.1,3,anomalous,False,0.6015268065268065
7_Cardiotocography,483,KNN,0.1,4,anomalous,False,0.6047086247086247
7_Cardiotocography,486,KNN,0.1,0,clusters,True,0.6553030303030303
7_Cardiotocography,482,KNN,0.1,1,clusters,True,0.6478554778554779
7_Cardiotocography,483,KNN,0.1,2,clusters,True,0.7015034965034965
7_Cardiotocography,481,KNN,0.1,3,clusters,True,0.6254312354312355
7_Cardiotocography,488,KNN,0.1,4,clusters,True,0.6101165501165502
7_Cardiotocography,486,KNN,0.1,0,clusters,False,0.6553030303030303
7_Cardiotocography,484,KNN,0.1,1,clusters,False,0.6471561771561772
7_Cardiotocography,483,KNN,0.1,2,clusters,False,0.7015034965034965
7_Cardiotocography,483,KNN,0.1,3,clusters,False,0.6242657342657343
7_Cardiotocography,489,KNN,0.1,4,clusters,False,0.6090909090909091
7_Cardiotocography,490,IForest,0.1,0,random,True,0.6782051282051282
7_Cardiotocography,494,IForest,0.1,1,random,True,0.7072027972027972
7_Cardiotocography,486,IForest,0.1,2,random,True,0.7977272727272727
7_Cardiotocography,486,IForest,0.1,3,random,True,0.7056293706293706
7_Cardiotocography,487,IForest,0.1,4,random,True,0.7272027972027972
7_Cardiotocography,490,IForest,0.1,0,random,False,0.6688344988344987
7_Cardiotocography,494,IForest,0.1,1,random,False,0.7204428904428904
7_Cardiotocography,487,IForest,0.1,2,random,False,0.7103146853146853
7_Cardiotocography,486,IForest,0.1,3,random,False,0.7043939393939394
7_Cardiotocography,489,IForest,0.1,4,random,False,0.6212121212121212
7_Cardiotocography,480,IForest,0.1,0,uncertainty,True,0.7574358974358975
7_Cardiotocography,483,IForest,0.1,1,uncertainty,True,0.691958041958042
7_Cardiotocography,480,IForest,0.1,2,uncertainty,True,0.7815734265734267
7_Cardiotocography,478,IForest,0.1,3,uncertainty,True,0.702878787878788
7_Cardiotocography,485,IForest,0.1,4,uncertainty,True,0.6627039627039627
7_Cardiotocography,478,IForest,0.1,0,uncertainty,False,0.7744055944055945
7_Cardiotocography,483,IForest,0.1,1,uncertainty,False,0.7198135198135198
7_Cardiotocography,481,IForest,0.1,2,uncertainty,False,0.8055361305361306
7_Cardiotocography,483,IForest,0.1,3,uncertainty,False,0.702062937062937
7_Cardiotocography,485,IForest,0.1,4,uncertainty,False,0.6624941724941725
7_Cardiotocography,475,IForest,0.1,0,anomalous,True,0.7364335664335664
7_Cardiotocography,476,IForest,0.1,1,anomalous,True,0.7065268065268066
7_Cardiotocography,474,IForest,0.1,2,anomalous,True,0.742062937062937
7_Cardiotocography,473,IForest,0.1,3,anomalous,True,0.6908275058275059
7_Cardiotocography,478,IForest,0.1,4,anomalous,True,0.6755710955710955
7_Cardiotocography,472,IForest,0.1,0,anomalous,False,0.7062237762237762
7_Cardiotocography,474,IForest,0.1,1,anomalous,False,0.6798135198135198
7_Cardiotocography,470,IForest,0.1,2,anomalous,False,0.7675874125874126
7_Cardiotocography,476,IForest,0.1,3,anomalous,False,0.6441841491841491
7_Cardiotocography,477,IForest,0.1,4,anomalous,False,0.6988344988344988
7_Cardiotocography,486,IForest,0.1,0,clusters,True,0.6586013986013985
7_Cardiotocography,482,IForest,0.1,1,clusters,True,0.7336130536130535
7_Cardiotocography,483,IForest,0.1,2,clusters,True,0.7891491841491842
7_Cardiotocography,481,IForest,0.1,3,clusters,True,0.6741142191142191
7_Cardiotocography,488,IForest,0.1,4,clusters,True,0.6695571095571096
7_Cardiotocography,486,IForest,0.1,0,clusters,False,0.7047785547785549
7_Cardiotocography,484,IForest,0.1,1,clusters,False,0.7291841491841493
7_Cardiotocography,483,IForest,0.1,2,clusters,False,0.7563286713286714
7_Cardiotocography,483,IForest,0.1,3,clusters,False,0.7137412587412586
7_Cardiotocography,489,IForest,0.1,4,clusters,False,0.6898135198135199
7_Cardiotocography,486,KNN,0.15,0,random,True,0.6561888111888112
7_Cardiotocography,490,KNN,0.15,1,random,True,0.6505827505827506
7_Cardiotocography,484,KNN,0.15,2,random,True,0.7072727272727273
7_Cardiotocography,484,KNN,0.15,3,random,True,0.6168065268065268
7_Cardiotocography,482,KNN,0.15,4,random,True,0.6115384615384615
7_Cardiotocography,486,KNN,0.15,0,random,False,0.6561888111888112
7_Cardiotocography,491,KNN,0.15,1,random,False,0.6498601398601398
7_Cardiotocography,485,KNN,0.15,2,random,False,0.704988344988345
7_Cardiotocography,484,KNN,0.15,3,random,False,0.6168065268065268
7_Cardiotocography,484,KNN,0.15,4,random,False,0.6103030303030303
7_Cardiotocography,470,KNN,0.15,0,uncertainty,True,0.6522027972027973
7_Cardiotocography,475,KNN,0.15,1,uncertainty,True,0.6494871794871795
7_Cardiotocography,475,KNN,0.15,2,uncertainty,True,0.6823659673659673
7_Cardiotocography,474,KNN,0.15,3,uncertainty,True,0.6104545454545454
7_Cardiotocography,473,KNN,0.15,4,uncertainty,True,0.6091608391608392
7_Cardiotocography,470,KNN,0.15,0,uncertainty,False,0.6522027972027973
7_Cardiotocography,475,KNN,0.15,1,uncertainty,False,0.6494871794871795
7_Cardiotocography,475,KNN,0.15,2,uncertainty,False,0.6823659673659673
7_Cardiotocography,476,KNN,0.15,3,uncertainty,False,0.609055944055944
7_Cardiotocography,474,KNN,0.15,4,uncertainty,False,0.609044289044289
7_Cardiotocography,466,KNN,0.15,0,anomalous,True,0.6505944055944055
7_Cardiotocography,474,KNN,0.15,1,anomalous,True,0.6476223776223777
7_Cardiotocography,473,KNN,0.15,2,anomalous,True,0.6804312354312354
7_Cardiotocography,474,KNN,0.15,3,anomalous,True,0.60504662004662
7_Cardiotocography,474,KNN,0.15,4,anomalous,True,0.6065268065268065
7_Cardiotocography,467,KNN,0.15,0,anomalous,False,0.6505011655011655
7_Cardiotocography,474,KNN,0.15,1,anomalous,False,0.6476223776223777
7_Cardiotocography,473,KNN,0.15,2,anomalous,False,0.6804312354312354
7_Cardiotocography,474,KNN,0.15,3,anomalous,False,0.60504662004662
7_Cardiotocography,474,KNN,0.15,4,anomalous,False,0.6065268065268065
7_Cardiotocography,478,KNN,0.15,0,clusters,True,0.6587529137529138
7_Cardiotocography,482,KNN,0.15,1,clusters,True,0.6470163170163171
7_Cardiotocography,478,KNN,0.15,2,clusters,True,0.7069347319347319
7_Cardiotocography,476,KNN,0.15,3,clusters,True,0.6254079254079254
7_Cardiotocography,481,KNN,0.15,4,clusters,True,0.6172727272727273
7_Cardiotocography,479,KNN,0.15,0,clusters,False,0.6586363636363637
7_Cardiotocography,483,KNN,0.15,1,clusters,False,0.6463636363636365
7_Cardiotocography,479,KNN,0.15,2,clusters,False,0.7036713286713288
7_Cardiotocography,478,KNN,0.15,3,clusters,False,0.6242424242424243
7_Cardiotocography,484,KNN,0.15,4,clusters,False,0.6132634032634032
7_Cardiotocography,486,IForest,0.15,0,random,True,0.7057109557109557
7_Cardiotocography,490,IForest,0.15,1,random,True,0.7257109557109557
7_Cardiotocography,484,IForest,0.15,2,random,True,0.7492191142191142
7_Cardiotocography,484,IForest,0.15,3,random,True,0.7614335664335663
7_Cardiotocography,482,IForest,0.15,4,random,True,0.7274358974358974
7_Cardiotocography,486,IForest,0.15,0,random,False,0.705990675990676
7_Cardiotocography,491,IForest,0.15,1,random,False,0.7031235431235432
7_Cardiotocography,485,IForest,0.15,2,random,False,0.7843706293706294
7_Cardiotocography,484,IForest,0.15,3,random,False,0.7135314685314685
7_Cardiotocography,484,IForest,0.15,4,random,False,0.7136596736596738
7_Cardiotocography,476,IForest,0.15,0,uncertainty,True,0.6924708624708625
7_Cardiotocography,475,IForest,0.15,1,uncertainty,True,0.6877622377622379
7_Cardiotocography,470,IForest,0.15,2,uncertainty,True,0.7689860139860141
7_Cardiotocography,473,IForest,0.15,3,uncertainty,True,0.7421561771561771
7_Cardiotocography,471,IForest,0.15,4,uncertainty,True,0.8008391608391608
7_Cardiotocography,473,IForest,0.15,0,uncertainty,False,0.7244522144522145
7_Cardiotocography,477,IForest,0.15,1,uncertainty,False,0.6907226107226108
7_Cardiotocography,466,IForest,0.15,2,uncertainty,False,0.8272144522144522
7_Cardiotocography,473,IForest,0.15,3,uncertainty,False,0.6633449883449883
7_Cardiotocography,479,IForest,0.15,4,uncertainty,False,0.7012820512820513
7_Cardiotocography,465,IForest,0.15,0,anomalous,True,0.7047785547785548
7_Cardiotocography,463,IForest,0.15,1,anomalous,True,0.6561538461538461
7_Cardiotocography,464,IForest,0.15,2,anomalous,True,0.7727389277389277
7_Cardiotocography,469,IForest,0.15,3,anomalous,True,0.678006993006993
7_Cardiotocography,466,IForest,0.15,4,anomalous,True,0.6886247086247086
7_Cardiotocography,464,IForest,0.15,0,anomalous,False,0.6999766899766899
7_Cardiotocography,463,IForest,0.15,1,anomalous,False,0.7306293706293707
7_Cardiotocography,464,IForest,0.15,2,anomalous,False,0.7433916083916086
7_Cardiotocography,461,IForest,0.15,3,anomalous,False,0.6857459207459207
7_Cardiotocography,468,IForest,0.15,4,anomalous,False,0.653100233100233
7_Cardiotocography,478,IForest,0.15,0,clusters,True,0.7895104895104894
7_Cardiotocography,482,IForest,0.15,1,clusters,True,0.7341025641025641
7_Cardiotocography,478,IForest,0.15,2,clusters,True,0.7528554778554779
7_Cardiotocography,476,IForest,0.15,3,clusters,True,0.7217832167832168
7_Cardiotocography,481,IForest,0.15,4,clusters,True,0.654055944055944
7_Cardiotocography,479,IForest,0.15,0,clusters,False,0.7038694638694639
7_Cardiotocography,483,IForest,0.15,1,clusters,False,0.6937762237762237
7_Cardiotocography,479,IForest,0.15,2,clusters,False,0.7546037296037296
7_Cardiotocography,478,IForest,0.15,3,clusters,False,0.6973543123543124
7_Cardiotocography,484,IForest,0.15,4,clusters,False,0.6739160839160839
7_Cardiotocography,483,KNN,0.2,0,random,True,0.658962703962704
7_Cardiotocography,484,KNN,0.2,1,random,True,0.6656177156177157
7_Cardiotocography,477,KNN,0.2,2,random,True,0.7098251748251748
7_Cardiotocography,479,KNN,0.2,3,random,True,0.6214452214452214
7_Cardiotocography,477,KNN,0.2,4,random,True,0.6228205128205128
7_Cardiotocography,484,KNN,0.2,0,random,False,0.6587995337995338
7_Cardiotocography,485,KNN,0.2,1,random,False,0.6642424242424242
7_Cardiotocography,478,KNN,0.2,2,random,False,0.7073310023310022
7_Cardiotocography,479,KNN,0.2,3,random,False,0.6214452214452214
7_Cardiotocography,479,KNN,0.2,4,random,False,0.622004662004662
7_Cardiotocography,464,KNN,0.2,0,uncertainty,True,0.655955710955711
7_Cardiotocography,467,KNN,0.2,1,uncertainty,True,0.651118881118881
7_Cardiotocography,469,KNN,0.2,2,uncertainty,True,0.683997668997669
7_Cardiotocography,468,KNN,0.2,3,uncertainty,True,0.6147668997668998
7_Cardiotocography,470,KNN,0.2,4,uncertainty,True,0.6094638694638694
7_Cardiotocography,464,KNN,0.2,0,uncertainty,False,0.655955710955711
7_Cardiotocography,467,KNN,0.2,1,uncertainty,False,0.651118881118881
7_Cardiotocography,469,KNN,0.2,2,uncertainty,False,0.683997668997669
7_Cardiotocography,470,KNN,0.2,3,uncertainty,False,0.6132051282051283
7_Cardiotocography,470,KNN,0.2,4,uncertainty,False,0.6094638694638694
7_Cardiotocography,460,KNN,0.2,0,anomalous,True,0.6528321678321678
7_Cardiotocography,463,KNN,0.2,1,anomalous,True,0.651118881118881
7_Cardiotocography,464,KNN,0.2,2,anomalous,True,0.6840442890442889
7_Cardiotocography,463,KNN,0.2,3,anomalous,True,0.6107575757575757
7_Cardiotocography,467,KNN,0.2,4,anomalous,True,0.6094871794871795
7_Cardiotocography,460,KNN,0.2,0,anomalous,False,0.6528321678321678
7_Cardiotocography,463,KNN,0.2,1,anomalous,False,0.651118881118881
7_Cardiotocography,464,KNN,0.2,2,anomalous,False,0.6840442890442889
7_Cardiotocography,464,KNN,0.2,3,anomalous,False,0.6103146853146854
7_Cardiotocography,467,KNN,0.2,4,anomalous,False,0.6094871794871795
7_Cardiotocography,469,KNN,0.2,0,clusters,True,0.6709090909090909
7_Cardiotocography,475,KNN,0.2,1,clusters,True,0.6566550116550116
7_Cardiotocography,473,KNN,0.2,2,clusters,True,0.7172261072261072
7_Cardiotocography,470,KNN,0.2,3,clusters,True,0.6288578088578088
7_Cardiotocography,474,KNN,0.2,4,clusters,True,0.629044289044289
7_Cardiotocography,471,KNN,0.2,0,clusters,False,0.6645221445221445
7_Cardiotocography,476,KNN,0.2,1,clusters,False,0.6556526806526807
7_Cardiotocography,475,KNN,0.2,2,clusters,False,0.7086247086247086
7_Cardiotocography,472,KNN,0.2,3,clusters,False,0.6275524475524475
7_Cardiotocography,478,KNN,0.2,4,clusters,False,0.6238228438228437
7_Cardiotocography,483,IForest,0.2,0,random,True,0.662051282051282
7_Cardiotocography,484,IForest,0.2,1,random,True,0.7431934731934733
7_Cardiotocography,477,IForest,0.2,2,random,True,0.8008974358974359
7_Cardiotocography,479,IForest,0.2,3,random,True,0.6646503496503496
7_Cardiotocography,477,IForest,0.2,4,random,True,0.7126806526806526
7_Cardiotocography,484,IForest,0.2,0,random,False,0.6981118881118882
7_Cardiotocography,485,IForest,0.2,1,random,False,0.7085081585081585
7_Cardiotocography,478,IForest,0.2,2,random,False,0.7946270396270396
7_Cardiotocography,479,IForest,0.2,3,random,False,0.7106876456876458
7_Cardiotocography,479,IForest,0.2,4,random,False,0.7232867132867132
7_Cardiotocography,461,IForest,0.2,0,uncertainty,True,0.7427039627039627
7_Cardiotocography,470,IForest,0.2,1,uncertainty,True,0.6897202797202797
7_Cardiotocography,461,IForest,0.2,2,uncertainty,True,0.810104895104895
7_Cardiotocography,467,IForest,0.2,3,uncertainty,True,0.7571445221445221
7_Cardiotocography,470,IForest,0.2,4,uncertainty,True,0.6877855477855478
7_Cardiotocography,464,IForest,0.2,0,uncertainty,False,0.7314685314685314
7_Cardiotocography,472,IForest,0.2,1,uncertainty,False,0.7022144522144522
7_Cardiotocography,464,IForest,0.2,2,uncertainty,False,0.7934615384615384
7_Cardiotocography,467,IForest,0.2,3,uncertainty,False,0.6978205128205128
7_Cardiotocography,473,IForest,0.2,4,uncertainty,False,0.7288578088578088
7_Cardiotocography,460,IForest,0.2,0,anomalous,True,0.7538927738927739
7_Cardiotocography,456,IForest,0.2,1,anomalous,True,0.6784848484848485
7_Cardiotocography,453,IForest,0.2,2,anomalous,True,0.7457459207459207
7_Cardiotocography,456,IForest,0.2,3,anomalous,True,0.7432051282051282
7_Cardiotocography,463,IForest,0.2,4,anomalous,True,0.6989044289044288
7_Cardiotocography,458,IForest,0.2,0,anomalous,False,0.7839160839160839
7_Cardiotocography,461,IForest,0.2,1,anomalous,False,0.6770163170163169
7_Cardiotocography,457,IForest,0.2,2,anomalous,False,0.7321328671328672
7_Cardiotocography,457,IForest,0.2,3,anomalous,False,0.679895104895105
7_Cardiotocography,461,IForest,0.2,4,anomalous,False,0.6727272727272727
7_Cardiotocography,469,IForest,0.2,0,clusters,True,0.6825174825174825
7_Cardiotocography,475,IForest,0.2,1,clusters,True,0.7121445221445221
7_Cardiotocography,473,IForest,0.2,2,clusters,True,0.7811538461538462
7_Cardiotocography,470,IForest,0.2,3,clusters,True,0.719941724941725
7_Cardiotocography,474,IForest,0.2,4,clusters,True,0.7163636363636363
7_Cardiotocography,471,IForest,0.2,0,clusters,False,0.7272494172494172
7_Cardiotocography,476,IForest,0.2,1,clusters,False,0.7436363636363637
7_Cardiotocography,475,IForest,0.2,2,clusters,False,0.7676340326340325
7_Cardiotocography,472,IForest,0.2,3,clusters,False,0.6746037296037296
7_Cardiotocography,478,IForest,0.2,4,clusters,False,0.6848484848484848
7_Cardiotocography,473,KNN,0.3,0,random,True,0.6784615384615384
7_Cardiotocography,469,KNN,0.3,1,random,True,0.6726806526806528
7_Cardiotocography,467,KNN,0.3,2,random,True,0.7167832167832168
7_Cardiotocography,464,KNN,0.3,3,random,True,0.631981351981352
7_Cardiotocography,460,KNN,0.3,4,random,True,0.6471678321678321
7_Cardiotocography,474,KNN,0.3,0,random,False,0.6783682983682984
7_Cardiotocography,473,KNN,0.3,1,random,False,0.6690909090909091
7_Cardiotocography,468,KNN,0.3,2,random,False,0.7138694638694638
7_Cardiotocography,465,KNN,0.3,3,random,False,0.6304428904428904
7_Cardiotocography,466,KNN,0.3,4,random,False,0.6415268065268065
7_Cardiotocography,454,KNN,0.3,0,uncertainty,True,0.6758275058275058
7_Cardiotocography,454,KNN,0.3,1,uncertainty,True,0.6655477855477856
7_Cardiotocography,460,KNN,0.3,2,uncertainty,True,0.7042074592074592
7_Cardiotocography,459,KNN,0.3,3,uncertainty,True,0.634067599067599
7_Cardiotocography,455,KNN,0.3,4,uncertainty,True,0.6384382284382284
7_Cardiotocography,455,KNN,0.3,0,uncertainty,False,0.6682983682983683
7_Cardiotocography,454,KNN,0.3,1,uncertainty,False,0.6655477855477856
7_Cardiotocography,462,KNN,0.3,2,uncertainty,False,0.6959324009324009
7_Cardiotocography,461,KNN,0.3,3,uncertainty,False,0.6324825174825174
7_Cardiotocography,457,KNN,0.3,4,uncertainty,False,0.6350349650349651
7_Cardiotocography,450,KNN,0.3,0,anomalous,True,0.6606876456876456
7_Cardiotocography,446,KNN,0.3,1,anomalous,True,0.6606993006993007
7_Cardiotocography,452,KNN,0.3,2,anomalous,True,0.6877505827505828
7_Cardiotocography,452,KNN,0.3,3,anomalous,True,0.6198717948717949
7_Cardiotocography,455,KNN,0.3,4,anomalous,True,0.6156876456876458
7_Cardiotocography,450,KNN,0.3,0,anomalous,False,0.6606876456876456
7_Cardiotocography,447,KNN,0.3,1,anomalous,False,0.6592307692307693
7_Cardiotocography,452,KNN,0.3,2,anomalous,False,0.6877505827505828
7_Cardiotocography,452,KNN,0.3,3,anomalous,False,0.6198717948717949
7_Cardiotocography,455,KNN,0.3,4,anomalous,False,0.6156876456876458
7_Cardiotocography,461,KNN,0.3,0,clusters,True,0.6791375291375292
7_Cardiotocography,458,KNN,0.3,1,clusters,True,0.6703030303030303
7_Cardiotocography,458,KNN,0.3,2,clusters,True,0.7203030303030303
7_Cardiotocography,457,KNN,0.3,3,clusters,True,0.6361538461538461
7_Cardiotocography,462,KNN,0.3,4,clusters,True,0.6468298368298369
7_Cardiotocography,463,KNN,0.3,0,clusters,False,0.6728205128205127
7_Cardiotocography,462,KNN,0.3,1,clusters,False,0.6668065268065269
7_Cardiotocography,460,KNN,0.3,2,clusters,False,0.7129603729603731
7_Cardiotocography,459,KNN,0.3,3,clusters,False,0.6349883449883449
7_Cardiotocography,468,KNN,0.3,4,clusters,False,0.6417948717948717
7_Cardiotocography,473,IForest,0.3,0,random,True,0.735920745920746
7_Cardiotocography,469,IForest,0.3,1,random,True,0.742843822843823
7_Cardiotocography,467,IForest,0.3,2,random,True,0.7768881118881118
7_Cardiotocography,464,IForest,0.3,3,random,True,0.6744405594405595
7_Cardiotocography,460,IForest,0.3,4,random,True,0.7352913752913752
7_Cardiotocography,474,IForest,0.3,0,random,False,0.6844055944055942
7_Cardiotocography,473,IForest,0.3,1,random,False,0.7217482517482517
7_Cardiotocography,468,IForest,0.3,2,random,False,0.8061888111888112
7_Cardiotocography,465,IForest,0.3,3,random,False,0.7281468531468531
7_Cardiotocography,466,IForest,0.3,4,random,False,0.7318414918414918
7_Cardiotocography,453,IForest,0.3,0,uncertainty,True,0.8297435897435897
7_Cardiotocography,452,IForest,0.3,1,uncertainty,True,0.731981351981352
7_Cardiotocography,450,IForest,0.3,2,uncertainty,True,0.8199417249417249
7_Cardiotocography,454,IForest,0.3,3,uncertainty,True,0.7294755244755244
7_Cardiotocography,453,IForest,0.3,4,uncertainty,True,0.6803263403263404
7_Cardiotocography,454,IForest,0.3,0,uncertainty,False,0.7934965034965035
7_Cardiotocography,456,IForest,0.3,1,uncertainty,False,0.7345221445221445
7_Cardiotocography,454,IForest,0.3,2,uncertainty,False,0.800920745920746
7_Cardiotocography,457,IForest,0.3,3,uncertainty,False,0.7239044289044289
7_Cardiotocography,448,IForest,0.3,4,uncertainty,False,0.7327272727272728
7_Cardiotocography,449,IForest,0.3,0,anomalous,True,0.7117948717948719
7_Cardiotocography,440,IForest,0.3,1,anomalous,True,0.7559440559440559
7_Cardiotocography,443,IForest,0.3,2,anomalous,True,0.7516200466200467
7_Cardiotocography,446,IForest,0.3,3,anomalous,True,0.6891958041958042
7_Cardiotocography,444,IForest,0.3,4,anomalous,True,0.7691608391608392
7_Cardiotocography,445,IForest,0.3,0,anomalous,False,0.7689277389277389
7_Cardiotocography,444,IForest,0.3,1,anomalous,False,0.7424009324009324
7_Cardiotocography,437,IForest,0.3,2,anomalous,False,0.7975641025641024
7_Cardiotocography,441,IForest,0.3,3,anomalous,False,0.7102447552447553
7_Cardiotocography,453,IForest,0.3,4,anomalous,False,0.6289044289044289
7_Cardiotocography,461,IForest,0.3,0,clusters,True,0.7586247086247087
7_Cardiotocography,458,IForest,0.3,1,clusters,True,0.742074592074592
7_Cardiotocography,458,IForest,0.3,2,clusters,True,0.7867249417249418
7_Cardiotocography,457,IForest,0.3,3,clusters,True,0.7345571095571095
7_Cardiotocography,462,IForest,0.3,4,clusters,True,0.6957342657342658
7_Cardiotocography,463,IForest,0.3,0,clusters,False,0.6936596736596736
7_Cardiotocography,462,IForest,0.3,1,clusters,False,0.7408158508158508
7_Cardiotocography,460,IForest,0.3,2,clusters,False,0.7635314685314685
7_Cardiotocography,459,IForest,0.3,3,clusters,False,0.7247668997668997
7_Cardiotocography,468,IForest,0.3,4,clusters,False,0.6920512820512821
7_Cardiotocography,458,KNN,0.45,0,random,True,0.7011072261072261
7_Cardiotocography,456,KNN,0.45,1,random,True,0.6851981351981352
7_Cardiotocography,452,KNN,0.45,2,random,True,0.7564568764568764
7_Cardiotocography,446,KNN,0.45,3,random,True,0.6653030303030303
7_Cardiotocography,446,KNN,0.45,4,random,True,0.6688228438228438
7_Cardiotocography,459,KNN,0.45,0,random,False,0.7010839160839161
7_Cardiotocography,459,KNN,0.45,1,random,False,0.6835431235431235
7_Cardiotocography,453,KNN,0.45,2,random,False,0.747972027972028
7_Cardiotocography,449,KNN,0.45,3,random,False,0.6623426573426574
7_Cardiotocography,452,KNN,0.45,4,random,False,0.6625990675990676
7_Cardiotocography,438,KNN,0.45,0,uncertainty,True,0.7031934731934733
7_Cardiotocography,440,KNN,0.45,1,uncertainty,True,0.6826340326340328
7_Cardiotocography,439,KNN,0.45,2,uncertainty,True,0.735967365967366
7_Cardiotocography,442,KNN,0.45,3,uncertainty,True,0.6499766899766901
7_Cardiotocography,441,KNN,0.45,4,uncertainty,True,0.6488344988344987
7_Cardiotocography,439,KNN,0.45,0,uncertainty,False,0.7012354312354312
7_Cardiotocography,440,KNN,0.45,1,uncertainty,False,0.6826340326340328
7_Cardiotocography,441,KNN,0.45,2,uncertainty,False,0.7315850815850817
7_Cardiotocography,445,KNN,0.45,3,uncertainty,False,0.6465501165501165
7_Cardiotocography,443,KNN,0.45,4,uncertainty,False,0.6454778554778555
7_Cardiotocography,435,KNN,0.45,0,anomalous,True,0.6786829836829836
7_Cardiotocography,438,KNN,0.45,1,anomalous,True,0.6616783216783217
7_Cardiotocography,436,KNN,0.45,2,anomalous,True,0.6976806526806527
7_Cardiotocography,436,KNN,0.45,3,anomalous,True,0.6391724941724941
7_Cardiotocography,438,KNN,0.45,4,anomalous,True,0.6361538461538462
7_Cardiotocography,435,KNN,0.45,0,anomalous,False,0.6786829836829836
7_Cardiotocography,438,KNN,0.45,1,anomalous,False,0.6616783216783217
7_Cardiotocography,437,KNN,0.45,2,anomalous,False,0.6943240093240093
7_Cardiotocography,436,KNN,0.45,3,anomalous,False,0.6391724941724941
7_Cardiotocography,439,KNN,0.45,4,anomalous,False,0.6355944055944056
7_Cardiotocography,442,KNN,0.45,0,clusters,True,0.6919114219114219
7_Cardiotocography,441,KNN,0.45,1,clusters,True,0.6796503496503496
7_Cardiotocography,446,KNN,0.45,2,clusters,True,0.7311771561771562
7_Cardiotocography,443,KNN,0.45,3,clusters,True,0.6478671328671329
7_Cardiotocography,438,KNN,0.45,4,clusters,True,0.6580652680652681
7_Cardiotocography,444,KNN,0.45,0,clusters,False,0.6857575757575758
7_Cardiotocography,445,KNN,0.45,1,clusters,False,0.6730536130536131
7_Cardiotocography,448,KNN,0.45,2,clusters,False,0.7222494172494173
7_Cardiotocography,445,KNN,0.45,3,clusters,False,0.6465151515151515
7_Cardiotocography,444,KNN,0.45,4,clusters,False,0.6533566433566433
7_Cardiotocography,458,IForest,0.45,0,random,True,0.7438461538461539
7_Cardiotocography,456,IForest,0.45,1,random,True,0.761095571095571
7_Cardiotocography,452,IForest,0.45,2,random,True,0.774090909090909
7_Cardiotocography,446,IForest,0.45,3,random,True,0.7148135198135198
7_Cardiotocography,446,IForest,0.45,4,random,True,0.7652447552447552
7_Cardiotocography,459,IForest,0.45,0,random,False,0.7716783216783216
7_Cardiotocography,459,IForest,0.45,1,random,False,0.7568065268065268
7_Cardiotocography,453,IForest,0.45,2,random,False,0.8275641025641027
7_Cardiotocography,449,IForest,0.45,3,random,False,0.6941142191142192
7_Cardiotocography,452,IForest,0.45,4,random,False,0.755058275058275
7_Cardiotocography,439,IForest,0.45,0,uncertainty,True,0.7707692307692309
7_Cardiotocography,445,IForest,0.45,1,uncertainty,True,0.7220512820512821
7_Cardiotocography,436,IForest,0.45,2,uncertainty,True,0.8029020979020978
7_Cardiotocography,435,IForest,0.45,3,uncertainty,True,0.6857925407925408
7_Cardiotocography,436,IForest,0.45,4,uncertainty,True,0.7342890442890443
7_Cardiotocography,437,IForest,0.45,0,uncertainty,False,0.8044988344988345
7_Cardiotocography,442,IForest,0.45,1,uncertainty,False,0.7261538461538461
7_Cardiotocography,438,IForest,0.45,2,uncertainty,False,0.8522261072261074
7_Cardiotocography,435,IForest,0.45,3,uncertainty,False,0.698006993006993
7_Cardiotocography,440,IForest,0.45,4,uncertainty,False,0.7048717948717949
7_Cardiotocography,427,IForest,0.45,0,anomalous,True,0.7913286713286714
7_Cardiotocography,438,IForest,0.45,1,anomalous,True,0.7331002331002331
7_Cardiotocography,419,IForest,0.45,2,anomalous,True,0.8020396270396271
7_Cardiotocography,426,IForest,0.45,3,anomalous,True,0.7204079254079254
7_Cardiotocography,433,IForest,0.45,4,anomalous,True,0.7682517482517484
7_Cardiotocography,430,IForest,0.45,0,anomalous,False,0.7492540792540793
7_Cardiotocography,430,IForest,0.45,1,anomalous,False,0.7482750582750582
7_Cardiotocography,424,IForest,0.45,2,anomalous,False,0.789055944055944
7_Cardiotocography,426,IForest,0.45,3,anomalous,False,0.7077972027972028
7_Cardiotocography,432,IForest,0.45,4,anomalous,False,0.7514918414918415
7_Cardiotocography,442,IForest,0.45,0,clusters,True,0.7829836829836829
7_Cardiotocography,441,IForest,0.45,1,clusters,True,0.7451981351981352
7_Cardiotocography,446,IForest,0.45,2,clusters,True,0.7873310023310023
7_Cardiotocography,443,IForest,0.45,3,clusters,True,0.7163053613053613
7_Cardiotocography,438,IForest,0.45,4,clusters,True,0.7457109557109557
7_Cardiotocography,444,IForest,0.45,0,clusters,False,0.7932167832167832
7_Cardiotocography,445,IForest,0.45,1,clusters,False,0.7349417249417249
7_Cardiotocography,448,IForest,0.45,2,clusters,False,0.8076806526806526
7_Cardiotocography,445,IForest,0.45,3,clusters,False,0.727074592074592
7_Cardiotocography,444,IForest,0.45,4,clusters,False,0.7042424242424242
7_Cardiotocography,425,KNN,0.7,0,random,True,0.7513636363636365
7_Cardiotocography,427,KNN,0.7,1,random,True,0.7195571095571095
7_Cardiotocography,423,KNN,0.7,2,random,True,0.7835314685314685
7_Cardiotocography,421,KNN,0.7,3,random,True,0.7042773892773893
7_Cardiotocography,421,KNN,0.7,4,random,True,0.7035314685314685
7_Cardiotocography,427,KNN,0.7,0,random,False,0.7461771561771562
7_Cardiotocography,428,KNN,0.7,1,random,False,0.7196503496503497
7_Cardiotocography,423,KNN,0.7,2,random,False,0.7835314685314685
7_Cardiotocography,423,KNN,0.7,3,random,False,0.7023193473193473
7_Cardiotocography,424,KNN,0.7,4,random,False,0.6991724941724943
7_Cardiotocography,421,KNN,0.7,0,uncertainty,True,0.7350699300699299
7_Cardiotocography,417,KNN,0.7,1,uncertainty,True,0.7221911421911422
7_Cardiotocography,411,KNN,0.7,2,uncertainty,True,0.7953496503496503
7_Cardiotocography,421,KNN,0.7,3,uncertainty,True,0.6805594405594405
7_Cardiotocography,413,KNN,0.7,4,uncertainty,True,0.72004662004662
7_Cardiotocography,421,KNN,0.7,0,uncertainty,False,0.7350699300699299
7_Cardiotocography,420,KNN,0.7,1,uncertainty,False,0.7203030303030303
7_Cardiotocography,412,KNN,0.7,2,uncertainty,False,0.7934382284382284
7_Cardiotocography,423,KNN,0.7,3,uncertainty,False,0.6788111888111888
7_Cardiotocography,415,KNN,0.7,4,uncertainty,False,0.7148717948717949
7_Cardiotocography,413,KNN,0.7,0,anomalous,True,0.7108508158508158
7_Cardiotocography,419,KNN,0.7,1,anomalous,True,0.7038111888111889
7_Cardiotocography,408,KNN,0.7,2,anomalous,True,0.7619696969696971
7_Cardiotocography,411,KNN,0.7,3,anomalous,True,0.6697435897435897
7_Cardiotocography,420,KNN,0.7,4,anomalous,True,0.6746386946386947
7_Cardiotocography,413,KNN,0.7,0,anomalous,False,0.7108508158508158
7_Cardiotocography,419,KNN,0.7,1,anomalous,False,0.7038111888111889
7_Cardiotocography,408,KNN,0.7,2,anomalous,False,0.7619696969696971
7_Cardiotocography,411,KNN,0.7,3,anomalous,False,0.6697435897435897
7_Cardiotocography,420,KNN,0.7,4,anomalous,False,0.6746386946386947
7_Cardiotocography,413,KNN,0.7,0,clusters,True,0.7312354312354312
7_Cardiotocography,415,KNN,0.7,1,clusters,True,0.7248251748251748
7_Cardiotocography,417,KNN,0.7,2,clusters,True,0.7679137529137529
7_Cardiotocography,421,KNN,0.7,3,clusters,True,0.6874475524475525
7_Cardiotocography,418,KNN,0.7,4,clusters,True,0.7010955710955712
7_Cardiotocography,415,KNN,0.7,0,clusters,False,0.7261421911421911
7_Cardiotocography,419,KNN,0.7,1,clusters,False,0.7202097902097901
7_Cardiotocography,419,KNN,0.7,2,clusters,False,0.7635547785547786
7_Cardiotocography,423,KNN,0.7,3,clusters,False,0.6856526806526807
7_Cardiotocography,424,KNN,0.7,4,clusters,False,0.6952214452214452
7_Cardiotocography,425,IForest,0.7,0,random,True,0.8124941724941724
7_Cardiotocography,427,IForest,0.7,1,random,True,0.7611188811188812
7_Cardiotocography,423,IForest,0.7,2,random,True,0.7893589743589743
7_Cardiotocography,421,IForest,0.7,3,random,True,0.7717132867132868
7_Cardiotocography,421,IForest,0.7,4,random,True,0.7446620046620047
7_Cardiotocography,427,IForest,0.7,0,random,False,0.794988344988345
7_Cardiotocography,428,IForest,0.7,1,random,False,0.7687878787878788
7_Cardiotocography,423,IForest,0.7,2,random,False,0.8274009324009324
7_Cardiotocography,423,IForest,0.7,3,random,False,0.7753263403263404
7_Cardiotocography,424,IForest,0.7,4,random,False,0.781025641025641
7_Cardiotocography,421,IForest,0.7,0,uncertainty,True,0.839044289044289
7_Cardiotocography,419,IForest,0.7,1,uncertainty,True,0.7964102564102564
7_Cardiotocography,408,IForest,0.7,2,uncertainty,True,0.8545804195804196
7_Cardiotocography,416,IForest,0.7,3,uncertainty,True,0.7715501165501166
7_Cardiotocography,405,IForest,0.7,4,uncertainty,True,0.8166899766899766
7_Cardiotocography,418,IForest,0.7,0,uncertainty,False,0.7791841491841491
7_Cardiotocography,423,IForest,0.7,1,uncertainty,False,0.7655477855477856
7_Cardiotocography,408,IForest,0.7,2,uncertainty,False,0.8362820512820512
7_Cardiotocography,418,IForest,0.7,3,uncertainty,False,0.7676340326340326
7_Cardiotocography,412,IForest,0.7,4,uncertainty,False,0.8051981351981352
7_Cardiotocography,408,IForest,0.7,0,anomalous,True,0.8151282051282052
7_Cardiotocography,405,IForest,0.7,1,anomalous,True,0.774055944055944
7_Cardiotocography,402,IForest,0.7,2,anomalous,True,0.8154428904428904
7_Cardiotocography,400,IForest,0.7,3,anomalous,True,0.7936480186480187
7_Cardiotocography,403,IForest,0.7,4,anomalous,True,0.7925874125874125
7_Cardiotocography,403,IForest,0.7,0,anomalous,False,0.8202797202797203
7_Cardiotocography,405,IForest,0.7,1,anomalous,False,0.7738694638694639
7_Cardiotocography,403,IForest,0.7,2,anomalous,False,0.8305244755244755
7_Cardiotocography,410,IForest,0.7,3,anomalous,False,0.8004778554778554
7_Cardiotocography,407,IForest,0.7,4,anomalous,False,0.7693240093240094
7_Cardiotocography,413,IForest,0.7,0,clusters,True,0.8221212121212121
7_Cardiotocography,415,IForest,0.7,1,clusters,True,0.7713986013986014
7_Cardiotocography,417,IForest,0.7,2,clusters,True,0.8368414918414918
7_Cardiotocography,421,IForest,0.7,3,clusters,True,0.7302913752913753
7_Cardiotocography,418,IForest,0.7,4,clusters,True,0.7773193473193474
7_Cardiotocography,415,IForest,0.7,0,clusters,False,0.7632400932400932
7_Cardiotocography,419,IForest,0.7,1,clusters,False,0.7876689976689976
7_Cardiotocography,419,IForest,0.7,2,clusters,False,0.8128554778554778
7_Cardiotocography,423,IForest,0.7,3,clusters,False,0.7407808857808859
7_Cardiotocography,424,IForest,0.7,4,clusters,False,0.7555710955710955
7_Cardiotocography,390,KNN,1.0,0,random,True,0.800990675990676
7_Cardiotocography,390,KNN,1.0,1,random,True,0.7738927738927739
7_Cardiotocography,390,KNN,1.0,2,random,True,0.8242307692307691
7_Cardiotocography,390,KNN,1.0,3,random,True,0.7537645687645689
7_Cardiotocography,390,KNN,1.0,4,random,True,0.7603496503496504
7_Cardiotocography,390,KNN,1.0,0,random,False,0.800990675990676
7_Cardiotocography,390,KNN,1.0,1,random,False,0.7738927738927739
7_Cardiotocography,390,KNN,1.0,2,random,False,0.8242307692307691
7_Cardiotocography,390,KNN,1.0,3,random,False,0.7537645687645689
7_Cardiotocography,390,KNN,1.0,4,random,False,0.7603496503496504
7_Cardiotocography,390,KNN,1.0,0,uncertainty,True,0.800990675990676
7_Cardiotocography,390,KNN,1.0,1,uncertainty,True,0.7738927738927739
7_Cardiotocography,390,KNN,1.0,2,uncertainty,True,0.8242307692307691
7_Cardiotocography,390,KNN,1.0,3,uncertainty,True,0.7537645687645689
7_Cardiotocography,390,KNN,1.0,4,uncertainty,True,0.7603496503496504
7_Cardiotocography,390,KNN,1.0,0,uncertainty,False,0.800990675990676
7_Cardiotocography,390,KNN,1.0,1,uncertainty,False,0.7738927738927739
7_Cardiotocography,390,KNN,1.0,2,uncertainty,False,0.8242307692307691
7_Cardiotocography,390,KNN,1.0,3,uncertainty,False,0.7537645687645689
7_Cardiotocography,390,KNN,1.0,4,uncertainty,False,0.7603496503496504
7_Cardiotocography,390,KNN,1.0,0,anomalous,True,0.800990675990676
7_Cardiotocography,390,KNN,1.0,1,anomalous,True,0.7738927738927739
7_Cardiotocography,390,KNN,1.0,2,anomalous,True,0.8242307692307691
7_Cardiotocography,390,KNN,1.0,3,anomalous,True,0.7537645687645689
7_Cardiotocography,390,KNN,1.0,4,anomalous,True,0.7603496503496504
7_Cardiotocography,390,KNN,1.0,0,anomalous,False,0.800990675990676
7_Cardiotocography,390,KNN,1.0,1,anomalous,False,0.7738927738927739
7_Cardiotocography,390,KNN,1.0,2,anomalous,False,0.8242307692307691
7_Cardiotocography,390,KNN,1.0,3,anomalous,False,0.7537645687645689
7_Cardiotocography,390,KNN,1.0,4,anomalous,False,0.7603496503496504
7_Cardiotocography,390,KNN,1.0,0,clusters,True,0.800990675990676
7_Cardiotocography,390,KNN,1.0,1,clusters,True,0.7738927738927739
7_Cardiotocography,390,KNN,1.0,2,clusters,True,0.8242307692307691
7_Cardiotocography,390,KNN,1.0,3,clusters,True,0.7537645687645689
7_Cardiotocography,390,KNN,1.0,4,clusters,True,0.7603496503496504
7_Cardiotocography,390,KNN,1.0,0,clusters,False,0.800990675990676
7_Cardiotocography,390,KNN,1.0,1,clusters,False,0.7738927738927739
7_Cardiotocography,390,KNN,1.0,2,clusters,False,0.8242307692307691
7_Cardiotocography,390,KNN,1.0,3,clusters,False,0.7537645687645689
7_Cardiotocography,390,KNN,1.0,4,clusters,False,0.7603496503496504
7_Cardiotocography,390,IForest,1.0,0,random,True,0.8393706293706293
7_Cardiotocography,390,IForest,1.0,1,random,True,0.7873193473193473
7_Cardiotocography,390,IForest,1.0,2,random,True,0.8474941724941725
7_Cardiotocography,390,IForest,1.0,3,random,True,0.8137878787878787
7_Cardiotocography,390,IForest,1.0,4,random,True,0.8389044289044288
7_Cardiotocography,390,IForest,1.0,0,random,False,0.8904895104895104
7_Cardiotocography,390,IForest,1.0,1,random,False,0.7797202797202797
7_Cardiotocography,390,IForest,1.0,2,random,False,0.8226923076923077
7_Cardiotocography,390,IForest,1.0,3,random,False,0.8072610722610722
7_Cardiotocography,390,IForest,1.0,4,random,False,0.8375291375291375
7_Cardiotocography,390,IForest,1.0,0,uncertainty,True,0.851165501165501
7_Cardiotocography,390,IForest,1.0,1,uncertainty,True,0.8225407925407926
7_Cardiotocography,390,IForest,1.0,2,uncertainty,True,0.8587762237762238
7_Cardiotocography,390,IForest,1.0,3,uncertainty,True,0.793088578088578
7_Cardiotocography,390,IForest,1.0,4,uncertainty,True,0.835011655011655
7_Cardiotocography,390,IForest,1.0,0,uncertainty,False,0.8341258741258741
7_Cardiotocography,390,IForest,1.0,1,uncertainty,False,0.8103496503496503
7_Cardiotocography,390,IForest,1.0,2,uncertainty,False,0.8753030303030304
7_Cardiotocography,390,IForest,1.0,3,uncertainty,False,0.8055128205128206
7_Cardiotocography,390,IForest,1.0,4,uncertainty,False,0.8256643356643357
7_Cardiotocography,390,IForest,1.0,0,anomalous,True,0.8468531468531468
7_Cardiotocography,390,IForest,1.0,1,anomalous,True,0.7805594405594405
7_Cardiotocography,390,IForest,1.0,2,anomalous,True,0.8858624708624709
7_Cardiotocography,390,IForest,1.0,3,anomalous,True,0.7866317016317016
7_Cardiotocography,390,IForest,1.0,4,anomalous,True,0.8436130536130537
7_Cardiotocography,390,IForest,1.0,0,anomalous,False,0.8472960372960373
7_Cardiotocography,390,IForest,1.0,1,anomalous,False,0.8063636363636364
7_Cardiotocography,390,IForest,1.0,2,anomalous,False,0.8594988344988345
7_Cardiotocography,390,IForest,1.0,3,anomalous,False,0.7896386946386946
7_Cardiotocography,390,IForest,1.0,4,anomalous,False,0.8165501165501166
7_Cardiotocography,390,IForest,1.0,0,clusters,True,0.8281351981351982
7_Cardiotocography,390,IForest,1.0,1,clusters,True,0.7667132867132868
7_Cardiotocography,390,IForest,1.0,2,clusters,True,0.8662587412587412
7_Cardiotocography,390,IForest,1.0,3,clusters,True,0.8147902097902098
7_Cardiotocography,390,IForest,1.0,4,clusters,True,0.8287412587412587
7_Cardiotocography,390,IForest,1.0,0,clusters,False,0.8338927738927739
7_Cardiotocography,390,IForest,1.0,1,clusters,False,0.8101398601398601
7_Cardiotocography,390,IForest,1.0,2,clusters,False,0.8385198135198135
7_Cardiotocography,390,IForest,1.0,3,clusters,False,0.7825524475524475
7_Cardiotocography,390,IForest,1.0,4,clusters,False,0.8542657342657343
5_campaign,500,KNN,0.0,0,random,True,0.7003297940797941
5_campaign,500,KNN,0.0,1,random,True,0.6800918775494039
5_campaign,500,KNN,0.0,2,random,True,0.7290862290862291
5_campaign,500,KNN,0.0,3,random,True,0.6433397683397684
5_campaign,500,KNN,0.0,4,random,True,0.6735842985842986
5_campaign,500,KNN,0.0,0,random,False,0.7003297940797941
5_campaign,500,KNN,0.0,1,random,False,0.6800918775494039
5_campaign,500,KNN,0.0,2,random,False,0.7290862290862291
5_campaign,500,KNN,0.0,3,random,False,0.6433397683397684
5_campaign,500,KNN,0.0,4,random,False,0.6735842985842986
5_campaign,500,KNN,0.0,0,uncertainty,True,0.7003297940797941
5_campaign,500,KNN,0.0,1,uncertainty,True,0.6800918775494039
5_campaign,500,KNN,0.0,2,uncertainty,True,0.7290862290862291
5_campaign,500,KNN,0.0,3,uncertainty,True,0.6433397683397684
5_campaign,500,KNN,0.0,4,uncertainty,True,0.6735842985842986
5_campaign,500,KNN,0.0,0,uncertainty,False,0.7003297940797941
5_campaign,500,KNN,0.0,1,uncertainty,False,0.6800918775494039
5_campaign,500,KNN,0.0,2,uncertainty,False,0.7290862290862291
5_campaign,500,KNN,0.0,3,uncertainty,False,0.6433397683397684
5_campaign,500,KNN,0.0,4,uncertainty,False,0.6735842985842986
5_campaign,500,KNN,0.0,0,anomalous,True,0.7003297940797941
5_campaign,500,KNN,0.0,1,anomalous,True,0.6800918775494039
5_campaign,500,KNN,0.0,2,anomalous,True,0.7290862290862291
5_campaign,500,KNN,0.0,3,anomalous,True,0.6433397683397684
5_campaign,500,KNN,0.0,4,anomalous,True,0.6735842985842986
5_campaign,500,KNN,0.0,0,anomalous,False,0.7003297940797941
5_campaign,500,KNN,0.0,1,anomalous,False,0.6800918775494039
5_campaign,500,KNN,0.0,2,anomalous,False,0.7290862290862291
5_campaign,500,KNN,0.0,3,anomalous,False,0.6433397683397684
5_campaign,500,KNN,0.0,4,anomalous,False,0.6735842985842986
5_campaign,500,KNN,0.0,0,clusters,True,0.7003297940797941
5_campaign,500,KNN,0.0,1,clusters,True,0.6800918775494039
5_campaign,500,KNN,0.0,2,clusters,True,0.7290862290862291
5_campaign,500,KNN,0.0,3,clusters,True,0.6433397683397684
5_campaign,500,KNN,0.0,4,clusters,True,0.6735842985842986
5_campaign,500,KNN,0.0,0,clusters,False,0.7003297940797941
5_campaign,500,KNN,0.0,1,clusters,False,0.6800918775494039
5_campaign,500,KNN,0.0,2,clusters,False,0.7290862290862291
5_campaign,500,KNN,0.0,3,clusters,False,0.6433397683397684
5_campaign,500,KNN,0.0,4,clusters,False,0.6735842985842986
5_campaign,500,IForest,0.0,0,random,True,0.6954231016731017
5_campaign,500,IForest,0.0,1,random,True,0.6545087323274326
5_campaign,500,IForest,0.0,2,random,True,0.759773166023166
5_campaign,500,IForest,0.0,3,random,True,0.6400418275418275
5_campaign,500,IForest,0.0,4,random,True,0.6661036036036037
5_campaign,500,IForest,0.0,0,random,False,0.695181788931789
5_campaign,500,IForest,0.0,1,random,False,0.6797750584135281
5_campaign,500,IForest,0.0,2,random,False,0.7323841698841699
5_campaign,500,IForest,0.0,3,random,False,0.599501287001287
5_campaign,500,IForest,0.0,4,random,False,0.6862934362934363
5_campaign,500,IForest,0.0,0,uncertainty,True,0.6989221364221364
5_campaign,500,IForest,0.0,1,uncertainty,True,0.6718149776246485
5_campaign,500,IForest,0.0,2,uncertainty,True,0.7284025096525097
5_campaign,500,IForest,0.0,3,uncertainty,True,0.5944337194337194
5_campaign,500,IForest,0.0,4,uncertainty,True,0.6913207850707851
5_campaign,500,IForest,0.0,0,uncertainty,False,0.6823922136422137
5_campaign,500,IForest,0.0,1,uncertainty,False,0.6934774860401568
5_campaign,500,IForest,0.0,2,uncertainty,False,0.7502010939510939
5_campaign,500,IForest,0.0,3,uncertainty,False,0.6035633848133849
5_campaign,500,IForest,0.0,4,uncertainty,False,0.7102236164736164
5_campaign,500,IForest,0.0,0,anomalous,True,0.6914012226512226
5_campaign,500,IForest,0.0,1,anomalous,True,0.6655974020830858
5_campaign,500,IForest,0.0,2,anomalous,True,0.7328265765765766
5_campaign,500,IForest,0.0,3,anomalous,True,0.6259652509652509
5_campaign,500,IForest,0.0,4,anomalous,True,0.663690476190476
5_campaign,500,IForest,0.0,0,anomalous,False,0.7111486486486487
5_campaign,500,IForest,0.0,1,anomalous,False,0.6796958536295592
5_campaign,500,IForest,0.0,2,anomalous,False,0.7540620978120978
5_campaign,500,IForest,0.0,3,anomalous,False,0.6332850707850708
5_campaign,500,IForest,0.0,4,anomalous,False,0.71010296010296
5_campaign,500,IForest,0.0,0,clusters,True,0.6867760617760619
5_campaign,500,IForest,0.0,1,clusters,True,0.6680131479941389
5_campaign,500,IForest,0.0,2,clusters,True,0.7506435006435006
5_campaign,500,IForest,0.0,3,clusters,True,0.6658622908622909
5_campaign,500,IForest,0.0,4,clusters,True,0.6687982625482626
5_campaign,500,IForest,0.0,0,clusters,False,0.7109073359073359
5_campaign,500,IForest,0.0,1,clusters,False,0.682428418676488
5_campaign,500,IForest,0.0,2,clusters,False,0.7092583655083654
5_campaign,500,IForest,0.0,3,clusters,False,0.6300675675675675
5_campaign,500,IForest,0.0,4,clusters,False,0.6854890604890604
5_campaign,500,KNN,0.004,0,random,True,0.7003297940797941
5_campaign,500,KNN,0.004,1,random,True,0.6800918775494039
5_campaign,156,KNN,0.004,2,random,True,0.6454311454311454
5_campaign,500,KNN,0.004,3,random,True,0.6433397683397684
5_campaign,500,KNN,0.004,4,random,True,0.6735842985842986
5_campaign,500,KNN,0.004,0,random,False,0.7003297940797941
5_campaign,500,KNN,0.004,1,random,False,0.6800918775494039
5_campaign,499,KNN,0.004,2,random,False,0.7302525740025739
5_campaign,500,KNN,0.004,3,random,False,0.6433397683397684
5_campaign,500,KNN,0.004,4,random,False,0.6735842985842986
5_campaign,500,KNN,0.004,0,uncertainty,True,0.7003297940797941
5_campaign,500,KNN,0.004,1,uncertainty,True,0.6800918775494039
5_campaign,500,KNN,0.004,2,uncertainty,True,0.7290862290862291
5_campaign,500,KNN,0.004,3,uncertainty,True,0.6433397683397684
5_campaign,500,KNN,0.004,4,uncertainty,True,0.6735842985842986
5_campaign,498,KNN,0.004,0,uncertainty,False,0.7008124195624196
5_campaign,500,KNN,0.004,1,uncertainty,False,0.6800918775494039
5_campaign,498,KNN,0.004,2,uncertainty,False,0.7288449163449163
5_campaign,500,KNN,0.004,3,uncertainty,False,0.6433397683397684
5_campaign,500,KNN,0.004,4,uncertainty,False,0.6735842985842986
5_campaign,500,KNN,0.004,0,anomalous,True,0.7003297940797941
5_campaign,357,KNN,0.004,1,anomalous,True,0.7155756207674944
5_campaign,380,KNN,0.004,2,anomalous,True,0.778193371943372
5_campaign,167,KNN,0.004,3,anomalous,True,0.513433075933076
5_campaign,500,KNN,0.004,4,anomalous,True,0.6735842985842986
5_campaign,498,KNN,0.004,0,anomalous,False,0.7004504504504505
5_campaign,499,KNN,0.004,1,anomalous,False,0.6800918775494039
5_campaign,499,KNN,0.004,2,anomalous,False,0.7290862290862291
5_campaign,499,KNN,0.004,3,anomalous,False,0.6433397683397684
5_campaign,498,KNN,0.004,4,anomalous,False,0.6735842985842986
5_campaign,234,KNN,0.004,0,clusters,True,0.5728362290862292
5_campaign,265,KNN,0.004,1,clusters,True,0.6557760088709358
5_campaign,500,KNN,0.004,2,clusters,True,0.7290862290862291
5_campaign,500,KNN,0.004,3,clusters,True,0.6433397683397684
5_campaign,500,KNN,0.004,4,clusters,True,0.6735842985842986
5_campaign,499,KNN,0.004,0,clusters,False,0.700168918918919
5_campaign,499,KNN,0.004,1,clusters,False,0.6788642033978851
5_campaign,500,KNN,0.004,2,clusters,False,0.7290862290862291
5_campaign,500,KNN,0.004,3,clusters,False,0.6433397683397684
5_campaign,500,KNN,0.004,4,clusters,False,0.6735842985842986
5_campaign,500,IForest,0.004,0,random,True,0.6930904118404118
5_campaign,500,IForest,0.004,1,random,True,0.6511425290087521
5_campaign,156,IForest,0.004,2,random,True,0.6532738095238095
5_campaign,500,IForest,0.004,3,random,True,0.6408864221364221
5_campaign,500,IForest,0.004,4,random,True,0.6590250965250966
5_campaign,500,IForest,0.004,0,random,False,0.7112290862290862
5_campaign,500,IForest,0.004,1,random,False,0.6634984753079085
5_campaign,499,IForest,0.004,2,random,False,0.7670125482625483
5_campaign,500,IForest,0.004,3,random,False,0.6041666666666666
5_campaign,500,IForest,0.004,4,random,False,0.6635698198198199
5_campaign,286,IForest,0.004,0,uncertainty,True,0.7470640283140283
5_campaign,242,IForest,0.004,1,uncertainty,True,0.7074967328026612
5_campaign,500,IForest,0.004,2,uncertainty,True,0.7362049549549549
5_campaign,500,IForest,0.004,3,uncertainty,True,0.593910875160875
5_campaign,500,IForest,0.004,4,uncertainty,True,0.6746299871299871
5_campaign,498,IForest,0.004,0,uncertainty,False,0.6647763835263836
5_campaign,499,IForest,0.004,1,uncertainty,False,0.6799730703734506
5_campaign,499,IForest,0.004,2,uncertainty,False,0.7479488416988418
5_campaign,499,IForest,0.004,3,uncertainty,False,0.6351351351351351
5_campaign,499,IForest,0.004,4,uncertainty,False,0.6758767696267697
5_campaign,500,IForest,0.004,0,anomalous,True,0.715492277992278
5_campaign,500,IForest,0.004,1,anomalous,True,0.6784681794780405
5_campaign,380,IForest,0.004,2,anomalous,True,0.7898166023166023
5_campaign,500,IForest,0.004,3,anomalous,True,0.6451496138996139
5_campaign,300,IForest,0.004,4,anomalous,True,0.7010939510939511
5_campaign,498,IForest,0.004,0,anomalous,False,0.6770028957528957
5_campaign,499,IForest,0.004,1,anomalous,False,0.6458358084828323
5_campaign,499,IForest,0.004,2,anomalous,False,0.7641167953667953
5_campaign,498,IForest,0.004,3,anomalous,False,0.6519063706563707
5_campaign,498,IForest,0.004,4,anomalous,False,0.679255148005148
5_campaign,234,IForest,0.004,0,clusters,True,0.5071187258687259
5_campaign,265,IForest,0.004,1,clusters,True,0.7031800720763534
5_campaign,500,IForest,0.004,2,clusters,True,0.7478281853281853
5_campaign,500,IForest,0.004,3,clusters,True,0.6058558558558559
5_campaign,500,IForest,0.004,4,clusters,True,0.6829954954954954
5_campaign,499,IForest,0.004,0,clusters,False,0.6993645431145431
5_campaign,499,IForest,0.004,1,clusters,False,0.6849629717634946
5_campaign,500,IForest,0.004,2,clusters,False,0.7399855212355212
5_campaign,500,IForest,0.004,3,clusters,False,0.6371058558558559
5_campaign,500,IForest,0.004,4,clusters,False,0.6897924710424711
5_campaign,500,KNN,0.006,0,random,True,0.7003297940797941
5_campaign,500,KNN,0.006,1,random,True,0.6800918775494039
5_campaign,319,KNN,0.006,2,random,True,0.7251447876447877
5_campaign,500,KNN,0.006,3,random,True,0.6433397683397684
5_campaign,500,KNN,0.006,4,random,True,0.6735842985842986
5_campaign,500,KNN,0.006,0,random,False,0.7003297940797941
5_campaign,500,KNN,0.006,1,random,False,0.6800918775494039
5_campaign,499,KNN,0.006,2,random,False,0.7302525740025739
5_campaign,500,KNN,0.006,3,random,False,0.6433397683397684
5_campaign,500,KNN,0.006,4,random,False,0.6735842985842986
5_campaign,500,KNN,0.006,0,uncertainty,True,0.7003297940797941
5_campaign,500,KNN,0.006,1,uncertainty,True,0.6800918775494039
5_campaign,179,KNN,0.006,2,uncertainty,True,0.7418355855855857
5_campaign,458,KNN,0.006,3,uncertainty,True,0.6554054054054054
5_campaign,500,KNN,0.006,4,uncertainty,True,0.6735842985842986
5_campaign,497,KNN,0.006,0,uncertainty,False,0.7006515444015444
5_campaign,500,KNN,0.006,1,uncertainty,False,0.6800918775494039
5_campaign,498,KNN,0.006,2,uncertainty,False,0.7288449163449163
5_campaign,499,KNN,0.006,3,uncertainty,False,0.6435408622908623
5_campaign,500,KNN,0.006,4,uncertainty,False,0.6735842985842986
5_campaign,248,KNN,0.006,0,anomalous,True,0.7088963963963963
5_campaign,426,KNN,0.006,1,anomalous,True,0.6938735099600015
5_campaign,401,KNN,0.006,2,anomalous,True,0.7640363577863578
5_campaign,307,KNN,0.006,3,anomalous,True,0.59873712998713
5_campaign,302,KNN,0.006,4,anomalous,True,0.6672699485199485
5_campaign,498,KNN,0.006,0,anomalous,False,0.7004504504504505
5_campaign,499,KNN,0.006,1,anomalous,False,0.6800918775494039
5_campaign,499,KNN,0.006,2,anomalous,False,0.7290862290862291
5_campaign,499,KNN,0.006,3,anomalous,False,0.6433397683397684
5_campaign,498,KNN,0.006,4,anomalous,False,0.6735842985842986
5_campaign,500,KNN,0.006,0,clusters,True,0.7003297940797941
5_campaign,336,KNN,0.006,1,clusters,True,0.6345491267672567
5_campaign,377,KNN,0.006,2,clusters,True,0.778957528957529
5_campaign,500,KNN,0.006,3,clusters,True,0.6433397683397684
5_campaign,500,KNN,0.006,4,clusters,True,0.6735842985842986
5_campaign,500,KNN,0.006,0,clusters,False,0.7003297940797941
5_campaign,499,KNN,0.006,1,clusters,False,0.6788642033978851
5_campaign,499,KNN,0.006,2,clusters,False,0.7273970398970399
5_campaign,500,KNN,0.006,3,clusters,False,0.6433397683397684
5_campaign,500,KNN,0.006,4,clusters,False,0.6735842985842986
5_campaign,500,IForest,0.006,0,random,True,0.7007722007722007
5_campaign,500,IForest,0.006,1,random,True,0.6548651538552929
5_campaign,319,IForest,0.006,2,random,True,0.7571589446589446
5_campaign,500,IForest,0.006,3,random,True,0.608510296010296
5_campaign,500,IForest,0.006,4,random,True,0.6742680180180181
5_campaign,500,IForest,0.006,0,random,False,0.6979568854568855
5_campaign,500,IForest,0.006,1,random,False,0.7009623381252228
5_campaign,499,IForest,0.006,2,random,False,0.7521315958815958
5_campaign,500,IForest,0.006,3,random,False,0.6393178893178894
5_campaign,500,IForest,0.006,4,random,False,0.675032175032175
5_campaign,500,IForest,0.006,0,uncertainty,True,0.6937339124839126
5_campaign,372,IForest,0.006,1,uncertainty,True,0.7130806700724723
5_campaign,348,IForest,0.006,2,uncertainty,True,0.7526544401544402
5_campaign,221,IForest,0.006,3,uncertainty,True,0.732183075933076
5_campaign,500,IForest,0.006,4,uncertainty,True,0.6905566280566281
5_campaign,500,IForest,0.006,0,uncertainty,False,0.6897522522522522
5_campaign,500,IForest,0.006,1,uncertainty,False,0.6713001465288504
5_campaign,500,IForest,0.006,2,uncertainty,False,0.7832609395109396
5_campaign,499,IForest,0.006,3,uncertainty,False,0.6128137065637066
5_campaign,500,IForest,0.006,4,uncertainty,False,0.7121541184041184
5_campaign,223,IForest,0.006,0,anomalous,True,0.7296492921492921
5_campaign,260,IForest,0.006,1,anomalous,True,0.6785473842620094
5_campaign,427,IForest,0.006,2,anomalous,True,0.7774292149292149
5_campaign,344,IForest,0.006,3,anomalous,True,0.6405646718146718
5_campaign,111,IForest,0.006,4,anomalous,True,0.6829552767052766
5_campaign,498,IForest,0.006,0,anomalous,False,0.7031048906048907
5_campaign,498,IForest,0.006,1,anomalous,False,0.6708051166290444
5_campaign,498,IForest,0.006,2,anomalous,False,0.7793597168597169
5_campaign,498,IForest,0.006,3,anomalous,False,0.6151866151866153
5_campaign,498,IForest,0.006,4,anomalous,False,0.6782496782496782
5_campaign,500,IForest,0.006,0,clusters,True,0.6940154440154441
5_campaign,336,IForest,0.006,1,clusters,True,0.6806859134291711
5_campaign,377,IForest,0.006,2,clusters,True,0.8246862934362935
5_campaign,500,IForest,0.006,3,clusters,True,0.6227477477477478
5_campaign,500,IForest,0.006,4,clusters,True,0.6714527027027027
5_campaign,500,IForest,0.006,0,clusters,False,0.6769626769626769
5_campaign,499,IForest,0.006,1,clusters,False,0.6792998297097145
5_campaign,499,IForest,0.006,2,clusters,False,0.7716779279279279
5_campaign,500,IForest,0.006,3,clusters,False,0.6295447232947233
5_campaign,500,IForest,0.006,4,clusters,False,0.6770028957528959
5_campaign,383,KNN,0.008,0,random,True,0.7108268983268983
5_campaign,500,KNN,0.008,1,random,True,0.6800918775494039
5_campaign,342,KNN,0.008,2,random,True,0.7288851351351352
5_campaign,500,KNN,0.008,3,random,True,0.6433397683397684
5_campaign,500,KNN,0.008,4,random,True,0.6735842985842986
5_campaign,499,KNN,0.008,0,random,False,0.7001287001287002
5_campaign,500,KNN,0.008,1,random,False,0.6800918775494039
5_campaign,499,KNN,0.008,2,random,False,0.7302525740025739
5_campaign,500,KNN,0.008,3,random,False,0.6433397683397684
5_campaign,500,KNN,0.008,4,random,False,0.6735842985842986
5_campaign,67,KNN,0.008,0,uncertainty,True,0.5812419562419563
5_campaign,500,KNN,0.008,1,uncertainty,True,0.6800918775494039
5_campaign,227,KNN,0.008,2,uncertainty,True,0.73869851994852
5_campaign,475,KNN,0.008,3,uncertainty,True,0.6607545045045045
5_campaign,500,KNN,0.008,4,uncertainty,True,0.6735842985842986
5_campaign,497,KNN,0.008,0,uncertainty,False,0.7006515444015444
5_campaign,500,KNN,0.008,1,uncertainty,False,0.6800918775494039
5_campaign,498,KNN,0.008,2,uncertainty,False,0.7288449163449163
5_campaign,499,KNN,0.008,3,uncertainty,False,0.6435408622908623
5_campaign,500,KNN,0.008,4,uncertainty,False,0.6735842985842986
5_campaign,193,KNN,0.008,0,anomalous,True,0.6953426640926641
5_campaign,403,KNN,0.008,1,anomalous,True,0.6981109659023406
5_campaign,216,KNN,0.008,2,anomalous,True,0.7796010296010297
5_campaign,216,KNN,0.008,3,anomalous,True,0.5569095881595881
5_campaign,233,KNN,0.008,4,anomalous,True,0.6565717503217503
5_campaign,497,KNN,0.008,0,anomalous,False,0.700530888030888
5_campaign,498,KNN,0.008,1,anomalous,False,0.6801710823333729
5_campaign,498,KNN,0.008,2,anomalous,False,0.7290862290862291
5_campaign,498,KNN,0.008,3,anomalous,False,0.6433397683397684
5_campaign,497,KNN,0.008,4,anomalous,False,0.6735842985842986
5_campaign,500,KNN,0.008,0,clusters,True,0.7003297940797941
5_campaign,355,KNN,0.008,1,clusters,True,0.6428656290839966
5_campaign,383,KNN,0.008,2,clusters,True,0.779520592020592
5_campaign,500,KNN,0.008,3,clusters,True,0.6433397683397684
5_campaign,500,KNN,0.008,4,clusters,True,0.6735842985842986
5_campaign,500,KNN,0.008,0,clusters,False,0.7003297940797941
5_campaign,499,KNN,0.008,1,clusters,False,0.6788642033978851
5_campaign,499,KNN,0.008,2,clusters,False,0.7273970398970399
5_campaign,500,KNN,0.008,3,clusters,False,0.6433397683397684
5_campaign,500,KNN,0.008,4,clusters,False,0.6735842985842986
5_campaign,383,IForest,0.008,0,random,True,0.7325048262548264
5_campaign,500,IForest,0.008,1,random,True,0.6830224545562552
5_campaign,342,IForest,0.008,2,random,True,0.7674147361647361
5_campaign,500,IForest,0.008,3,random,True,0.617519305019305
5_campaign,500,IForest,0.008,4,random,True,0.6982786357786358
5_campaign,499,IForest,0.008,0,random,False,0.7135215572715574
5_campaign,500,IForest,0.008,1,random,False,0.6532414557839294
5_campaign,499,IForest,0.008,2,random,False,0.7235762548262548
5_campaign,500,IForest,0.008,3,random,False,0.6340492277992278
5_campaign,500,IForest,0.008,4,random,False,0.6722570785070785
5_campaign,405,IForest,0.008,0,uncertainty,True,0.7331081081081081
5_campaign,238,IForest,0.008,1,uncertainty,True,0.7270207120510079
5_campaign,500,IForest,0.008,2,uncertainty,True,0.7718388030888031
5_campaign,364,IForest,0.008,3,uncertainty,True,0.6806225868725868
5_campaign,500,IForest,0.008,4,uncertainty,True,0.6774050836550837
5_campaign,499,IForest,0.008,0,uncertainty,False,0.6977155727155727
5_campaign,499,IForest,0.008,1,uncertainty,False,0.6519345768484416
5_campaign,499,IForest,0.008,2,uncertainty,False,0.7785955598455597
5_campaign,500,IForest,0.008,3,uncertainty,False,0.6163931788931789
5_campaign,499,IForest,0.008,4,uncertainty,False,0.6617599742599742
5_campaign,500,IForest,0.008,0,anomalous,True,0.6716537966537965
5_campaign,421,IForest,0.008,1,anomalous,True,0.652885034256069
5_campaign,437,IForest,0.008,2,anomalous,True,0.8240830115830116
5_campaign,274,IForest,0.008,3,anomalous,True,0.5947956885456885
5_campaign,119,IForest,0.008,4,anomalous,True,0.6776463963963965
5_campaign,496,IForest,0.008,0,anomalous,False,0.6825933075933076
5_campaign,498,IForest,0.008,1,anomalous,False,0.6536374797037741
5_campaign,498,IForest,0.008,2,anomalous,False,0.7473455598455598
5_campaign,498,IForest,0.008,3,anomalous,False,0.6157898970398971
5_campaign,497,IForest,0.008,4,anomalous,False,0.7064028314028314
5_campaign,500,IForest,0.008,0,clusters,True,0.7086148648648649
5_campaign,355,IForest,0.008,1,clusters,True,0.6671814977624648
5_campaign,383,IForest,0.008,2,clusters,True,0.8075530888030888
5_campaign,500,IForest,0.008,3,clusters,True,0.6684362934362935
5_campaign,500,IForest,0.008,4,clusters,True,0.6927686615186616
5_campaign,500,IForest,0.008,0,clusters,False,0.691320785070785
5_campaign,499,IForest,0.008,1,clusters,False,0.6561720327907807
5_campaign,499,IForest,0.008,2,clusters,False,0.7500804375804375
5_campaign,500,IForest,0.008,3,clusters,False,0.6269305019305019
5_campaign,500,IForest,0.008,4,clusters,False,0.6948198198198198
5_campaign,427,KNN,0.013,0,random,True,0.7076093951093951
5_campaign,473,KNN,0.013,1,random,True,0.68908162052988
5_campaign,408,KNN,0.013,2,random,True,0.7486727799227799
5_campaign,500,KNN,0.013,3,random,True,0.6433397683397684
5_campaign,500,KNN,0.013,4,random,True,0.6735842985842986
5_campaign,498,KNN,0.013,0,random,False,0.7002493564993566
5_campaign,499,KNN,0.013,1,random,False,0.6833788760841155
5_campaign,499,KNN,0.013,2,random,False,0.7302525740025739
5_campaign,500,KNN,0.013,3,random,False,0.6433397683397684
5_campaign,500,KNN,0.013,4,random,False,0.6735842985842986
5_campaign,130,KNN,0.013,0,uncertainty,True,0.6463561776061776
5_campaign,500,KNN,0.013,1,uncertainty,True,0.6800918775494039
5_campaign,368,KNN,0.013,2,uncertainty,True,0.7319015444015443
5_campaign,389,KNN,0.013,3,uncertainty,True,0.6726994851994852
5_campaign,500,KNN,0.013,4,uncertainty,True,0.6735842985842986
5_campaign,496,KNN,0.013,0,uncertainty,False,0.7006515444015444
5_campaign,500,KNN,0.013,1,uncertainty,False,0.6800918775494039
5_campaign,498,KNN,0.013,2,uncertainty,False,0.7288449163449163
5_campaign,498,KNN,0.013,3,uncertainty,False,0.6426962676962676
5_campaign,500,KNN,0.013,4,uncertainty,False,0.6735842985842986
5_campaign,227,KNN,0.013,0,anomalous,True,0.689993564993565
5_campaign,394,KNN,0.013,1,anomalous,True,0.695576412815334
5_campaign,385,KNN,0.013,2,anomalous,True,0.7075691763191764
5_campaign,197,KNN,0.013,3,anomalous,True,0.5805180180180181
5_campaign,247,KNN,0.013,4,anomalous,True,0.6624839124839124
5_campaign,496,KNN,0.013,0,anomalous,False,0.700530888030888
5_campaign,497,KNN,0.013,1,anomalous,False,0.6801314799413885
5_campaign,498,KNN,0.013,2,anomalous,False,0.7290862290862291
5_campaign,497,KNN,0.013,3,anomalous,False,0.6433397683397684
5_campaign,496,KNN,0.013,4,anomalous,False,0.6735842985842986
5_campaign,500,KNN,0.013,0,clusters,True,0.7003297940797941
5_campaign,500,KNN,0.013,1,clusters,True,0.6800918775494039
5_campaign,410,KNN,0.013,2,clusters,True,0.7530566280566281
5_campaign,500,KNN,0.013,3,clusters,True,0.6433397683397684
5_campaign,500,KNN,0.013,4,clusters,True,0.6735842985842986
5_campaign,500,KNN,0.013,0,clusters,False,0.7003297940797941
5_campaign,500,KNN,0.013,1,clusters,False,0.6800918775494039
5_campaign,499,KNN,0.013,2,clusters,False,0.7273970398970399
5_campaign,500,KNN,0.013,3,clusters,False,0.6433397683397684
5_campaign,500,KNN,0.013,4,clusters,False,0.6735842985842986
5_campaign,427,IForest,0.013,0,random,True,0.712998712998713
5_campaign,473,IForest,0.013,1,random,True,0.689834065977585
5_campaign,408,IForest,0.013,2,random,True,0.7880067567567568
5_campaign,500,IForest,0.013,3,random,True,0.6290620978120979
5_campaign,500,IForest,0.013,4,random,True,0.7092583655083655
5_campaign,498,IForest,0.013,0,random,False,0.6724179536679536
5_campaign,499,IForest,0.013,1,random,False,0.6687259910498593
5_campaign,499,IForest,0.013,2,random,False,0.7538207850707851
5_campaign,500,IForest,0.013,3,random,False,0.6265685328185329
5_campaign,500,IForest,0.013,4,random,False,0.6853684041184042
5_campaign,500,IForest,0.013,0,uncertainty,True,0.673503861003861
5_campaign,500,IForest,0.013,1,uncertainty,True,0.6838541047879291
5_campaign,500,IForest,0.013,2,uncertainty,True,0.7292068854568855
5_campaign,500,IForest,0.013,3,uncertainty,True,0.66123712998713
5_campaign,500,IForest,0.013,4,uncertainty,True,0.657215250965251
5_campaign,499,IForest,0.013,0,uncertainty,False,0.6949404761904763
5_campaign,500,IForest,0.013,1,uncertainty,False,0.6878539463783612
5_campaign,498,IForest,0.013,2,uncertainty,False,0.756917631917632
5_campaign,500,IForest,0.013,3,uncertainty,False,0.6126930501930502
5_campaign,497,IForest,0.013,4,uncertainty,False,0.7043516731016731
5_campaign,500,IForest,0.013,0,anomalous,True,0.68118564993565
5_campaign,155,IForest,0.013,1,anomalous,True,0.6344303195913032
5_campaign,361,IForest,0.013,2,anomalous,True,0.7821348133848134
5_campaign,69,IForest,0.013,3,anomalous,True,0.5468548906048907
5_campaign,32,IForest,0.013,4,anomalous,True,0.7489140926640927
5_campaign,494,IForest,0.013,0,anomalous,False,0.7232545045045045
5_campaign,495,IForest,0.013,1,anomalous,False,0.6906657162092591
5_campaign,499,IForest,0.013,2,anomalous,False,0.7442889317889317
5_campaign,496,IForest,0.013,3,anomalous,False,0.6056145431145431
5_campaign,496,IForest,0.013,4,anomalous,False,0.6709298584298584
5_campaign,500,IForest,0.013,0,clusters,True,0.697675353925354
5_campaign,500,IForest,0.013,1,clusters,True,0.6643301255395826
5_campaign,410,IForest,0.013,2,clusters,True,0.7736084298584298
5_campaign,500,IForest,0.013,3,clusters,True,0.6190878378378378
5_campaign,500,IForest,0.013,4,clusters,True,0.698600386100386
5_campaign,500,IForest,0.013,0,clusters,False,0.7007319819819819
5_campaign,500,IForest,0.013,1,clusters,False,0.656290839966734
5_campaign,499,IForest,0.013,2,clusters,False,0.7526544401544402
5_campaign,500,IForest,0.013,3,clusters,False,0.6202541827541828
5_campaign,500,IForest,0.013,4,clusters,False,0.6627654440154439
5_campaign,462,KNN,0.02,0,random,True,0.7030244530244529
5_campaign,474,KNN,0.02,1,random,True,0.68908162052988
5_campaign,417,KNN,0.02,2,random,True,0.7581644144144144
5_campaign,500,KNN,0.02,3,random,True,0.6433397683397684
5_campaign,419,KNN,0.02,4,random,True,0.6944578507078507
5_campaign,498,KNN,0.02,0,random,False,0.7002493564993566
5_campaign,499,KNN,0.02,1,random,False,0.6833788760841155
5_campaign,498,KNN,0.02,2,random,False,0.7292068854568854
5_campaign,500,KNN,0.02,3,random,False,0.6433397683397684
5_campaign,499,KNN,0.02,4,random,False,0.6734636422136422
5_campaign,226,KNN,0.02,0,uncertainty,True,0.6842020592020592
5_campaign,380,KNN,0.02,1,uncertainty,True,0.6777157340303355
5_campaign,457,KNN,0.02,2,uncertainty,True,0.733148326898327
5_campaign,312,KNN,0.02,3,uncertainty,True,0.6705678893178892
5_campaign,455,KNN,0.02,4,uncertainty,True,0.7025418275418276
5_campaign,495,KNN,0.02,0,uncertainty,False,0.7008124195624197
5_campaign,498,KNN,0.02,1,uncertainty,False,0.6809631301730625
5_campaign,498,KNN,0.02,2,uncertainty,False,0.7288449163449163
5_campaign,494,KNN,0.02,3,uncertainty,False,0.6447876447876448
5_campaign,498,KNN,0.02,4,uncertainty,False,0.6743484555984556
5_campaign,256,KNN,0.02,0,anomalous,True,0.7144465894465895
5_campaign,441,KNN,0.02,1,anomalous,True,0.6888440061779731
5_campaign,439,KNN,0.02,2,anomalous,True,0.7274774774774776
5_campaign,139,KNN,0.02,3,anomalous,True,0.6251608751608752
5_campaign,240,KNN,0.02,4,anomalous,True,0.7011341698841699
5_campaign,494,KNN,0.02,0,anomalous,False,0.6998873873873874
5_campaign,496,KNN,0.02,1,anomalous,False,0.6801710823333729
5_campaign,498,KNN,0.02,2,anomalous,False,0.7290862290862291
5_campaign,494,KNN,0.02,3,anomalous,False,0.643219111969112
5_campaign,493,KNN,0.02,4,anomalous,False,0.6743082368082368
5_campaign,500,KNN,0.02,0,clusters,True,0.7003297940797941
5_campaign,440,KNN,0.02,1,clusters,True,0.6563700447507029
5_campaign,436,KNN,0.02,2,clusters,True,0.7648809523809523
5_campaign,500,KNN,0.02,3,clusters,True,0.6433397683397684
5_campaign,438,KNN,0.02,4,clusters,True,0.6860521235521235
5_campaign,500,KNN,0.02,0,clusters,False,0.7003297940797941
5_campaign,499,KNN,0.02,1,clusters,False,0.6798146608055127
5_campaign,499,KNN,0.02,2,clusters,False,0.7273970398970399
5_campaign,500,KNN,0.02,3,clusters,False,0.6433397683397684
5_campaign,498,KNN,0.02,4,clusters,False,0.673302767052767
5_campaign,462,IForest,0.02,0,random,True,0.7219272844272844
5_campaign,474,IForest,0.02,1,random,True,0.6787849986139163
5_campaign,417,IForest,0.02,2,random,True,0.7687017374517375
5_campaign,500,IForest,0.02,3,random,True,0.633043758043758
5_campaign,419,IForest,0.02,4,random,True,0.6878619691119691
5_campaign,498,IForest,0.02,0,random,False,0.6610360360360361
5_campaign,499,IForest,0.02,1,random,False,0.6627460298602036
5_campaign,498,IForest,0.02,2,random,False,0.7482303732303732
5_campaign,500,IForest,0.02,3,random,False,0.6312339124839125
5_campaign,499,IForest,0.02,4,random,False,0.6832368082368083
5_campaign,473,IForest,0.02,0,uncertainty,True,0.7286438223938224
5_campaign,208,IForest,0.02,1,uncertainty,True,0.6752999881192824
5_campaign,500,IForest,0.02,2,uncertainty,True,0.7436052123552124
5_campaign,209,IForest,0.02,3,uncertainty,True,0.6383928571428571
5_campaign,287,IForest,0.02,4,uncertainty,True,0.6889880952380952
5_campaign,499,IForest,0.02,0,uncertainty,False,0.7011341698841699
5_campaign,499,IForest,0.02,1,uncertainty,False,0.6534394677438518
5_campaign,499,IForest,0.02,2,uncertainty,False,0.7458172458172458
5_campaign,497,IForest,0.02,3,uncertainty,False,0.6202541827541828
5_campaign,498,IForest,0.02,4,uncertainty,False,0.6618404118404119
5_campaign,377,IForest,0.02,0,anomalous,True,0.6944980694980694
5_campaign,384,IForest,0.02,1,anomalous,True,0.6800522751574194
5_campaign,360,IForest,0.02,2,anomalous,True,0.7856338481338482
5_campaign,294,IForest,0.02,3,anomalous,True,0.6548423423423423
5_campaign,162,IForest,0.02,4,anomalous,True,0.6816280566280566
5_campaign,492,IForest,0.02,0,anomalous,False,0.7031048906048906
5_campaign,493,IForest,0.02,1,anomalous,False,0.657122490198408
5_campaign,495,IForest,0.02,2,anomalous,False,0.7774694337194338
5_campaign,495,IForest,0.02,3,anomalous,False,0.6348536036036035
5_campaign,492,IForest,0.02,4,anomalous,False,0.7060006435006435
5_campaign,500,IForest,0.02,0,clusters,True,0.6910392535392536
5_campaign,440,IForest,0.02,1,clusters,True,0.663538077699893
5_campaign,436,IForest,0.02,2,clusters,True,0.775096525096525
5_campaign,500,IForest,0.02,3,clusters,True,0.618484555984556
5_campaign,438,IForest,0.02,4,clusters,True,0.6841618404118404
5_campaign,500,IForest,0.02,0,clusters,False,0.674831081081081
5_campaign,499,IForest,0.02,1,clusters,False,0.676012831175003
5_campaign,499,IForest,0.02,2,clusters,False,0.7303330115830116
5_campaign,500,IForest,0.02,3,clusters,False,0.6214205276705277
5_campaign,498,IForest,0.02,4,clusters,False,0.6751930501930502
5_campaign,462,KNN,0.03,0,random,True,0.7021396396396397
5_campaign,432,KNN,0.03,1,random,True,0.6689636054017662
5_campaign,405,KNN,0.03,2,random,True,0.7423584298584298
5_campaign,500,KNN,0.03,3,random,True,0.6433397683397684
5_campaign,444,KNN,0.03,4,random,True,0.6827944015444015
5_campaign,497,KNN,0.03,0,random,False,0.699766731016731
5_campaign,498,KNN,0.03,1,random,False,0.6824680210684726
5_campaign,497,KNN,0.03,2,random,False,0.7289655727155727
5_campaign,500,KNN,0.03,3,random,False,0.6433397683397684
5_campaign,499,KNN,0.03,4,random,False,0.6734636422136422
5_campaign,264,KNN,0.03,0,uncertainty,True,0.699565637065637
5_campaign,397,KNN,0.03,1,uncertainty,True,0.6861510435230287
5_campaign,400,KNN,0.03,2,uncertainty,True,0.7390202702702703
5_campaign,348,KNN,0.03,3,uncertainty,True,0.6689591377091377
5_campaign,426,KNN,0.03,4,uncertainty,True,0.6979166666666666
5_campaign,493,KNN,0.03,0,uncertainty,False,0.7016167953667954
5_campaign,496,KNN,0.03,1,uncertainty,False,0.6819531899726743
5_campaign,495,KNN,0.03,2,uncertainty,False,0.732343951093951
5_campaign,492,KNN,0.03,3,uncertainty,False,0.6446669884169884
5_campaign,497,KNN,0.03,4,uncertainty,False,0.6742277992277992
5_campaign,301,KNN,0.03,0,anomalous,True,0.7215250965250964
5_campaign,411,KNN,0.03,1,anomalous,True,0.685913429171122
5_campaign,348,KNN,0.03,2,anomalous,True,0.737934362934363
5_campaign,269,KNN,0.03,3,anomalous,True,0.6899533462033463
5_campaign,379,KNN,0.03,4,anomalous,True,0.7024211711711713
5_campaign,491,KNN,0.03,0,anomalous,False,0.7002493564993566
5_campaign,495,KNN,0.03,1,anomalous,False,0.6807651182131401
5_campaign,495,KNN,0.03,2,anomalous,False,0.7291264478764479
5_campaign,492,KNN,0.03,3,anomalous,False,0.643018018018018
5_campaign,493,KNN,0.03,4,anomalous,False,0.6743082368082368
5_campaign,500,KNN,0.03,0,clusters,True,0.7003297940797941
5_campaign,405,KNN,0.03,1,clusters,True,0.6467862658904598
5_campaign,403,KNN,0.03,2,clusters,True,0.7700289575289575
5_campaign,500,KNN,0.03,3,clusters,True,0.6433397683397684
5_campaign,444,KNN,0.03,4,clusters,True,0.7000884813384813
5_campaign,500,KNN,0.03,0,clusters,False,0.7003297940797941
5_campaign,497,KNN,0.03,1,clusters,False,0.6782701675181181
5_campaign,497,KNN,0.03,2,clusters,False,0.7292471042471043
5_campaign,500,KNN,0.03,3,clusters,False,0.6433397683397684
5_campaign,497,KNN,0.03,4,clusters,False,0.6747506435006435
5_campaign,462,IForest,0.03,0,random,True,0.7029440154440154
5_campaign,432,IForest,0.03,1,random,True,0.6652409805552255
5_campaign,405,IForest,0.03,2,random,True,0.740990990990991
5_campaign,500,IForest,0.03,3,random,True,0.6272120334620335
5_campaign,444,IForest,0.03,4,random,True,0.6968307593307593
5_campaign,497,IForest,0.03,0,random,False,0.697836229086229
5_campaign,498,IForest,0.03,1,random,False,0.6492416141934972
5_campaign,497,IForest,0.03,2,random,False,0.7670929858429859
5_campaign,500,IForest,0.03,3,random,False,0.6488899613899615
5_campaign,499,IForest,0.03,4,random,False,0.6993645431145432
5_campaign,439,IForest,0.03,0,uncertainty,True,0.7113497425997426
5_campaign,402,IForest,0.03,1,uncertainty,True,0.6919329927527622
5_campaign,439,IForest,0.03,2,uncertainty,True,0.7819337194337195
5_campaign,377,IForest,0.03,3,uncertainty,True,0.7171412483912484
5_campaign,378,IForest,0.03,4,uncertainty,True,0.6681547619047619
5_campaign,500,IForest,0.03,0,uncertainty,False,0.7303732303732304
5_campaign,496,IForest,0.03,1,uncertainty,False,0.6668250762346046
5_campaign,498,IForest,0.03,2,uncertainty,False,0.7733268983268984
5_campaign,498,IForest,0.03,3,uncertainty,False,0.6685569498069498
5_campaign,497,IForest,0.03,4,uncertainty,False,0.6615588803088802
5_campaign,207,IForest,0.03,0,anomalous,True,0.6598294723294724
5_campaign,347,IForest,0.03,1,anomalous,True,0.6449249534671893
5_campaign,141,IForest,0.03,2,anomalous,True,0.7979810167310167
5_campaign,251,IForest,0.03,3,anomalous,True,0.6208574646074646
5_campaign,269,IForest,0.03,4,anomalous,True,0.6484475546975547
5_campaign,491,IForest,0.03,0,anomalous,False,0.6997667310167309
5_campaign,491,IForest,0.03,1,anomalous,False,0.658706585877787
5_campaign,493,IForest,0.03,2,anomalous,False,0.7690637065637066
5_campaign,494,IForest,0.03,3,anomalous,False,0.6328024453024453
5_campaign,491,IForest,0.03,4,anomalous,False,0.6789736164736164
5_campaign,500,IForest,0.03,0,clusters,True,0.6849259974259975
5_campaign,405,IForest,0.03,1,clusters,True,0.6448061462912359
5_campaign,403,IForest,0.03,2,clusters,True,0.7947635135135134
5_campaign,500,IForest,0.03,3,clusters,True,0.5925032175032175
5_campaign,444,IForest,0.03,4,clusters,True,0.6650579150579151
5_campaign,500,IForest,0.03,0,clusters,False,0.7101833976833977
5_campaign,497,IForest,0.03,1,clusters,False,0.6785473842620093
5_campaign,497,IForest,0.03,2,clusters,False,0.8053410553410554
5_campaign,500,IForest,0.03,3,clusters,False,0.6424147361647361
5_campaign,497,IForest,0.03,4,clusters,False,0.6608349420849421
5_campaign,468,KNN,0.04,0,random,True,0.7028635778635779
5_campaign,436,KNN,0.04,1,random,True,0.6750227713753911
5_campaign,430,KNN,0.04,2,random,True,0.7344755469755471
5_campaign,471,KNN,0.04,3,random,True,0.6362612612612613
5_campaign,450,KNN,0.04,4,random,True,0.6793355855855856
5_campaign,497,KNN,0.04,0,random,False,0.699766731016731
5_campaign,497,KNN,0.04,1,random,False,0.6823888162845037
5_campaign,497,KNN,0.04,2,random,False,0.7289655727155727
5_campaign,498,KNN,0.04,3,random,False,0.646476833976834
5_campaign,498,KNN,0.04,4,random,False,0.6733429858429858
5_campaign,283,KNN,0.04,0,uncertainty,True,0.7120736808236808
5_campaign,399,KNN,0.04,1,uncertainty,True,0.6875371272424855
5_campaign,361,KNN,0.04,2,uncertainty,True,0.7498793436293437
5_campaign,355,KNN,0.04,3,uncertainty,True,0.6729810167310167
5_campaign,366,KNN,0.04,4,uncertainty,True,0.7373712998712999
5_campaign,492,KNN,0.04,0,uncertainty,False,0.7020189832689834
5_campaign,494,KNN,0.04,1,uncertainty,False,0.6819531899726743
5_campaign,492,KNN,0.04,2,uncertainty,False,0.7333494208494208
5_campaign,490,KNN,0.04,3,uncertainty,False,0.646074646074646
5_campaign,494,KNN,0.04,4,uncertainty,False,0.6863738738738739
5_campaign,338,KNN,0.04,0,anomalous,True,0.7051158301158301
5_campaign,428,KNN,0.04,1,anomalous,True,0.6779533483822422
5_campaign,419,KNN,0.04,2,anomalous,True,0.7495173745173745
5_campaign,365,KNN,0.04,3,anomalous,True,0.6733429858429858
5_campaign,424,KNN,0.04,4,anomalous,True,0.6933719433719434
5_campaign,489,KNN,0.04,0,anomalous,False,0.7002091377091377
5_campaign,494,KNN,0.04,1,anomalous,False,0.6806067086452022
5_campaign,494,KNN,0.04,2,anomalous,False,0.729086229086229
5_campaign,492,KNN,0.04,3,anomalous,False,0.643018018018018
5_campaign,492,KNN,0.04,4,anomalous,False,0.6743082368082368
5_campaign,467,KNN,0.04,0,clusters,True,0.7050756113256114
5_campaign,416,KNN,0.04,1,clusters,True,0.6478555304740407
5_campaign,408,KNN,0.04,2,clusters,True,0.7705920205920206
5_campaign,474,KNN,0.04,3,clusters,True,0.6632882882882882
5_campaign,418,KNN,0.04,4,clusters,True,0.6901142213642215
5_campaign,498,KNN,0.04,0,clusters,False,0.7000482625482626
5_campaign,497,KNN,0.04,1,clusters,False,0.6782701675181181
5_campaign,496,KNN,0.04,2,clusters,False,0.7282416344916346
5_campaign,499,KNN,0.04,3,clusters,False,0.6434604247104246
5_campaign,496,KNN,0.04,4,clusters,False,0.6738658301158301
5_campaign,468,IForest,0.04,0,random,True,0.7304134491634491
5_campaign,436,IForest,0.04,1,random,True,0.7002890974614867
5_campaign,430,IForest,0.04,2,random,True,0.805019305019305
5_campaign,471,IForest,0.04,3,random,True,0.6572956885456885
5_campaign,450,IForest,0.04,4,random,True,0.6914816602316604
5_campaign,497,IForest,0.04,0,random,False,0.6749115186615187
5_campaign,497,IForest,0.04,1,random,False,0.674428735495624
5_campaign,497,IForest,0.04,2,random,False,0.7493967181467183
5_campaign,498,IForest,0.04,3,random,False,0.630550193050193
5_campaign,498,IForest,0.04,4,random,False,0.6827944015444015
5_campaign,435,IForest,0.04,0,uncertainty,True,0.6959861647361647
5_campaign,377,IForest,0.04,1,uncertainty,True,0.719219040830066
5_campaign,372,IForest,0.04,2,uncertainty,True,0.7829391891891891
5_campaign,435,IForest,0.04,3,uncertainty,True,0.6657014157014157
5_campaign,365,IForest,0.04,4,uncertainty,True,0.6920447232947233
5_campaign,499,IForest,0.04,0,uncertainty,False,0.6876206563706563
5_campaign,496,IForest,0.04,1,uncertainty,False,0.6823096115005346
5_campaign,494,IForest,0.04,2,uncertainty,False,0.7758204633204633
5_campaign,497,IForest,0.04,3,uncertainty,False,0.6275337837837838
5_campaign,496,IForest,0.04,4,uncertainty,False,0.6715331402831403
5_campaign,231,IForest,0.04,0,anomalous,True,0.7152107464607463
5_campaign,306,IForest,0.04,1,anomalous,True,0.6410043166607262
5_campaign,278,IForest,0.04,2,anomalous,True,0.8011583011583011
5_campaign,198,IForest,0.04,3,anomalous,True,0.6327622265122266
5_campaign,295,IForest,0.04,4,anomalous,True,0.6736245173745173
5_campaign,485,IForest,0.04,0,anomalous,False,0.6852075289575289
5_campaign,489,IForest,0.04,1,anomalous,False,0.6400934616450833
5_campaign,493,IForest,0.04,2,anomalous,False,0.7847892535392534
5_campaign,485,IForest,0.04,3,anomalous,False,0.6476029601029601
5_campaign,487,IForest,0.04,4,anomalous,False,0.6722570785070785
5_campaign,467,IForest,0.04,0,clusters,True,0.6971525096525097
5_campaign,416,IForest,0.04,1,clusters,True,0.643895291275593
5_campaign,408,IForest,0.04,2,clusters,True,0.7989060489060489
5_campaign,474,IForest,0.04,3,clusters,True,0.655284749034749
5_campaign,418,IForest,0.04,4,clusters,True,0.6609555984555984
5_campaign,498,IForest,0.04,0,clusters,False,0.6770431145431145
5_campaign,497,IForest,0.04,1,clusters,False,0.6703496891212231
5_campaign,496,IForest,0.04,2,clusters,False,0.7865186615186615
5_campaign,499,IForest,0.04,3,clusters,False,0.6157898970398971
5_campaign,496,IForest,0.04,4,clusters,False,0.7016570141570142
5_campaign,455,KNN,0.06,0,random,True,0.7013352638352639
5_campaign,460,KNN,0.06,1,random,True,0.6785473842620093
5_campaign,453,KNN,0.06,2,random,True,0.7408703346203346
5_campaign,476,KNN,0.06,3,random,True,0.6381113256113257
5_campaign,433,KNN,0.06,4,random,True,0.6694819819819819
5_campaign,496,KNN,0.06,0,random,False,0.6996058558558559
5_campaign,497,KNN,0.06,1,random,False,0.6823888162845037
5_campaign,496,KNN,0.06,2,random,False,0.7289655727155727
5_campaign,498,KNN,0.06,3,random,False,0.646476833976834
5_campaign,496,KNN,0.06,4,random,False,0.6726190476190476
5_campaign,324,KNN,0.06,0,uncertainty,True,0.7201174388674388
5_campaign,379,KNN,0.06,1,uncertainty,True,0.6817155756207676
5_campaign,298,KNN,0.06,2,uncertainty,True,0.7632319819819819
5_campaign,363,KNN,0.06,3,uncertainty,True,0.6658622908622909
5_campaign,372,KNN,0.06,4,uncertainty,True,0.732545045045045
5_campaign,489,KNN,0.06,0,uncertainty,False,0.7016972329472331
5_campaign,489,KNN,0.06,1,uncertainty,False,0.6823888162845035
5_campaign,487,KNN,0.06,2,uncertainty,False,0.7395431145431146
5_campaign,488,KNN,0.06,3,uncertainty,False,0.6461550836550837
5_campaign,492,KNN,0.06,4,uncertainty,False,0.6871782496782497
5_campaign,369,KNN,0.06,0,anomalous,True,0.7075691763191763
5_campaign,405,KNN,0.06,1,anomalous,True,0.6755772048631736
5_campaign,389,KNN,0.06,2,anomalous,True,0.7368484555984557
5_campaign,398,KNN,0.06,3,anomalous,True,0.650096525096525
5_campaign,421,KNN,0.06,4,anomalous,True,0.6861325611325612
5_campaign,484,KNN,0.06,0,anomalous,False,0.7011341698841699
5_campaign,491,KNN,0.06,1,anomalous,False,0.6804879014692488
5_campaign,491,KNN,0.06,2,anomalous,False,0.728925353925354
5_campaign,488,KNN,0.06,3,anomalous,False,0.6429375804375804
5_campaign,489,KNN,0.06,4,anomalous,False,0.674670205920206
5_campaign,460,KNN,0.06,0,clusters,True,0.7119530244530246
5_campaign,441,KNN,0.06,1,clusters,True,0.6763692527028632
5_campaign,417,KNN,0.06,2,clusters,True,0.7673342985842986
5_campaign,472,KNN,0.06,3,clusters,True,0.6460344272844273
5_campaign,435,KNN,0.06,4,clusters,True,0.6966296653796653
5_campaign,497,KNN,0.06,0,clusters,False,0.6998471685971687
5_campaign,496,KNN,0.06,1,clusters,False,0.6797354560215436
5_campaign,494,KNN,0.06,2,clusters,False,0.73371138996139
5_campaign,498,KNN,0.06,3,clusters,False,0.6431386743886742
5_campaign,495,KNN,0.06,4,clusters,False,0.6737853925353926
5_campaign,455,IForest,0.06,0,random,True,0.6819900257400258
5_campaign,460,IForest,0.06,1,random,True,0.6642509207556136
5_campaign,453,IForest,0.06,2,random,True,0.8113738738738739
5_campaign,476,IForest,0.06,3,random,True,0.6545608108108109
5_campaign,433,IForest,0.06,4,random,True,0.722570785070785
5_campaign,496,IForest,0.06,0,random,False,0.6788931788931789
5_campaign,497,IForest,0.06,1,random,False,0.6492416141934972
5_campaign,496,IForest,0.06,2,random,False,0.7337516087516088
5_campaign,498,IForest,0.06,3,random,False,0.617318211068211
5_campaign,496,IForest,0.06,4,random,False,0.6784507722007721
5_campaign,435,IForest,0.06,0,uncertainty,True,0.7158944658944659
5_campaign,357,IForest,0.06,1,uncertainty,True,0.6972793156706665
5_campaign,423,IForest,0.06,2,uncertainty,True,0.7420768983268983
5_campaign,392,IForest,0.06,3,uncertainty,True,0.6398005148005148
5_campaign,431,IForest,0.06,4,uncertainty,True,0.6601110038610039
5_campaign,497,IForest,0.06,0,uncertainty,False,0.7013352638352639
5_campaign,496,IForest,0.06,1,uncertainty,False,0.6403310759969902
5_campaign,492,IForest,0.06,2,uncertainty,False,0.7627895752895753
5_campaign,493,IForest,0.06,3,uncertainty,False,0.6294240669240669
5_campaign,494,IForest,0.06,4,uncertainty,False,0.6743886743886743
5_campaign,328,IForest,0.06,0,anomalous,True,0.7096605534105533
5_campaign,440,IForest,0.06,1,anomalous,True,0.6782305651261336
5_campaign,250,IForest,0.06,2,anomalous,True,0.7600144787644788
5_campaign,169,IForest,0.06,3,anomalous,True,0.642816924066924
5_campaign,352,IForest,0.06,4,anomalous,True,0.6991634491634492
5_campaign,484,IForest,0.06,0,anomalous,False,0.69614703989704
5_campaign,489,IForest,0.06,1,anomalous,False,0.6432616530038414
5_campaign,489,IForest,0.06,2,anomalous,False,0.7487532175032175
5_campaign,483,IForest,0.06,3,anomalous,False,0.6477236164736164
5_campaign,485,IForest,0.06,4,anomalous,False,0.6875402187902188
5_campaign,460,IForest,0.06,0,clusters,True,0.707046332046332
5_campaign,441,IForest,0.06,1,clusters,True,0.6755376024711892
5_campaign,417,IForest,0.06,2,clusters,True,0.7612210424710425
5_campaign,472,IForest,0.06,3,clusters,True,0.6665057915057915
5_campaign,435,IForest,0.06,4,clusters,True,0.6741473616473616
5_campaign,497,IForest,0.06,0,clusters,False,0.6998471685971686
5_campaign,496,IForest,0.06,1,clusters,False,0.6954972080313652
5_campaign,494,IForest,0.06,2,clusters,False,0.786800193050193
5_campaign,498,IForest,0.06,3,clusters,False,0.6550032175032174
5_campaign,495,IForest,0.06,4,clusters,False,0.6541184041184042
5_campaign,466,KNN,0.08,0,random,True,0.7001287001287001
5_campaign,466,KNN,0.08,1,random,True,0.6855570076432617
5_campaign,456,KNN,0.08,2,random,True,0.7386180823680824
5_campaign,479,KNN,0.08,3,random,True,0.643782175032175
5_campaign,427,KNN,0.08,4,random,True,0.6955035392535392
5_campaign,495,KNN,0.08,0,random,False,0.699404761904762
5_campaign,496,KNN,0.08,1,random,False,0.6823888162845037
5_campaign,495,KNN,0.08,2,random,False,0.7287242599742599
5_campaign,496,KNN,0.08,3,random,False,0.6467583655083655
5_campaign,492,KNN,0.08,4,random,False,0.679818211068211
5_campaign,378,KNN,0.08,0,uncertainty,True,0.7230534105534105
5_campaign,366,KNN,0.08,1,uncertainty,True,0.6682903647380302
5_campaign,358,KNN,0.08,2,uncertainty,True,0.7737693050193051
5_campaign,370,KNN,0.08,3,uncertainty,True,0.6598294723294724
5_campaign,388,KNN,0.08,4,uncertainty,True,0.726994851994852
5_campaign,488,KNN,0.08,0,uncertainty,False,0.7018983268983269
5_campaign,485,KNN,0.08,1,uncertainty,False,0.6860718387390599
5_campaign,484,KNN,0.08,2,uncertainty,False,0.7399453024453024
5_campaign,484,KNN,0.08,3,uncertainty,False,0.646074646074646
5_campaign,490,KNN,0.08,4,uncertainty,False,0.6870978120978121
5_campaign,341,KNN,0.08,0,anomalous,True,0.725667631917632
5_campaign,436,KNN,0.08,1,anomalous,True,0.6821512019325967
5_campaign,404,KNN,0.08,2,anomalous,True,0.7282818532818534
5_campaign,331,KNN,0.08,3,anomalous,True,0.6624436936936937
5_campaign,432,KNN,0.08,4,anomalous,True,0.7012548262548263
5_campaign,480,KNN,0.08,0,anomalous,False,0.7023407335907336
5_campaign,489,KNN,0.08,1,anomalous,False,0.6817947804047364
5_campaign,489,KNN,0.08,2,anomalous,False,0.7296492921492921
5_campaign,481,KNN,0.08,3,anomalous,False,0.6427767052767053
5_campaign,487,KNN,0.08,4,anomalous,False,0.674670205920206
5_campaign,446,KNN,0.08,0,clusters,True,0.7082931145431145
5_campaign,449,KNN,0.08,1,clusters,True,0.675181180943329
5_campaign,455,KNN,0.08,2,clusters,True,0.7538207850707851
5_campaign,467,KNN,0.08,3,clusters,True,0.6473616473616474
5_campaign,439,KNN,0.08,4,clusters,True,0.6955839768339768
5_campaign,495,KNN,0.08,0,clusters,False,0.7010135135135136
5_campaign,496,KNN,0.08,1,clusters,False,0.6842105263157894
5_campaign,495,KNN,0.08,2,clusters,False,0.7341940154440155
5_campaign,496,KNN,0.08,3,clusters,False,0.6431386743886742
5_campaign,495,KNN,0.08,4,clusters,False,0.6737853925353926
5_campaign,466,IForest,0.08,0,random,True,0.7014559202059202
5_campaign,466,IForest,0.08,1,random,True,0.655379984951091
5_campaign,456,IForest,0.08,2,random,True,0.7877252252252253
5_campaign,479,IForest,0.08,3,random,True,0.6595479407979408
5_campaign,427,IForest,0.08,4,random,True,0.6990830115830116
5_campaign,495,IForest,0.08,0,random,False,0.6937339124839124
5_campaign,496,IForest,0.08,1,random,False,0.6744287354956239
5_campaign,495,IForest,0.08,2,random,False,0.7590894465894467
5_campaign,496,IForest,0.08,3,random,False,0.6223857786357787
5_campaign,492,IForest,0.08,4,random,False,0.6949002574002574
5_campaign,458,IForest,0.08,0,uncertainty,True,0.704753861003861
5_campaign,389,IForest,0.08,1,uncertainty,True,0.6910617401291038
5_campaign,391,IForest,0.08,2,uncertainty,True,0.8080357142857142
5_campaign,416,IForest,0.08,3,uncertainty,True,0.6456322393822393
5_campaign,425,IForest,0.08,4,uncertainty,True,0.7007722007722007
5_campaign,494,IForest,0.08,0,uncertainty,False,0.6800595238095238
5_campaign,490,IForest,0.08,1,uncertainty,False,0.6985069898221853
5_campaign,491,IForest,0.08,2,uncertainty,False,0.7436052123552123
5_campaign,489,IForest,0.08,3,uncertainty,False,0.6063787001287001
5_campaign,494,IForest,0.08,4,uncertainty,False,0.6720157657657658
5_campaign,368,IForest,0.08,0,anomalous,True,0.7074887387387387
5_campaign,384,IForest,0.08,1,anomalous,True,0.6553403825591066
5_campaign,380,IForest,0.08,2,anomalous,True,0.7993886743886744
5_campaign,346,IForest,0.08,3,anomalous,True,0.6531531531531533
5_campaign,341,IForest,0.08,4,anomalous,True,0.6959459459459459
5_campaign,479,IForest,0.08,0,anomalous,False,0.6558478120978121
5_campaign,486,IForest,0.08,1,anomalous,False,0.6491228070175438
5_campaign,483,IForest,0.08,2,anomalous,False,0.7806467181467182
5_campaign,480,IForest,0.08,3,anomalous,False,0.6732625482625483
5_campaign,483,IForest,0.08,4,anomalous,False,0.6858108108108109
5_campaign,446,IForest,0.08,0,clusters,True,0.7073278635778636
5_campaign,449,IForest,0.08,1,clusters,True,0.6943091362718308
5_campaign,455,IForest,0.08,2,clusters,True,0.7825370012870013
5_campaign,467,IForest,0.08,3,clusters,True,0.6409266409266409
5_campaign,439,IForest,0.08,4,clusters,True,0.6702863577863578
5_campaign,495,IForest,0.08,0,clusters,False,0.6867760617760618
5_campaign,496,IForest,0.08,1,clusters,False,0.6938339075680171
5_campaign,495,IForest,0.08,2,clusters,False,0.7512467824967825
5_campaign,496,IForest,0.08,3,clusters,False,0.6178812741312741
5_campaign,495,IForest,0.08,4,clusters,False,0.7129584942084942
5_campaign,440,KNN,0.1,0,random,True,0.6981177606177605
5_campaign,460,KNN,0.1,1,random,True,0.6855174052512772
5_campaign,459,KNN,0.1,2,random,True,0.7380952380952381
5_campaign,482,KNN,0.1,3,random,True,0.6436212998712999
5_campaign,429,KNN,0.1,4,random,True,0.7024613899613901
5_campaign,492,KNN,0.1,0,random,False,0.6998471685971687
5_campaign,494,KNN,0.1,1,random,False,0.6824284186764881
5_campaign,494,KNN,0.1,2,random,False,0.7287242599742599
5_campaign,496,KNN,0.1,3,random,False,0.6467583655083655
5_campaign,491,KNN,0.1,4,random,False,0.679818211068211
5_campaign,384,KNN,0.1,0,uncertainty,True,0.725265444015444
5_campaign,375,KNN,0.1,1,uncertainty,True,0.6705080986891607
5_campaign,378,KNN,0.1,2,uncertainty,True,0.7661277348777349
5_campaign,384,KNN,0.1,3,uncertainty,True,0.6618806306306306
5_campaign,406,KNN,0.1,4,uncertainty,True,0.7105855855855856
5_campaign,485,KNN,0.1,0,uncertainty,False,0.7025418275418276
5_campaign,482,KNN,0.1,1,uncertainty,False,0.6862698506989822
5_campaign,483,KNN,0.1,2,uncertainty,False,0.7399453024453024
5_campaign,482,KNN,0.1,3,uncertainty,False,0.646074646074646
5_campaign,489,KNN,0.1,4,uncertainty,False,0.687298906048906
5_campaign,334,KNN,0.1,0,anomalous,True,0.7188304375804375
5_campaign,415,KNN,0.1,1,anomalous,True,0.6837749000039602
5_campaign,396,KNN,0.1,2,anomalous,True,0.749235842985843
5_campaign,368,KNN,0.1,3,anomalous,True,0.682110682110682
5_campaign,390,KNN,0.1,4,anomalous,True,0.7124356499356499
5_campaign,476,KNN,0.1,0,anomalous,False,0.7025820463320464
5_campaign,485,KNN,0.1,1,anomalous,False,0.6823888162845035
5_campaign,485,KNN,0.1,2,anomalous,False,0.7300112612612613
5_campaign,478,KNN,0.1,3,anomalous,False,0.6459539897039897
5_campaign,483,KNN,0.1,4,anomalous,False,0.6868564993564993
5_campaign,454,KNN,0.1,0,clusters,True,0.707810489060489
5_campaign,446,KNN,0.1,1,clusters,True,0.6846857550196032
5_campaign,459,KNN,0.1,2,clusters,True,0.7479890604890604
5_campaign,486,KNN,0.1,3,clusters,True,0.6424147361647361
5_campaign,452,KNN,0.1,4,clusters,True,0.6943371943371943
5_campaign,495,KNN,0.1,0,clusters,False,0.7010135135135136
5_campaign,494,KNN,0.1,1,clusters,False,0.6846065502356343
5_campaign,494,KNN,0.1,2,clusters,False,0.7341537966537967
5_campaign,497,KNN,0.1,3,clusters,False,0.6433397683397684
5_campaign,495,KNN,0.1,4,clusters,False,0.6736647361647362
5_campaign,440,IForest,0.1,0,random,True,0.6962274774774775
5_campaign,460,IForest,0.1,1,random,True,0.6514593481446279
5_campaign,459,IForest,0.1,2,random,True,0.7741714929214929
5_campaign,482,IForest,0.1,3,random,True,0.646879021879022
5_campaign,429,IForest,0.1,4,random,True,0.7161759974259975
5_campaign,492,IForest,0.1,0,random,False,0.6812258687258688
5_campaign,494,IForest,0.1,1,random,False,0.6924082214565759
5_campaign,494,IForest,0.1,2,random,False,0.7510859073359073
5_campaign,496,IForest,0.1,3,random,False,0.6342905405405405
5_campaign,491,IForest,0.1,4,random,False,0.6881837194337194
5_campaign,397,IForest,0.1,0,uncertainty,True,0.7152509652509653
5_campaign,402,IForest,0.1,1,uncertainty,True,0.7122886222327828
5_campaign,411,IForest,0.1,2,uncertainty,True,0.8090411840411841
5_campaign,405,IForest,0.1,3,uncertainty,True,0.6427767052767053
5_campaign,355,IForest,0.1,4,uncertainty,True,0.7048342985842986
5_campaign,492,IForest,0.1,0,uncertainty,False,0.6946991634491634
5_campaign,491,IForest,0.1,1,uncertainty,False,0.655300780167122
5_campaign,488,IForest,0.1,2,uncertainty,False,0.7286840411840412
5_campaign,489,IForest,0.1,3,uncertainty,False,0.647240990990991
5_campaign,492,IForest,0.1,4,uncertainty,False,0.7011341698841699
5_campaign,370,IForest,0.1,0,anomalous,True,0.7228925353925354
5_campaign,424,IForest,0.1,1,anomalous,True,0.6417171597164468
5_campaign,420,IForest,0.1,2,anomalous,True,0.7515283140283141
5_campaign,379,IForest,0.1,3,anomalous,True,0.6272522522522523
5_campaign,375,IForest,0.1,4,anomalous,True,0.7357625482625482
5_campaign,479,IForest,0.1,0,anomalous,False,0.688465250965251
5_campaign,483,IForest,0.1,1,anomalous,False,0.6665874618826977
5_campaign,482,IForest,0.1,2,anomalous,False,0.7840250965250966
5_campaign,477,IForest,0.1,3,anomalous,False,0.6197313384813385
5_campaign,479,IForest,0.1,4,anomalous,False,0.7155324967824968
5_campaign,454,IForest,0.1,0,clusters,True,0.7060408622908624
5_campaign,446,IForest,0.1,1,clusters,True,0.6771216981505683
5_campaign,459,IForest,0.1,2,clusters,True,0.8142696267696268
5_campaign,486,IForest,0.1,3,clusters,True,0.6280164092664093
5_campaign,452,IForest,0.1,4,clusters,True,0.6992841055341055
5_campaign,495,IForest,0.1,0,clusters,False,0.7126769626769627
5_campaign,494,IForest,0.1,1,clusters,False,0.636568848758465
5_campaign,494,IForest,0.1,2,clusters,False,0.7660070785070785
5_campaign,497,IForest,0.1,3,clusters,False,0.6478040540540541
5_campaign,495,IForest,0.1,4,clusters,False,0.6700048262548262
5_campaign,449,KNN,0.15,0,random,True,0.7054375804375804
5_campaign,457,KNN,0.15,1,random,True,0.6822304067165657
5_campaign,477,KNN,0.15,2,random,True,0.7396637709137709
5_campaign,483,KNN,0.15,3,random,True,0.6488095238095238
5_campaign,445,KNN,0.15,4,random,True,0.6868967181467182
5_campaign,489,KNN,0.15,0,random,False,0.7000482625482627
5_campaign,492,KNN,0.15,1,random,False,0.684170923923805
5_campaign,494,KNN,0.15,2,random,False,0.7287242599742599
5_campaign,494,KNN,0.15,3,random,False,0.6470398970398971
5_campaign,489,KNN,0.15,4,random,False,0.6805421492921493
5_campaign,395,KNN,0.15,0,uncertainty,True,0.7095398970398971
5_campaign,384,KNN,0.15,1,uncertainty,True,0.6783889746940716
5_campaign,407,KNN,0.15,2,uncertainty,True,0.7543034105534107
5_campaign,408,KNN,0.15,3,uncertainty,True,0.6564108751608752
5_campaign,417,KNN,0.15,4,uncertainty,True,0.7117921492921493
5_campaign,480,KNN,0.15,0,uncertainty,False,0.7020994208494209
5_campaign,478,KNN,0.15,1,uncertainty,False,0.6860322363470753
5_campaign,480,KNN,0.15,2,uncertainty,False,0.7393420205920206
5_campaign,479,KNN,0.15,3,uncertainty,False,0.6461953024453024
5_campaign,484,KNN,0.15,4,uncertainty,False,0.6866151866151867
5_campaign,371,KNN,0.15,0,anomalous,True,0.7078507078507078
5_campaign,406,KNN,0.15,1,anomalous,True,0.6817947804047364
5_campaign,378,KNN,0.15,2,anomalous,True,0.7582046332046333
5_campaign,392,KNN,0.15,3,anomalous,True,0.6599501287001288
5_campaign,399,KNN,0.15,4,anomalous,True,0.7203587516087517
5_campaign,473,KNN,0.15,0,anomalous,False,0.702260296010296
5_campaign,477,KNN,0.15,1,anomalous,False,0.6866262722268426
5_campaign,476,KNN,0.15,2,anomalous,False,0.7393420205920206
5_campaign,473,KNN,0.15,3,anomalous,False,0.6461953024453024
5_campaign,478,KNN,0.15,4,anomalous,False,0.6873391248391248
5_campaign,473,KNN,0.15,0,clusters,True,0.7028233590733591
5_campaign,460,KNN,0.15,1,clusters,True,0.6844085382757118
5_campaign,463,KNN,0.15,2,clusters,True,0.7453748391248392
5_campaign,465,KNN,0.15,3,clusters,True,0.6416505791505791
5_campaign,472,KNN,0.15,4,clusters,True,0.6944578507078507
5_campaign,494,KNN,0.15,0,clusters,False,0.7011743886743887
5_campaign,492,KNN,0.15,1,clusters,False,0.6846857550196032
5_campaign,492,KNN,0.15,2,clusters,False,0.738296332046332
5_campaign,493,KNN,0.15,3,clusters,False,0.6421734234234234
5_campaign,495,KNN,0.15,4,clusters,False,0.6736647361647362
5_campaign,449,IForest,0.15,0,random,True,0.7331081081081081
5_campaign,457,IForest,0.15,1,random,True,0.636648053542434
5_campaign,477,IForest,0.15,2,random,True,0.8120978120978122
5_campaign,483,IForest,0.15,3,random,True,0.628096846846847
5_campaign,445,IForest,0.15,4,random,True,0.6940958815958815
5_campaign,489,IForest,0.15,0,random,False,0.7000482625482626
5_campaign,492,IForest,0.15,1,random,False,0.6715377608807572
5_campaign,494,IForest,0.15,2,random,False,0.7713963963963963
5_campaign,494,IForest,0.15,3,random,False,0.6850868725868725
5_campaign,489,IForest,0.15,4,random,False,0.6680341055341056
5_campaign,446,IForest,0.15,0,uncertainty,True,0.6926480051480053
5_campaign,393,IForest,0.15,1,uncertainty,True,0.664528137499505
5_campaign,369,IForest,0.15,2,uncertainty,True,0.8032496782496782
5_campaign,426,IForest,0.15,3,uncertainty,True,0.6821509009009009
5_campaign,388,IForest,0.15,4,uncertainty,True,0.7046332046332047
5_campaign,488,IForest,0.15,0,uncertainty,False,0.6727799227799228
5_campaign,484,IForest,0.15,1,uncertainty,False,0.6446081343313136
5_campaign,484,IForest,0.15,2,uncertainty,False,0.769546332046332
5_campaign,482,IForest,0.15,3,uncertainty,False,0.6080678893178892
5_campaign,484,IForest,0.15,4,uncertainty,False,0.6618001930501931
5_campaign,393,IForest,0.15,0,anomalous,True,0.7347168597168597
5_campaign,369,IForest,0.15,1,anomalous,True,0.6993782424458437
5_campaign,388,IForest,0.15,2,anomalous,True,0.7918275418275419
5_campaign,389,IForest,0.15,3,anomalous,True,0.6643741956241955
5_campaign,359,IForest,0.15,4,anomalous,True,0.7435649935649936
5_campaign,476,IForest,0.15,0,anomalous,False,0.6917229729729729
5_campaign,476,IForest,0.15,1,anomalous,False,0.648053542433963
5_campaign,477,IForest,0.15,2,anomalous,False,0.7897763835263836
5_campaign,475,IForest,0.15,3,anomalous,False,0.6735440797940798
5_campaign,479,IForest,0.15,4,anomalous,False,0.707046332046332
5_campaign,473,IForest,0.15,0,clusters,True,0.6950611325611326
5_campaign,460,IForest,0.15,1,clusters,True,0.6737554948318878
5_campaign,463,IForest,0.15,2,clusters,True,0.7735279922779923
5_campaign,465,IForest,0.15,3,clusters,True,0.648769305019305
5_campaign,472,IForest,0.15,4,clusters,True,0.6721364221364221
5_campaign,494,IForest,0.15,0,clusters,False,0.7198761261261262
5_campaign,492,IForest,0.15,1,clusters,False,0.6494792285454041
5_campaign,492,IForest,0.15,2,clusters,False,0.7703104890604889
5_campaign,493,IForest,0.15,3,clusters,False,0.6124919562419562
5_campaign,495,IForest,0.15,4,clusters,False,0.6837194337194338
5_campaign,452,KNN,0.2,0,random,True,0.7037483912483913
5_campaign,458,KNN,0.2,1,random,True,0.6848045621955565
5_campaign,469,KNN,0.2,2,random,True,0.7393822393822395
5_campaign,471,KNN,0.2,3,random,True,0.6456322393822393
5_campaign,450,KNN,0.2,4,random,True,0.690596846846847
5_campaign,485,KNN,0.2,0,random,False,0.7001689189189191
5_campaign,490,KNN,0.2,1,random,False,0.6842897310997584
5_campaign,492,KNN,0.2,2,random,False,0.7335907335907336
5_campaign,488,KNN,0.2,3,random,False,0.6457528957528957
5_campaign,488,KNN,0.2,4,random,False,0.6805019305019305
5_campaign,439,KNN,0.2,0,uncertainty,True,0.7152509652509652
5_campaign,373,KNN,0.2,1,uncertainty,True,0.6476179161221337
5_campaign,443,KNN,0.2,2,uncertainty,True,0.7505630630630631
5_campaign,417,KNN,0.2,3,uncertainty,True,0.6603925353925353
5_campaign,416,KNN,0.2,4,uncertainty,True,0.6994851994851994
5_campaign,477,KNN,0.2,0,uncertainty,False,0.7016570141570143
5_campaign,474,KNN,0.2,1,uncertainty,False,0.6864678626589046
5_campaign,476,KNN,0.2,2,uncertainty,False,0.7377734877734877
5_campaign,475,KNN,0.2,3,uncertainty,False,0.6452702702702702
5_campaign,478,KNN,0.2,4,uncertainty,False,0.6837596525096525
5_campaign,424,KNN,0.2,0,anomalous,True,0.7153716216216216
5_campaign,410,KNN,0.2,1,anomalous,True,0.68492336937151
5_campaign,411,KNN,0.2,2,anomalous,True,0.7471042471042472
5_campaign,412,KNN,0.2,3,anomalous,True,0.6563706563706563
5_campaign,414,KNN,0.2,4,anomalous,True,0.7160955598455598
5_campaign,473,KNN,0.2,0,anomalous,False,0.702260296010296
5_campaign,475,KNN,0.2,1,anomalous,False,0.6863490554829512
5_campaign,474,KNN,0.2,2,anomalous,False,0.7377734877734877
5_campaign,471,KNN,0.2,3,anomalous,False,0.6453104890604889
5_campaign,475,KNN,0.2,4,anomalous,False,0.6852477477477478
5_campaign,463,KNN,0.2,0,clusters,True,0.7017776705276706
5_campaign,463,KNN,0.2,1,clusters,True,0.6849629717634945
5_campaign,461,KNN,0.2,2,clusters,True,0.7447715572715572
5_campaign,452,KNN,0.2,3,clusters,True,0.6416103603603602
5_campaign,466,KNN,0.2,4,clusters,True,0.7003297940797941
5_campaign,490,KNN,0.2,0,clusters,False,0.7011743886743886
5_campaign,491,KNN,0.2,1,clusters,False,0.6846065502356342
5_campaign,488,KNN,0.2,2,clusters,False,0.7388191763191764
5_campaign,486,KNN,0.2,3,clusters,False,0.6409266409266409
5_campaign,491,KNN,0.2,4,clusters,False,0.6786920849420849
5_campaign,452,IForest,0.2,0,random,True,0.7319015444015444
5_campaign,458,IForest,0.2,1,random,True,0.6792206249257454
5_campaign,469,IForest,0.2,2,random,True,0.7800032175032174
5_campaign,471,IForest,0.2,3,random,True,0.6421332046332047
5_campaign,450,IForest,0.2,4,random,True,0.6834379021879021
5_campaign,485,IForest,0.2,0,random,False,0.7037081724581725
5_campaign,490,IForest,0.2,1,random,False,0.6601322719892282
5_campaign,492,IForest,0.2,2,random,False,0.7609395109395111
5_campaign,488,IForest,0.2,3,random,False,0.6300675675675675
5_campaign,488,IForest,0.2,4,random,False,0.687298906048906
5_campaign,413,IForest,0.2,0,uncertainty,True,0.6938545688545688
5_campaign,414,IForest,0.2,1,uncertainty,True,0.6982297730782939
5_campaign,445,IForest,0.2,2,uncertainty,True,0.7896155083655084
5_campaign,438,IForest,0.2,3,uncertainty,True,0.6686373873873873
5_campaign,329,IForest,0.2,4,uncertainty,True,0.7048342985842985
5_campaign,482,IForest,0.2,0,uncertainty,False,0.7144465894465893
5_campaign,476,IForest,0.2,1,uncertainty,False,0.6532414557839293
5_campaign,480,IForest,0.2,2,uncertainty,False,0.7644787644787645
5_campaign,479,IForest,0.2,3,uncertainty,False,0.6451898326898328
5_campaign,478,IForest,0.2,4,uncertainty,False,0.7281611969111969
5_campaign,359,IForest,0.2,0,anomalous,True,0.6923664736164736
5_campaign,384,IForest,0.2,1,anomalous,True,0.717872559502594
5_campaign,390,IForest,0.2,2,anomalous,True,0.7900981338481339
5_campaign,418,IForest,0.2,3,anomalous,True,0.6291023166023166
5_campaign,372,IForest,0.2,4,anomalous,True,0.7075289575289575
5_campaign,472,IForest,0.2,0,anomalous,False,0.693251287001287
5_campaign,472,IForest,0.2,1,anomalous,False,0.6890024157459111
5_campaign,475,IForest,0.2,2,anomalous,False,0.7962918275418274
5_campaign,470,IForest,0.2,3,anomalous,False,0.6369851994851995
5_campaign,469,IForest,0.2,4,anomalous,False,0.7051560489060489
5_campaign,463,IForest,0.2,0,clusters,True,0.7033462033462033
5_campaign,463,IForest,0.2,1,clusters,True,0.6910617401291038
5_campaign,461,IForest,0.2,2,clusters,True,0.7826978764478765
5_campaign,452,IForest,0.2,3,clusters,True,0.6268500643500644
5_campaign,466,IForest,0.2,4,clusters,True,0.6743082368082368
5_campaign,490,IForest,0.2,0,clusters,False,0.6855694980694981
5_campaign,491,IForest,0.2,1,clusters,False,0.6782305651261336
5_campaign,488,IForest,0.2,2,clusters,False,0.7616232303732303
5_campaign,486,IForest,0.2,3,clusters,False,0.6486486486486487
5_campaign,491,IForest,0.2,4,clusters,False,0.6881435006435006
5_campaign,450,KNN,0.3,0,random,True,0.7025016087516088
5_campaign,458,KNN,0.3,1,random,True,0.679933467981466
5_campaign,464,KNN,0.3,2,random,True,0.7469433719433719
5_campaign,463,KNN,0.3,3,random,True,0.6445061132561133
5_campaign,456,KNN,0.3,4,random,True,0.6967101029601029
5_campaign,479,KNN,0.3,0,random,False,0.6999276061776063
5_campaign,482,KNN,0.3,1,random,False,0.6825472258524414
5_campaign,488,KNN,0.3,2,random,False,0.7320624195624196
5_campaign,482,KNN,0.3,3,random,False,0.6472812097812097
5_campaign,486,KNN,0.3,4,random,False,0.680019305019305
5_campaign,458,KNN,0.3,0,uncertainty,True,0.7109877734877735
5_campaign,438,KNN,0.3,1,uncertainty,True,0.681755178012752
5_campaign,451,KNN,0.3,2,uncertainty,True,0.7438063063063064
5_campaign,450,KNN,0.3,3,uncertainty,True,0.6679134491634492
5_campaign,440,KNN,0.3,4,uncertainty,True,0.7062017374517375
5_campaign,473,KNN,0.3,0,uncertainty,False,0.702260296010296
5_campaign,472,KNN,0.3,1,uncertainty,False,0.6856362124272306
5_campaign,474,KNN,0.3,2,uncertainty,False,0.7437258687258688
5_campaign,472,KNN,0.3,3,uncertainty,False,0.648206241956242
5_campaign,473,KNN,0.3,4,uncertainty,False,0.6835183397683398
5_campaign,435,KNN,0.3,0,anomalous,True,0.7123149935649936
5_campaign,450,KNN,0.3,1,anomalous,True,0.6892796324898024
5_campaign,440,KNN,0.3,2,anomalous,True,0.7561132561132561
5_campaign,413,KNN,0.3,3,anomalous,True,0.6619610682110683
5_campaign,418,KNN,0.3,4,anomalous,True,0.6989623552123553
5_campaign,468,KNN,0.3,0,anomalous,False,0.7018178893178895
5_campaign,473,KNN,0.3,1,anomalous,False,0.6867054770108114
5_campaign,470,KNN,0.3,2,anomalous,False,0.7399050836550837
5_campaign,467,KNN,0.3,3,anomalous,False,0.6445865508365508
5_campaign,468,KNN,0.3,4,anomalous,False,0.6848053410553411
5_campaign,467,KNN,0.3,0,clusters,True,0.7021798584298584
5_campaign,460,KNN,0.3,1,clusters,True,0.685755019603184
5_campaign,457,KNN,0.3,2,clusters,True,0.7477477477477477
5_campaign,448,KNN,0.3,3,clusters,True,0.6541586229086228
5_campaign,440,KNN,0.3,4,clusters,True,0.6936936936936937
5_campaign,483,KNN,0.3,0,clusters,False,0.7013754826254827
5_campaign,484,KNN,0.3,1,clusters,False,0.6838541047879292
5_campaign,484,KNN,0.3,2,clusters,False,0.7438465250965252
5_campaign,480,KNN,0.3,3,clusters,False,0.64128861003861
5_campaign,474,KNN,0.3,4,clusters,False,0.6831563706563707
5_campaign,450,IForest,0.3,0,random,True,0.7191119691119692
5_campaign,458,IForest,0.3,1,random,True,0.6824284186764882
5_campaign,464,IForest,0.3,2,random,True,0.7685408622908623
5_campaign,463,IForest,0.3,3,random,True,0.6687178249678248
5_campaign,456,IForest,0.3,4,random,True,0.685006435006435
5_campaign,479,IForest,0.3,0,random,False,0.7382158944658945
5_campaign,482,IForest,0.3,1,random,False,0.6880123559462991
5_campaign,488,IForest,0.3,2,random,False,0.7680582368082368
5_campaign,482,IForest,0.3,3,random,False,0.6286599099099098
5_campaign,486,IForest,0.3,4,random,False,0.6716135778635778
5_campaign,465,IForest,0.3,0,uncertainty,True,0.7053571428571429
5_campaign,423,IForest,0.3,1,uncertainty,True,0.6844481406676963
5_campaign,453,IForest,0.3,2,uncertainty,True,0.7778716216216216
5_campaign,435,IForest,0.3,3,uncertainty,True,0.6755550193050193
5_campaign,442,IForest,0.3,4,uncertainty,True,0.6862934362934362
5_campaign,476,IForest,0.3,0,uncertainty,False,0.6951013513513513
5_campaign,472,IForest,0.3,1,uncertainty,False,0.6989426161340145
5_campaign,473,IForest,0.3,2,uncertainty,False,0.7834218146718147
5_campaign,471,IForest,0.3,3,uncertainty,False,0.6224259974259975
5_campaign,469,IForest,0.3,4,uncertainty,False,0.673704954954955
5_campaign,432,IForest,0.3,0,anomalous,True,0.7140846203346204
5_campaign,380,IForest,0.3,1,anomalous,True,0.6955764128153341
5_campaign,438,IForest,0.3,2,anomalous,True,0.8032094594594594
5_campaign,425,IForest,0.3,3,anomalous,True,0.6475627413127413
5_campaign,394,IForest,0.3,4,anomalous,True,0.6843629343629344
5_campaign,467,IForest,0.3,0,anomalous,False,0.7029440154440155
5_campaign,462,IForest,0.3,1,anomalous,False,0.6644885351075205
5_campaign,469,IForest,0.3,2,anomalous,False,0.7937982625482626
5_campaign,465,IForest,0.3,3,anomalous,False,0.6406853281853282
5_campaign,470,IForest,0.3,4,anomalous,False,0.694417631917632
5_campaign,467,IForest,0.3,0,clusters,True,0.7171814671814671
5_campaign,460,IForest,0.3,1,clusters,True,0.6674191121143717
5_campaign,457,IForest,0.3,2,clusters,True,0.7992277992277993
5_campaign,448,IForest,0.3,3,clusters,True,0.643581081081081
5_campaign,440,IForest,0.3,4,clusters,True,0.7027831402831404
5_campaign,483,IForest,0.3,0,clusters,False,0.699967824967825
5_campaign,484,IForest,0.3,1,clusters,False,0.6748247594154687
5_campaign,484,IForest,0.3,2,clusters,False,0.7447715572715573
5_campaign,480,IForest,0.3,3,clusters,False,0.6489301801801801
5_campaign,474,IForest,0.3,4,clusters,False,0.6717342342342342
5_campaign,451,KNN,0.45,0,random,True,0.698841698841699
5_campaign,457,KNN,0.45,1,random,True,0.6797354560215437
5_campaign,460,KNN,0.45,2,random,True,0.7510456885456886
5_campaign,448,KNN,0.45,3,random,True,0.644184362934363
5_campaign,456,KNN,0.45,4,random,True,0.6847249034749033
5_campaign,472,KNN,0.45,0,random,False,0.7007722007722008
5_campaign,476,KNN,0.45,1,random,False,0.6824680210684726
5_campaign,480,KNN,0.45,2,random,False,0.7388593951093951
5_campaign,472,KNN,0.45,3,random,False,0.6461953024453024
5_campaign,478,KNN,0.45,4,random,False,0.6774453024453024
5_campaign,451,KNN,0.45,0,uncertainty,True,0.7159749034749036
5_campaign,433,KNN,0.45,1,uncertainty,True,0.677596926854382
5_campaign,448,KNN,0.45,2,uncertainty,True,0.7608992921492922
5_campaign,441,KNN,0.45,3,uncertainty,True,0.6615588803088803
5_campaign,450,KNN,0.45,4,uncertainty,True,0.7004906692406693
5_campaign,466,KNN,0.45,0,uncertainty,False,0.7043516731016731
5_campaign,463,KNN,0.45,1,uncertainty,False,0.6821908043245812
5_campaign,465,KNN,0.45,2,uncertainty,False,0.7429214929214929
5_campaign,464,KNN,0.45,3,uncertainty,False,0.649332368082368
5_campaign,468,KNN,0.45,4,uncertainty,False,0.6827541827541828
5_campaign,443,KNN,0.45,0,anomalous,True,0.7086148648648649
5_campaign,445,KNN,0.45,1,anomalous,True,0.6760920359589719
5_campaign,427,KNN,0.45,2,anomalous,True,0.7667712355212355
5_campaign,419,KNN,0.45,3,anomalous,True,0.664132882882883
5_campaign,419,KNN,0.45,4,anomalous,True,0.6882239382239382
5_campaign,459,KNN,0.45,0,anomalous,False,0.7009330759330759
5_campaign,464,KNN,0.45,1,anomalous,False,0.68492336937151
5_campaign,461,KNN,0.45,2,anomalous,False,0.7517696267696268
5_campaign,456,KNN,0.45,3,anomalous,False,0.6488497425997426
5_campaign,455,KNN,0.45,4,anomalous,False,0.6897120334620335
5_campaign,450,KNN,0.45,0,clusters,True,0.7076898326898328
5_campaign,455,KNN,0.45,1,clusters,True,0.6859926339550909
5_campaign,451,KNN,0.45,2,clusters,True,0.760537323037323
5_campaign,438,KNN,0.45,3,clusters,True,0.6530324967824968
5_campaign,446,KNN,0.45,4,clusters,True,0.6930099742599742
5_campaign,468,KNN,0.45,0,clusters,False,0.7009732947232947
5_campaign,470,KNN,0.45,1,clusters,False,0.6825868282444258
5_campaign,471,KNN,0.45,2,clusters,False,0.7454150579150579
5_campaign,464,KNN,0.45,3,clusters,False,0.644184362934363
5_campaign,466,KNN,0.45,4,clusters,False,0.68983268983269
5_campaign,451,IForest,0.45,0,random,True,0.6969111969111969
5_campaign,457,IForest,0.45,1,random,True,0.7069026969228942
5_campaign,460,IForest,0.45,2,random,True,0.8206241956241956
5_campaign,448,IForest,0.45,3,random,True,0.6517454954954954
5_campaign,456,IForest,0.45,4,random,True,0.6959861647361647
5_campaign,472,IForest,0.45,0,random,False,0.727557915057915
5_campaign,476,IForest,0.45,1,random,False,0.6665874618826977
5_campaign,480,IForest,0.45,2,random,False,0.7731660231660232
5_campaign,472,IForest,0.45,3,random,False,0.6500563063063063
5_campaign,478,IForest,0.45,4,random,False,0.7119530244530244
5_campaign,453,IForest,0.45,0,uncertainty,True,0.6990427927927928
5_campaign,424,IForest,0.45,1,uncertainty,True,0.7135955011682706
5_campaign,449,IForest,0.45,2,uncertainty,True,0.7804456241956242
5_campaign,434,IForest,0.45,3,uncertainty,True,0.6623632561132561
5_campaign,450,IForest,0.45,4,uncertainty,True,0.7111084298584298
5_campaign,472,IForest,0.45,0,uncertainty,False,0.7250241312741313
5_campaign,464,IForest,0.45,1,uncertainty,False,0.7060314442992356
5_campaign,466,IForest,0.45,2,uncertainty,False,0.8015604890604889
5_campaign,468,IForest,0.45,3,uncertainty,False,0.6584620334620335
5_campaign,465,IForest,0.45,4,uncertainty,False,0.6907175032175031
5_campaign,414,IForest,0.45,0,anomalous,True,0.7205196267696269
5_campaign,413,IForest,0.45,1,anomalous,True,0.6834580808680844
5_campaign,428,IForest,0.45,2,anomalous,True,0.7780727155727156
5_campaign,436,IForest,0.45,3,anomalous,True,0.679617117117117
5_campaign,434,IForest,0.45,4,anomalous,True,0.699203667953668
5_campaign,458,IForest,0.45,0,anomalous,False,0.7366875804375804
5_campaign,460,IForest,0.45,1,anomalous,False,0.6627460298602037
5_campaign,462,IForest,0.45,2,anomalous,False,0.7848294723294723
5_campaign,460,IForest,0.45,3,anomalous,False,0.6408462033462035
5_campaign,459,IForest,0.45,4,anomalous,False,0.6889478764478764
5_campaign,450,IForest,0.45,0,clusters,True,0.6747506435006435
5_campaign,455,IForest,0.45,1,clusters,True,0.6712209417448814
5_campaign,451,IForest,0.45,2,clusters,True,0.792189510939511
5_campaign,438,IForest,0.45,3,clusters,True,0.6577380952380952
5_campaign,446,IForest,0.45,4,clusters,True,0.7039092664092663
5_campaign,468,IForest,0.45,0,clusters,False,0.7166988416988417
5_campaign,470,IForest,0.45,1,clusters,False,0.6925270286325295
5_campaign,471,IForest,0.45,2,clusters,False,0.7910633848133848
5_campaign,464,IForest,0.45,3,clusters,False,0.6438626126126126
5_campaign,466,IForest,0.45,4,clusters,False,0.6720157657657657
5_campaign,447,KNN,0.7,0,random,True,0.7066039253539255
5_campaign,448,KNN,0.7,1,random,True,0.6798146608055126
5_campaign,452,KNN,0.7,2,random,True,0.7507239382239382
5_campaign,447,KNN,0.7,3,random,True,0.6447474259974261
5_campaign,456,KNN,0.7,4,random,True,0.6863336550836551
5_campaign,457,KNN,0.7,0,random,False,0.7038288288288288
5_campaign,461,KNN,0.7,1,random,False,0.6785077818700249
5_campaign,461,KNN,0.7,2,random,False,0.7519707207207207
5_campaign,460,KNN,0.7,3,random,False,0.6454713642213643
5_campaign,469,KNN,0.7,4,random,False,0.6840411840411841
5_campaign,441,KNN,0.7,0,uncertainty,True,0.7122747747747749
5_campaign,446,KNN,0.7,1,uncertainty,True,0.6793790344936834
5_campaign,439,KNN,0.7,2,uncertainty,True,0.7774292149292149
5_campaign,450,KNN,0.7,3,uncertainty,True,0.6618404118404119
5_campaign,443,KNN,0.7,4,uncertainty,True,0.6870575933075932
5_campaign,455,KNN,0.7,0,uncertainty,False,0.7053973616473617
5_campaign,457,KNN,0.7,1,uncertainty,False,0.6808047206051245
5_campaign,449,KNN,0.7,2,uncertainty,False,0.7596525096525095
5_campaign,457,KNN,0.7,3,uncertainty,False,0.6479247104247104
5_campaign,456,KNN,0.7,4,uncertainty,False,0.6820704633204634
5_campaign,441,KNN,0.7,0,anomalous,True,0.703225546975547
5_campaign,443,KNN,0.7,1,anomalous,True,0.6762504455269098
5_campaign,424,KNN,0.7,2,anomalous,True,0.7804054054054054
5_campaign,446,KNN,0.7,3,anomalous,True,0.6486084298584299
5_campaign,438,KNN,0.7,4,anomalous,True,0.6873793436293436
5_campaign,450,KNN,0.7,0,anomalous,False,0.7046734234234234
5_campaign,452,KNN,0.7,1,anomalous,False,0.6786265890459784
5_campaign,444,KNN,0.7,2,anomalous,False,0.7730855855855856
5_campaign,450,KNN,0.7,3,anomalous,False,0.6482464607464608
5_campaign,446,KNN,0.7,4,anomalous,False,0.6857303732303733
5_campaign,447,KNN,0.7,0,clusters,True,0.6990830115830116
5_campaign,449,KNN,0.7,1,clusters,True,0.6819531899726743
5_campaign,436,KNN,0.7,2,clusters,True,0.7678973616473617
5_campaign,444,KNN,0.7,3,clusters,True,0.6473616473616473
5_campaign,445,KNN,0.7,4,clusters,True,0.6925273487773488
5_campaign,454,KNN,0.7,0,clusters,False,0.7000884813384813
5_campaign,457,KNN,0.7,1,clusters,False,0.6811215397410003
5_campaign,451,KNN,0.7,2,clusters,False,0.7596122908622909
5_campaign,451,KNN,0.7,3,clusters,False,0.6479247104247103
5_campaign,454,KNN,0.7,4,clusters,False,0.6889880952380952
5_campaign,447,IForest,0.7,0,random,True,0.6835987773487773
5_campaign,448,IForest,0.7,1,random,True,0.6768840837986614
5_campaign,452,IForest,0.7,2,random,True,0.7793597168597169
5_campaign,447,IForest,0.7,3,random,True,0.6448680823680824
5_campaign,456,IForest,0.7,4,random,True,0.7221283783783784
5_campaign,457,IForest,0.7,0,random,False,0.7453748391248392
5_campaign,461,IForest,0.7,1,random,False,0.697992158726387
5_campaign,461,IForest,0.7,2,random,False,0.783341377091377
5_campaign,460,IForest,0.7,3,random,False,0.6470801158301158
5_campaign,469,IForest,0.7,4,random,False,0.6767213642213642
5_campaign,441,IForest,0.7,0,uncertainty,True,0.6904359716859717
5_campaign,445,IForest,0.7,1,uncertainty,True,0.6641717159716447
5_campaign,445,IForest,0.7,2,uncertainty,True,0.7862371299871299
5_campaign,450,IForest,0.7,3,uncertainty,True,0.679617117117117
5_campaign,443,IForest,0.7,4,uncertainty,True,0.6766811454311453
5_campaign,455,IForest,0.7,0,uncertainty,False,0.7249436936936937
5_campaign,456,IForest,0.7,1,uncertainty,False,0.6751019761593601
5_campaign,451,IForest,0.7,2,uncertainty,False,0.7759813384813384
5_campaign,457,IForest,0.7,3,uncertainty,False,0.6615990990990991
5_campaign,454,IForest,0.7,4,uncertainty,False,0.6924066924066924
5_campaign,435,IForest,0.7,0,anomalous,True,0.7099823037323038
5_campaign,430,IForest,0.7,1,anomalous,True,0.6841313215318204
5_campaign,444,IForest,0.7,2,anomalous,True,0.7672940797940797
5_campaign,442,IForest,0.7,3,anomalous,True,0.6642535392535392
5_campaign,441,IForest,0.7,4,anomalous,True,0.7105051480051481
5_campaign,447,IForest,0.7,0,anomalous,False,0.6767615830115831
5_campaign,453,IForest,0.7,1,anomalous,False,0.6996950615817195
5_campaign,448,IForest,0.7,2,anomalous,False,0.7847892535392534
5_campaign,449,IForest,0.7,3,anomalous,False,0.663167631917632
5_campaign,447,IForest,0.7,4,anomalous,False,0.7038288288288288
5_campaign,447,IForest,0.7,0,clusters,True,0.7113497425997426
5_campaign,449,IForest,0.7,1,clusters,True,0.7032592768603223
5_campaign,436,IForest,0.7,2,clusters,True,0.7947635135135135
5_campaign,444,IForest,0.7,3,clusters,True,0.6706081081081081
5_campaign,445,IForest,0.7,4,clusters,True,0.7134813384813384
5_campaign,454,IForest,0.7,0,clusters,False,0.6985601673101672
5_campaign,457,IForest,0.7,1,clusters,False,0.7175161379747336
5_campaign,451,IForest,0.7,2,clusters,False,0.73636583011583
5_campaign,451,IForest,0.7,3,clusters,False,0.6404440154440154
5_campaign,454,IForest,0.7,4,clusters,False,0.7001287001287001
5_campaign,443,KNN,1.0,0,random,True,0.7033059845559847
5_campaign,445,KNN,1.0,1,random,True,0.6787849986139163
5_campaign,443,KNN,1.0,2,random,True,0.7723616473616474
5_campaign,444,KNN,1.0,3,random,True,0.6499356499356499
5_campaign,443,KNN,1.0,4,random,True,0.6840009652509653
5_campaign,443,KNN,1.0,0,random,False,0.7033059845559847
5_campaign,444,KNN,1.0,1,random,False,0.6805275038612332
5_campaign,443,KNN,1.0,2,random,False,0.7723616473616474
5_campaign,443,KNN,1.0,3,random,False,0.6489301801801802
5_campaign,443,KNN,1.0,4,random,False,0.6840009652509653
5_campaign,443,KNN,1.0,0,uncertainty,True,0.7033059845559847
5_campaign,445,KNN,1.0,1,uncertainty,True,0.6787849986139163
5_campaign,443,KNN,1.0,2,uncertainty,True,0.7723616473616474
5_campaign,444,KNN,1.0,3,uncertainty,True,0.6499356499356499
5_campaign,443,KNN,1.0,4,uncertainty,True,0.6840009652509653
5_campaign,443,KNN,1.0,0,uncertainty,False,0.7033059845559847
5_campaign,444,KNN,1.0,1,uncertainty,False,0.6805275038612332
5_campaign,443,KNN,1.0,2,uncertainty,False,0.7723616473616474
5_campaign,443,KNN,1.0,3,uncertainty,False,0.6489301801801802
5_campaign,443,KNN,1.0,4,uncertainty,False,0.6840009652509653
5_campaign,443,KNN,1.0,0,anomalous,True,0.7033059845559847
5_campaign,445,KNN,1.0,1,anomalous,True,0.6787849986139163
5_campaign,443,KNN,1.0,2,anomalous,True,0.7723616473616474
5_campaign,444,KNN,1.0,3,anomalous,True,0.6499356499356499
5_campaign,443,KNN,1.0,4,anomalous,True,0.6840009652509653
5_campaign,443,KNN,1.0,0,anomalous,False,0.7033059845559847
5_campaign,444,KNN,1.0,1,anomalous,False,0.6805275038612332
5_campaign,443,KNN,1.0,2,anomalous,False,0.7723616473616474
5_campaign,443,KNN,1.0,3,anomalous,False,0.6489301801801802
5_campaign,443,KNN,1.0,4,anomalous,False,0.6840009652509653
5_campaign,443,KNN,1.0,0,clusters,True,0.7033059845559847
5_campaign,445,KNN,1.0,1,clusters,True,0.6787849986139163
5_campaign,443,KNN,1.0,2,clusters,True,0.7723616473616474
5_campaign,444,KNN,1.0,3,clusters,True,0.6499356499356499
5_campaign,443,KNN,1.0,4,clusters,True,0.6840009652509653
5_campaign,443,KNN,1.0,0,clusters,False,0.7033059845559847
5_campaign,444,KNN,1.0,1,clusters,False,0.6805275038612332
5_campaign,443,KNN,1.0,2,clusters,False,0.7723616473616474
5_campaign,443,KNN,1.0,3,clusters,False,0.6489301801801802
5_campaign,443,KNN,1.0,4,clusters,False,0.6840009652509653
5_campaign,443,IForest,1.0,0,random,True,0.702823359073359
5_campaign,445,IForest,1.0,1,random,True,0.681675973228783
5_campaign,443,IForest,1.0,2,random,True,0.7875643500643501
5_campaign,444,IForest,1.0,3,random,True,0.7098616473616473
5_campaign,443,IForest,1.0,4,random,True,0.7262709137709138
5_campaign,443,IForest,1.0,0,random,False,0.7149694337194338
5_campaign,444,IForest,1.0,1,random,False,0.6945071482317532
5_campaign,443,IForest,1.0,2,random,False,0.8330518018018018
5_campaign,443,IForest,1.0,3,random,False,0.7070865508365508
5_campaign,443,IForest,1.0,4,random,False,0.6977557915057915
5_campaign,443,IForest,1.0,0,uncertainty,True,0.7226110038610039
5_campaign,445,IForest,1.0,1,uncertainty,True,0.6809631301730625
5_campaign,443,IForest,1.0,2,uncertainty,True,0.8117760617760617
5_campaign,444,IForest,1.0,3,uncertainty,True,0.6668275418275418
5_campaign,443,IForest,1.0,4,uncertainty,True,0.7176640926640927
5_campaign,443,IForest,1.0,0,uncertainty,False,0.7193130630630631
5_campaign,444,IForest,1.0,1,uncertainty,False,0.6835372856520534
5_campaign,443,IForest,1.0,2,uncertainty,False,0.7933960746460746
5_campaign,443,IForest,1.0,3,uncertainty,False,0.6825128700128701
5_campaign,443,IForest,1.0,4,uncertainty,False,0.6756756756756757
5_campaign,443,IForest,1.0,0,anomalous,True,0.7067245817245816
5_campaign,445,IForest,1.0,1,anomalous,True,0.6412815334046176
5_campaign,443,IForest,1.0,2,anomalous,True,0.766690797940798
5_campaign,444,IForest,1.0,3,anomalous,True,0.6424951737451737
5_campaign,443,IForest,1.0,4,anomalous,True,0.7159749034749034
5_campaign,443,IForest,1.0,0,anomalous,False,0.7041103603603603
5_campaign,444,IForest,1.0,1,anomalous,False,0.6558552136549047
5_campaign,443,IForest,1.0,2,anomalous,False,0.7820543758043759
5_campaign,443,IForest,1.0,3,anomalous,False,0.6811052123552124
5_campaign,443,IForest,1.0,4,anomalous,False,0.6537564350064351
5_campaign,443,IForest,1.0,0,clusters,True,0.7404681467181466
5_campaign,445,IForest,1.0,1,clusters,True,0.6613203437487625
5_campaign,443,IForest,1.0,2,clusters,True,0.7598938223938223
5_campaign,444,IForest,1.0,3,clusters,True,0.6648166023166023
5_campaign,443,IForest,1.0,4,clusters,True,0.7092583655083655
5_campaign,443,IForest,1.0,0,clusters,False,0.7150900900900901
5_campaign,444,IForest,1.0,1,clusters,False,0.6840125143558671
5_campaign,443,IForest,1.0,2,clusters,False,0.8173262548262549
5_campaign,443,IForest,1.0,3,clusters,False,0.6604327541827542
5_campaign,443,IForest,1.0,4,clusters,False,0.7188706563706563
13_fraud,500,KNN,0.0,0,random,True,1.0
13_fraud,500,KNN,0.0,1,random,True,0.998
13_fraud,500,KNN,0.0,2,random,True,0.262
13_fraud,500,KNN,0.0,3,random,True,1.0
13_fraud,500,KNN,0.0,4,random,True,1.0
13_fraud,500,KNN,0.0,0,random,False,1.0
13_fraud,500,KNN,0.0,1,random,False,0.998
13_fraud,500,KNN,0.0,2,random,False,0.262
13_fraud,500,KNN,0.0,3,random,False,1.0
13_fraud,500,KNN,0.0,4,random,False,1.0
13_fraud,500,KNN,0.0,0,uncertainty,True,1.0
13_fraud,500,KNN,0.0,1,uncertainty,True,0.998
13_fraud,500,KNN,0.0,2,uncertainty,True,0.262
13_fraud,500,KNN,0.0,3,uncertainty,True,1.0
13_fraud,500,KNN,0.0,4,uncertainty,True,1.0
13_fraud,500,KNN,0.0,0,uncertainty,False,1.0
13_fraud,500,KNN,0.0,1,uncertainty,False,0.998
13_fraud,500,KNN,0.0,2,uncertainty,False,0.262
13_fraud,500,KNN,0.0,3,uncertainty,False,1.0
13_fraud,500,KNN,0.0,4,uncertainty,False,1.0
13_fraud,500,KNN,0.0,0,anomalous,True,1.0
13_fraud,500,KNN,0.0,1,anomalous,True,0.998
13_fraud,500,KNN,0.0,2,anomalous,True,0.262
13_fraud,500,KNN,0.0,3,anomalous,True,1.0
13_fraud,500,KNN,0.0,4,anomalous,True,1.0
13_fraud,500,KNN,0.0,0,anomalous,False,1.0
13_fraud,500,KNN,0.0,1,anomalous,False,0.998
13_fraud,500,KNN,0.0,2,anomalous,False,0.262
13_fraud,500,KNN,0.0,3,anomalous,False,1.0
13_fraud,500,KNN,0.0,4,anomalous,False,1.0
13_fraud,500,KNN,0.0,0,clusters,True,1.0
13_fraud,500,KNN,0.0,1,clusters,True,0.998
13_fraud,500,KNN,0.0,2,clusters,True,0.262
13_fraud,500,KNN,0.0,3,clusters,True,1.0
13_fraud,500,KNN,0.0,4,clusters,True,1.0
13_fraud,500,KNN,0.0,0,clusters,False,1.0
13_fraud,500,KNN,0.0,1,clusters,False,0.998
13_fraud,500,KNN,0.0,2,clusters,False,0.262
13_fraud,500,KNN,0.0,3,clusters,False,1.0
13_fraud,500,KNN,0.0,4,clusters,False,1.0
13_fraud,500,IForest,0.0,0,random,True,0.996
13_fraud,500,IForest,0.0,1,random,True,0.992
13_fraud,500,IForest,0.0,2,random,True,0.248
13_fraud,500,IForest,0.0,3,random,True,0.992
13_fraud,500,IForest,0.0,4,random,True,1.0
13_fraud,500,IForest,0.0,0,random,False,0.994
13_fraud,500,IForest,0.0,1,random,False,0.986
13_fraud,500,IForest,0.0,2,random,False,0.1919999999999999
13_fraud,500,IForest,0.0,3,random,False,0.998
13_fraud,500,IForest,0.0,4,random,False,1.0
13_fraud,500,IForest,0.0,0,uncertainty,True,0.984
13_fraud,500,IForest,0.0,1,uncertainty,True,0.986
13_fraud,500,IForest,0.0,2,uncertainty,True,0.282
13_fraud,500,IForest,0.0,3,uncertainty,True,0.99
13_fraud,500,IForest,0.0,4,uncertainty,True,1.0
13_fraud,500,IForest,0.0,0,uncertainty,False,0.998
13_fraud,500,IForest,0.0,1,uncertainty,False,0.984
13_fraud,500,IForest,0.0,2,uncertainty,False,0.18
13_fraud,500,IForest,0.0,3,uncertainty,False,0.996
13_fraud,500,IForest,0.0,4,uncertainty,False,1.0
13_fraud,500,IForest,0.0,0,anomalous,True,0.998
13_fraud,500,IForest,0.0,1,anomalous,True,0.992
13_fraud,500,IForest,0.0,2,anomalous,True,0.0879999999999999
13_fraud,500,IForest,0.0,3,anomalous,True,0.986
13_fraud,500,IForest,0.0,4,anomalous,True,0.998
13_fraud,500,IForest,0.0,0,anomalous,False,1.0
13_fraud,500,IForest,0.0,1,anomalous,False,0.982
13_fraud,500,IForest,0.0,2,anomalous,False,0.2339999999999999
13_fraud,500,IForest,0.0,3,anomalous,False,0.992
13_fraud,500,IForest,0.0,4,anomalous,False,0.998
13_fraud,500,IForest,0.0,0,clusters,True,0.996
13_fraud,500,IForest,0.0,1,clusters,True,0.986
13_fraud,500,IForest,0.0,2,clusters,True,0.3239999999999999
13_fraud,500,IForest,0.0,3,clusters,True,0.994
13_fraud,500,IForest,0.0,4,clusters,True,1.0
13_fraud,500,IForest,0.0,0,clusters,False,0.998
13_fraud,500,IForest,0.0,1,clusters,False,0.99
13_fraud,500,IForest,0.0,2,clusters,False,0.236
13_fraud,500,IForest,0.0,3,clusters,False,0.992
13_fraud,500,IForest,0.0,4,clusters,False,1.0
13_fraud,500,KNN,0.004,0,random,True,1.0
13_fraud,500,KNN,0.004,1,random,True,0.998
13_fraud,500,KNN,0.004,2,random,True,0.262
13_fraud,500,KNN,0.004,3,random,True,1.0
13_fraud,500,KNN,0.004,4,random,True,1.0
13_fraud,500,KNN,0.004,0,random,False,1.0
13_fraud,500,KNN,0.004,1,random,False,0.998
13_fraud,500,KNN,0.004,2,random,False,0.262
13_fraud,500,KNN,0.004,3,random,False,1.0
13_fraud,500,KNN,0.004,4,random,False,1.0
13_fraud,500,KNN,0.004,0,uncertainty,True,1.0
13_fraud,500,KNN,0.004,1,uncertainty,True,0.998
13_fraud,500,KNN,0.004,2,uncertainty,True,0.262
13_fraud,500,KNN,0.004,3,uncertainty,True,1.0
13_fraud,500,KNN,0.004,4,uncertainty,True,1.0
13_fraud,500,KNN,0.004,0,uncertainty,False,1.0
13_fraud,500,KNN,0.004,1,uncertainty,False,0.998
13_fraud,500,KNN,0.004,2,uncertainty,False,0.262
13_fraud,500,KNN,0.004,3,uncertainty,False,1.0
13_fraud,500,KNN,0.004,4,uncertainty,False,1.0
13_fraud,499,KNN,0.004,0,anomalous,True,1.0
13_fraud,270,KNN,0.004,1,anomalous,True,0.998
13_fraud,496,KNN,0.004,2,anomalous,True,0.26
13_fraud,500,KNN,0.004,3,anomalous,True,1.0
13_fraud,287,KNN,0.004,4,anomalous,True,1.0
13_fraud,499,KNN,0.004,0,anomalous,False,1.0
13_fraud,499,KNN,0.004,1,anomalous,False,0.998
13_fraud,499,KNN,0.004,2,anomalous,False,0.262
13_fraud,500,KNN,0.004,3,anomalous,False,1.0
13_fraud,499,KNN,0.004,4,anomalous,False,1.0
13_fraud,498,KNN,0.004,0,clusters,True,1.0
13_fraud,500,KNN,0.004,1,clusters,True,0.998
13_fraud,500,KNN,0.004,2,clusters,True,0.262
13_fraud,500,KNN,0.004,3,clusters,True,1.0
13_fraud,500,KNN,0.004,4,clusters,True,1.0
13_fraud,499,KNN,0.004,0,clusters,False,1.0
13_fraud,500,KNN,0.004,1,clusters,False,0.998
13_fraud,500,KNN,0.004,2,clusters,False,0.262
13_fraud,500,KNN,0.004,3,clusters,False,1.0
13_fraud,500,KNN,0.004,4,clusters,False,1.0
13_fraud,500,IForest,0.004,0,random,True,0.996
13_fraud,500,IForest,0.004,1,random,True,0.992
13_fraud,500,IForest,0.004,2,random,True,0.174
13_fraud,500,IForest,0.004,3,random,True,0.992
13_fraud,500,IForest,0.004,4,random,True,0.996
13_fraud,500,IForest,0.004,0,random,False,0.998
13_fraud,500,IForest,0.004,1,random,False,0.994
13_fraud,500,IForest,0.004,2,random,False,0.172
13_fraud,500,IForest,0.004,3,random,False,0.996
13_fraud,500,IForest,0.004,4,random,False,0.996
13_fraud,500,IForest,0.004,0,uncertainty,True,0.994
13_fraud,500,IForest,0.004,1,uncertainty,True,0.996
13_fraud,500,IForest,0.004,2,uncertainty,True,0.178
13_fraud,500,IForest,0.004,3,uncertainty,True,0.986
13_fraud,500,IForest,0.004,4,uncertainty,True,1.0
13_fraud,500,IForest,0.004,0,uncertainty,False,1.0
13_fraud,500,IForest,0.004,1,uncertainty,False,0.986
13_fraud,500,IForest,0.004,2,uncertainty,False,0.134
13_fraud,500,IForest,0.004,3,uncertainty,False,0.992
13_fraud,500,IForest,0.004,4,uncertainty,False,0.998
13_fraud,499,IForest,0.004,0,anomalous,True,0.994
13_fraud,500,IForest,0.004,1,anomalous,True,0.99
13_fraud,496,IForest,0.004,2,anomalous,True,0.138
13_fraud,500,IForest,0.004,3,anomalous,True,0.994
13_fraud,500,IForest,0.004,4,anomalous,True,0.998
13_fraud,499,IForest,0.004,0,anomalous,False,0.998
13_fraud,500,IForest,0.004,1,anomalous,False,0.994
13_fraud,499,IForest,0.004,2,anomalous,False,0.14
13_fraud,500,IForest,0.004,3,anomalous,False,0.996
13_fraud,500,IForest,0.004,4,anomalous,False,1.0
13_fraud,498,IForest,0.004,0,clusters,True,0.996
13_fraud,500,IForest,0.004,1,clusters,True,0.982
13_fraud,500,IForest,0.004,2,clusters,True,0.25
13_fraud,500,IForest,0.004,3,clusters,True,0.994
13_fraud,500,IForest,0.004,4,clusters,True,1.0
13_fraud,499,IForest,0.004,0,clusters,False,0.99
13_fraud,500,IForest,0.004,1,clusters,False,0.994
13_fraud,500,IForest,0.004,2,clusters,False,0.176
13_fraud,500,IForest,0.004,3,clusters,False,0.988
13_fraud,500,IForest,0.004,4,clusters,False,0.998
13_fraud,500,KNN,0.006,0,random,True,1.0
13_fraud,500,KNN,0.006,1,random,True,0.998
13_fraud,500,KNN,0.006,2,random,True,0.262
13_fraud,500,KNN,0.006,3,random,True,1.0
13_fraud,500,KNN,0.006,4,random,True,1.0
13_fraud,500,KNN,0.006,0,random,False,1.0
13_fraud,500,KNN,0.006,1,random,False,0.998
13_fraud,500,KNN,0.006,2,random,False,0.262
13_fraud,500,KNN,0.006,3,random,False,1.0
13_fraud,500,KNN,0.006,4,random,False,1.0
13_fraud,500,KNN,0.006,0,uncertainty,True,1.0
13_fraud,500,KNN,0.006,1,uncertainty,True,0.998
13_fraud,500,KNN,0.006,2,uncertainty,True,0.262
13_fraud,500,KNN,0.006,3,uncertainty,True,1.0
13_fraud,500,KNN,0.006,4,uncertainty,True,1.0
13_fraud,500,KNN,0.006,0,uncertainty,False,1.0
13_fraud,500,KNN,0.006,1,uncertainty,False,0.998
13_fraud,500,KNN,0.006,2,uncertainty,False,0.262
13_fraud,500,KNN,0.006,3,uncertainty,False,1.0
13_fraud,500,KNN,0.006,4,uncertainty,False,1.0
13_fraud,499,KNN,0.006,0,anomalous,True,1.0
13_fraud,383,KNN,0.006,1,anomalous,True,0.998
13_fraud,499,KNN,0.006,2,anomalous,True,0.262
13_fraud,500,KNN,0.006,3,anomalous,True,1.0
13_fraud,382,KNN,0.006,4,anomalous,True,1.0
13_fraud,499,KNN,0.006,0,anomalous,False,1.0
13_fraud,499,KNN,0.006,1,anomalous,False,0.998
13_fraud,499,KNN,0.006,2,anomalous,False,0.262
13_fraud,500,KNN,0.006,3,anomalous,False,1.0
13_fraud,499,KNN,0.006,4,anomalous,False,1.0
13_fraud,498,KNN,0.006,0,clusters,True,1.0
13_fraud,500,KNN,0.006,1,clusters,True,0.998
13_fraud,500,KNN,0.006,2,clusters,True,0.262
13_fraud,500,KNN,0.006,3,clusters,True,1.0
13_fraud,500,KNN,0.006,4,clusters,True,1.0
13_fraud,499,KNN,0.006,0,clusters,False,1.0
13_fraud,500,KNN,0.006,1,clusters,False,0.998
13_fraud,500,KNN,0.006,2,clusters,False,0.262
13_fraud,500,KNN,0.006,3,clusters,False,1.0
13_fraud,500,KNN,0.006,4,clusters,False,1.0
13_fraud,500,IForest,0.006,0,random,True,0.992
13_fraud,500,IForest,0.006,1,random,True,0.994
13_fraud,500,IForest,0.006,2,random,True,0.168
13_fraud,500,IForest,0.006,3,random,True,0.986
13_fraud,500,IForest,0.006,4,random,True,1.0
13_fraud,500,IForest,0.006,0,random,False,0.998
13_fraud,500,IForest,0.006,1,random,False,0.996
13_fraud,500,IForest,0.006,2,random,False,0.134
13_fraud,500,IForest,0.006,3,random,False,0.994
13_fraud,500,IForest,0.006,4,random,False,0.996
13_fraud,500,IForest,0.006,0,uncertainty,True,1.0
13_fraud,500,IForest,0.006,1,uncertainty,True,0.99
13_fraud,500,IForest,0.006,2,uncertainty,True,0.118
13_fraud,500,IForest,0.006,3,uncertainty,True,0.994
13_fraud,500,IForest,0.006,4,uncertainty,True,1.0
13_fraud,500,IForest,0.006,0,uncertainty,False,1.0
13_fraud,500,IForest,0.006,1,uncertainty,False,0.988
13_fraud,500,IForest,0.006,2,uncertainty,False,0.2319999999999999
13_fraud,500,IForest,0.006,3,uncertainty,False,0.992
13_fraud,500,IForest,0.006,4,uncertainty,False,1.0
13_fraud,499,IForest,0.006,0,anomalous,True,0.998
13_fraud,500,IForest,0.006,1,anomalous,True,0.99
13_fraud,499,IForest,0.006,2,anomalous,True,0.35
13_fraud,500,IForest,0.006,3,anomalous,True,0.994
13_fraud,482,IForest,0.006,4,anomalous,True,1.0
13_fraud,499,IForest,0.006,0,anomalous,False,0.998
13_fraud,500,IForest,0.006,1,anomalous,False,0.994
13_fraud,499,IForest,0.006,2,anomalous,False,0.1099999999999999
13_fraud,500,IForest,0.006,3,anomalous,False,0.996
13_fraud,499,IForest,0.006,4,anomalous,False,0.998
13_fraud,498,IForest,0.006,0,clusters,True,0.994
13_fraud,500,IForest,0.006,1,clusters,True,0.986
13_fraud,500,IForest,0.006,2,clusters,True,0.1979999999999999
13_fraud,500,IForest,0.006,3,clusters,True,0.996
13_fraud,500,IForest,0.006,4,clusters,True,1.0
13_fraud,499,IForest,0.006,0,clusters,False,0.99
13_fraud,500,IForest,0.006,1,clusters,False,0.99
13_fraud,500,IForest,0.006,2,clusters,False,0.262
13_fraud,500,IForest,0.006,3,clusters,False,0.992
13_fraud,500,IForest,0.006,4,clusters,False,1.0
13_fraud,500,KNN,0.008,0,random,True,1.0
13_fraud,500,KNN,0.008,1,random,True,0.998
13_fraud,500,KNN,0.008,2,random,True,0.262
13_fraud,500,KNN,0.008,3,random,True,1.0
13_fraud,500,KNN,0.008,4,random,True,1.0
13_fraud,500,KNN,0.008,0,random,False,1.0
13_fraud,500,KNN,0.008,1,random,False,0.998
13_fraud,500,KNN,0.008,2,random,False,0.262
13_fraud,500,KNN,0.008,3,random,False,1.0
13_fraud,500,KNN,0.008,4,random,False,1.0
13_fraud,500,KNN,0.008,0,uncertainty,True,1.0
13_fraud,500,KNN,0.008,1,uncertainty,True,0.998
13_fraud,500,KNN,0.008,2,uncertainty,True,0.262
13_fraud,500,KNN,0.008,3,uncertainty,True,1.0
13_fraud,500,KNN,0.008,4,uncertainty,True,1.0
13_fraud,500,KNN,0.008,0,uncertainty,False,1.0
13_fraud,500,KNN,0.008,1,uncertainty,False,0.998
13_fraud,500,KNN,0.008,2,uncertainty,False,0.262
13_fraud,500,KNN,0.008,3,uncertainty,False,1.0
13_fraud,500,KNN,0.008,4,uncertainty,False,1.0
13_fraud,499,KNN,0.008,0,anomalous,True,1.0
13_fraud,439,KNN,0.008,1,anomalous,True,0.998
13_fraud,499,KNN,0.008,2,anomalous,True,0.262
13_fraud,500,KNN,0.008,3,anomalous,True,1.0
13_fraud,468,KNN,0.008,4,anomalous,True,1.0
13_fraud,499,KNN,0.008,0,anomalous,False,1.0
13_fraud,499,KNN,0.008,1,anomalous,False,0.998
13_fraud,499,KNN,0.008,2,anomalous,False,0.262
13_fraud,500,KNN,0.008,3,anomalous,False,1.0
13_fraud,499,KNN,0.008,4,anomalous,False,1.0
13_fraud,498,KNN,0.008,0,clusters,True,1.0
13_fraud,500,KNN,0.008,1,clusters,True,0.998
13_fraud,500,KNN,0.008,2,clusters,True,0.262
13_fraud,500,KNN,0.008,3,clusters,True,1.0
13_fraud,500,KNN,0.008,4,clusters,True,1.0
13_fraud,499,KNN,0.008,0,clusters,False,1.0
13_fraud,500,KNN,0.008,1,clusters,False,0.998
13_fraud,500,KNN,0.008,2,clusters,False,0.262
13_fraud,500,KNN,0.008,3,clusters,False,1.0
13_fraud,500,KNN,0.008,4,clusters,False,1.0
13_fraud,500,IForest,0.008,0,random,True,0.994
13_fraud,500,IForest,0.008,1,random,True,0.994
13_fraud,500,IForest,0.008,2,random,True,0.268
13_fraud,500,IForest,0.008,3,random,True,0.986
13_fraud,500,IForest,0.008,4,random,True,1.0
13_fraud,500,IForest,0.008,0,random,False,0.996
13_fraud,500,IForest,0.008,1,random,False,0.988
13_fraud,500,IForest,0.008,2,random,False,0.276
13_fraud,500,IForest,0.008,3,random,False,0.994
13_fraud,500,IForest,0.008,4,random,False,0.996
13_fraud,500,IForest,0.008,0,uncertainty,True,0.998
13_fraud,500,IForest,0.008,1,uncertainty,True,0.988
13_fraud,500,IForest,0.008,2,uncertainty,True,0.2279999999999999
13_fraud,500,IForest,0.008,3,uncertainty,True,0.994
13_fraud,500,IForest,0.008,4,uncertainty,True,1.0
13_fraud,500,IForest,0.008,0,uncertainty,False,0.984
13_fraud,500,IForest,0.008,1,uncertainty,False,0.992
13_fraud,500,IForest,0.008,2,uncertainty,False,0.268
13_fraud,500,IForest,0.008,3,uncertainty,False,0.99
13_fraud,500,IForest,0.008,4,uncertainty,False,0.998
13_fraud,499,IForest,0.008,0,anomalous,True,0.994
13_fraud,471,IForest,0.008,1,anomalous,True,0.99
13_fraud,499,IForest,0.008,2,anomalous,True,0.134
13_fraud,500,IForest,0.008,3,anomalous,True,0.994
13_fraud,500,IForest,0.008,4,anomalous,True,1.0
13_fraud,499,IForest,0.008,0,anomalous,False,1.0
13_fraud,500,IForest,0.008,1,anomalous,False,0.986
13_fraud,499,IForest,0.008,2,anomalous,False,0.168
13_fraud,500,IForest,0.008,3,anomalous,False,0.992
13_fraud,500,IForest,0.008,4,anomalous,False,0.998
13_fraud,498,IForest,0.008,0,clusters,True,0.992
13_fraud,500,IForest,0.008,1,clusters,True,0.988
13_fraud,500,IForest,0.008,2,clusters,True,0.3399999999999999
13_fraud,500,IForest,0.008,3,clusters,True,0.99
13_fraud,500,IForest,0.008,4,clusters,True,0.998
13_fraud,499,IForest,0.008,0,clusters,False,0.994
13_fraud,500,IForest,0.008,1,clusters,False,0.986
13_fraud,500,IForest,0.008,2,clusters,False,0.136
13_fraud,500,IForest,0.008,3,clusters,False,0.996
13_fraud,500,IForest,0.008,4,clusters,False,1.0
13_fraud,500,KNN,0.013,0,random,True,1.0
13_fraud,500,KNN,0.013,1,random,True,0.998
13_fraud,500,KNN,0.013,2,random,True,0.262
13_fraud,500,KNN,0.013,3,random,True,1.0
13_fraud,500,KNN,0.013,4,random,True,1.0
13_fraud,500,KNN,0.013,0,random,False,1.0
13_fraud,500,KNN,0.013,1,random,False,0.998
13_fraud,500,KNN,0.013,2,random,False,0.262
13_fraud,500,KNN,0.013,3,random,False,1.0
13_fraud,500,KNN,0.013,4,random,False,1.0
13_fraud,500,KNN,0.013,0,uncertainty,True,1.0
13_fraud,500,KNN,0.013,1,uncertainty,True,0.998
13_fraud,500,KNN,0.013,2,uncertainty,True,0.262
13_fraud,500,KNN,0.013,3,uncertainty,True,1.0
13_fraud,500,KNN,0.013,4,uncertainty,True,1.0
13_fraud,500,KNN,0.013,0,uncertainty,False,1.0
13_fraud,500,KNN,0.013,1,uncertainty,False,0.998
13_fraud,500,KNN,0.013,2,uncertainty,False,0.262
13_fraud,500,KNN,0.013,3,uncertainty,False,1.0
13_fraud,500,KNN,0.013,4,uncertainty,False,1.0
13_fraud,499,KNN,0.013,0,anomalous,True,1.0
13_fraud,487,KNN,0.013,1,anomalous,True,0.998
13_fraud,499,KNN,0.013,2,anomalous,True,0.262
13_fraud,500,KNN,0.013,3,anomalous,True,1.0
13_fraud,491,KNN,0.013,4,anomalous,True,1.0
13_fraud,499,KNN,0.013,0,anomalous,False,1.0
13_fraud,499,KNN,0.013,1,anomalous,False,0.998
13_fraud,499,KNN,0.013,2,anomalous,False,0.262
13_fraud,500,KNN,0.013,3,anomalous,False,1.0
13_fraud,499,KNN,0.013,4,anomalous,False,1.0
13_fraud,498,KNN,0.013,0,clusters,True,1.0
13_fraud,500,KNN,0.013,1,clusters,True,0.998
13_fraud,500,KNN,0.013,2,clusters,True,0.262
13_fraud,500,KNN,0.013,3,clusters,True,1.0
13_fraud,500,KNN,0.013,4,clusters,True,1.0
13_fraud,499,KNN,0.013,0,clusters,False,1.0
13_fraud,500,KNN,0.013,1,clusters,False,0.998
13_fraud,500,KNN,0.013,2,clusters,False,0.262
13_fraud,500,KNN,0.013,3,clusters,False,1.0
13_fraud,500,KNN,0.013,4,clusters,False,1.0
13_fraud,500,IForest,0.013,0,random,True,0.998
13_fraud,500,IForest,0.013,1,random,True,0.992
13_fraud,500,IForest,0.013,2,random,True,0.2259999999999999
13_fraud,500,IForest,0.013,3,random,True,0.994
13_fraud,500,IForest,0.013,4,random,True,1.0
13_fraud,500,IForest,0.013,0,random,False,0.992
13_fraud,500,IForest,0.013,1,random,False,0.988
13_fraud,500,IForest,0.013,2,random,False,0.162
13_fraud,500,IForest,0.013,3,random,False,0.992
13_fraud,500,IForest,0.013,4,random,False,0.998
13_fraud,500,IForest,0.013,0,uncertainty,True,0.992
13_fraud,500,IForest,0.013,1,uncertainty,True,0.992
13_fraud,500,IForest,0.013,2,uncertainty,True,0.2179999999999999
13_fraud,500,IForest,0.013,3,uncertainty,True,0.996
13_fraud,500,IForest,0.013,4,uncertainty,True,1.0
13_fraud,500,IForest,0.013,0,uncertainty,False,0.994
13_fraud,500,IForest,0.013,1,uncertainty,False,0.988
13_fraud,500,IForest,0.013,2,uncertainty,False,0.3
13_fraud,500,IForest,0.013,3,uncertainty,False,0.988
13_fraud,500,IForest,0.013,4,uncertainty,False,1.0
13_fraud,499,IForest,0.013,0,anomalous,True,0.996
13_fraud,500,IForest,0.013,1,anomalous,True,0.992
13_fraud,499,IForest,0.013,2,anomalous,True,0.2279999999999999
13_fraud,500,IForest,0.013,3,anomalous,True,0.996
13_fraud,500,IForest,0.013,4,anomalous,True,1.0
13_fraud,499,IForest,0.013,0,anomalous,False,0.994
13_fraud,500,IForest,0.013,1,anomalous,False,0.984
13_fraud,499,IForest,0.013,2,anomalous,False,0.1099999999999999
13_fraud,500,IForest,0.013,3,anomalous,False,0.994
13_fraud,499,IForest,0.013,4,anomalous,False,1.0
13_fraud,498,IForest,0.013,0,clusters,True,0.986
13_fraud,500,IForest,0.013,1,clusters,True,0.986
13_fraud,500,IForest,0.013,2,clusters,True,0.2179999999999999
13_fraud,500,IForest,0.013,3,clusters,True,0.994
13_fraud,500,IForest,0.013,4,clusters,True,1.0
13_fraud,499,IForest,0.013,0,clusters,False,0.994
13_fraud,500,IForest,0.013,1,clusters,False,0.99
13_fraud,500,IForest,0.013,2,clusters,False,0.28
13_fraud,500,IForest,0.013,3,clusters,False,0.99
13_fraud,500,IForest,0.013,4,clusters,False,0.996
13_fraud,500,KNN,0.02,0,random,True,1.0
13_fraud,500,KNN,0.02,1,random,True,0.998
13_fraud,500,KNN,0.02,2,random,True,0.262
13_fraud,500,KNN,0.02,3,random,True,1.0
13_fraud,500,KNN,0.02,4,random,True,1.0
13_fraud,500,KNN,0.02,0,random,False,1.0
13_fraud,500,KNN,0.02,1,random,False,0.998
13_fraud,500,KNN,0.02,2,random,False,0.262
13_fraud,500,KNN,0.02,3,random,False,1.0
13_fraud,500,KNN,0.02,4,random,False,1.0
13_fraud,500,KNN,0.02,0,uncertainty,True,1.0
13_fraud,500,KNN,0.02,1,uncertainty,True,0.998
13_fraud,500,KNN,0.02,2,uncertainty,True,0.262
13_fraud,500,KNN,0.02,3,uncertainty,True,1.0
13_fraud,500,KNN,0.02,4,uncertainty,True,1.0
13_fraud,500,KNN,0.02,0,uncertainty,False,1.0
13_fraud,500,KNN,0.02,1,uncertainty,False,0.998
13_fraud,500,KNN,0.02,2,uncertainty,False,0.262
13_fraud,500,KNN,0.02,3,uncertainty,False,1.0
13_fraud,500,KNN,0.02,4,uncertainty,False,1.0
13_fraud,499,KNN,0.02,0,anomalous,True,1.0
13_fraud,494,KNN,0.02,1,anomalous,True,0.998
13_fraud,499,KNN,0.02,2,anomalous,True,0.262
13_fraud,500,KNN,0.02,3,anomalous,True,1.0
13_fraud,500,KNN,0.02,4,anomalous,True,1.0
13_fraud,499,KNN,0.02,0,anomalous,False,1.0
13_fraud,499,KNN,0.02,1,anomalous,False,0.998
13_fraud,499,KNN,0.02,2,anomalous,False,0.262
13_fraud,500,KNN,0.02,3,anomalous,False,1.0
13_fraud,499,KNN,0.02,4,anomalous,False,1.0
13_fraud,498,KNN,0.02,0,clusters,True,1.0
13_fraud,500,KNN,0.02,1,clusters,True,0.998
13_fraud,499,KNN,0.02,2,clusters,True,0.262
13_fraud,500,KNN,0.02,3,clusters,True,1.0
13_fraud,500,KNN,0.02,4,clusters,True,1.0
13_fraud,499,KNN,0.02,0,clusters,False,1.0
13_fraud,500,KNN,0.02,1,clusters,False,0.998
13_fraud,499,KNN,0.02,2,clusters,False,0.262
13_fraud,500,KNN,0.02,3,clusters,False,1.0
13_fraud,500,KNN,0.02,4,clusters,False,1.0
13_fraud,500,IForest,0.02,0,random,True,0.992
13_fraud,500,IForest,0.02,1,random,True,0.994
13_fraud,500,IForest,0.02,2,random,True,0.2119999999999999
13_fraud,500,IForest,0.02,3,random,True,0.994
13_fraud,500,IForest,0.02,4,random,True,1.0
13_fraud,500,IForest,0.02,0,random,False,0.996
13_fraud,500,IForest,0.02,1,random,False,0.988
13_fraud,500,IForest,0.02,2,random,False,0.2019999999999999
13_fraud,500,IForest,0.02,3,random,False,0.992
13_fraud,500,IForest,0.02,4,random,False,1.0
13_fraud,500,IForest,0.02,0,uncertainty,True,0.996
13_fraud,500,IForest,0.02,1,uncertainty,True,0.984
13_fraud,500,IForest,0.02,2,uncertainty,True,0.17
13_fraud,500,IForest,0.02,3,uncertainty,True,0.994
13_fraud,500,IForest,0.02,4,uncertainty,True,1.0
13_fraud,500,IForest,0.02,0,uncertainty,False,0.996
13_fraud,500,IForest,0.02,1,uncertainty,False,0.986
13_fraud,500,IForest,0.02,2,uncertainty,False,0.252
13_fraud,500,IForest,0.02,3,uncertainty,False,0.994
13_fraud,500,IForest,0.02,4,uncertainty,False,0.998
13_fraud,499,IForest,0.02,0,anomalous,True,0.998
13_fraud,498,IForest,0.02,1,anomalous,True,0.988
13_fraud,499,IForest,0.02,2,anomalous,True,0.138
13_fraud,500,IForest,0.02,3,anomalous,True,0.996
13_fraud,500,IForest,0.02,4,anomalous,True,0.996
13_fraud,499,IForest,0.02,0,anomalous,False,1.0
13_fraud,499,IForest,0.02,1,anomalous,False,0.99
13_fraud,499,IForest,0.02,2,anomalous,False,0.158
13_fraud,500,IForest,0.02,3,anomalous,False,0.998
13_fraud,499,IForest,0.02,4,anomalous,False,1.0
13_fraud,498,IForest,0.02,0,clusters,True,0.992
13_fraud,500,IForest,0.02,1,clusters,True,0.99
13_fraud,499,IForest,0.02,2,clusters,True,0.2199999999999999
13_fraud,500,IForest,0.02,3,clusters,True,0.994
13_fraud,500,IForest,0.02,4,clusters,True,0.998
13_fraud,499,IForest,0.02,0,clusters,False,0.996
13_fraud,500,IForest,0.02,1,clusters,False,0.992
13_fraud,499,IForest,0.02,2,clusters,False,0.29
13_fraud,500,IForest,0.02,3,clusters,False,0.988
13_fraud,500,IForest,0.02,4,clusters,False,1.0
13_fraud,500,KNN,0.03,0,random,True,1.0
13_fraud,500,KNN,0.03,1,random,True,0.998
13_fraud,500,KNN,0.03,2,random,True,0.262
13_fraud,500,KNN,0.03,3,random,True,1.0
13_fraud,500,KNN,0.03,4,random,True,1.0
13_fraud,500,KNN,0.03,0,random,False,1.0
13_fraud,500,KNN,0.03,1,random,False,0.998
13_fraud,500,KNN,0.03,2,random,False,0.262
13_fraud,500,KNN,0.03,3,random,False,1.0
13_fraud,500,KNN,0.03,4,random,False,1.0
13_fraud,500,KNN,0.03,0,uncertainty,True,1.0
13_fraud,500,KNN,0.03,1,uncertainty,True,0.998
13_fraud,500,KNN,0.03,2,uncertainty,True,0.262
13_fraud,500,KNN,0.03,3,uncertainty,True,1.0
13_fraud,500,KNN,0.03,4,uncertainty,True,1.0
13_fraud,500,KNN,0.03,0,uncertainty,False,1.0
13_fraud,500,KNN,0.03,1,uncertainty,False,0.998
13_fraud,500,KNN,0.03,2,uncertainty,False,0.262
13_fraud,500,KNN,0.03,3,uncertainty,False,1.0
13_fraud,500,KNN,0.03,4,uncertainty,False,1.0
13_fraud,499,KNN,0.03,0,anomalous,True,1.0
13_fraud,499,KNN,0.03,1,anomalous,True,0.998
13_fraud,499,KNN,0.03,2,anomalous,True,0.262
13_fraud,500,KNN,0.03,3,anomalous,True,1.0
13_fraud,500,KNN,0.03,4,anomalous,True,1.0
13_fraud,499,KNN,0.03,0,anomalous,False,1.0
13_fraud,499,KNN,0.03,1,anomalous,False,0.998
13_fraud,499,KNN,0.03,2,anomalous,False,0.262
13_fraud,500,KNN,0.03,3,anomalous,False,1.0
13_fraud,499,KNN,0.03,4,anomalous,False,1.0
13_fraud,498,KNN,0.03,0,clusters,True,1.0
13_fraud,500,KNN,0.03,1,clusters,True,0.998
13_fraud,499,KNN,0.03,2,clusters,True,0.262
13_fraud,500,KNN,0.03,3,clusters,True,1.0
13_fraud,500,KNN,0.03,4,clusters,True,1.0
13_fraud,499,KNN,0.03,0,clusters,False,1.0
13_fraud,500,KNN,0.03,1,clusters,False,0.998
13_fraud,499,KNN,0.03,2,clusters,False,0.262
13_fraud,500,KNN,0.03,3,clusters,False,1.0
13_fraud,500,KNN,0.03,4,clusters,False,1.0
13_fraud,500,IForest,0.03,0,random,True,0.99
13_fraud,500,IForest,0.03,1,random,True,0.996
13_fraud,500,IForest,0.03,2,random,True,0.2299999999999999
13_fraud,500,IForest,0.03,3,random,True,0.998
13_fraud,500,IForest,0.03,4,random,True,1.0
13_fraud,500,IForest,0.03,0,random,False,0.992
13_fraud,500,IForest,0.03,1,random,False,0.992
13_fraud,500,IForest,0.03,2,random,False,0.176
13_fraud,500,IForest,0.03,3,random,False,0.996
13_fraud,500,IForest,0.03,4,random,False,1.0
13_fraud,500,IForest,0.03,0,uncertainty,True,0.998
13_fraud,500,IForest,0.03,1,uncertainty,True,0.992
13_fraud,500,IForest,0.03,2,uncertainty,True,0.2039999999999999
13_fraud,500,IForest,0.03,3,uncertainty,True,0.994
13_fraud,500,IForest,0.03,4,uncertainty,True,0.998
13_fraud,500,IForest,0.03,0,uncertainty,False,1.0
13_fraud,500,IForest,0.03,1,uncertainty,False,0.988
13_fraud,500,IForest,0.03,2,uncertainty,False,0.0679999999999999
13_fraud,500,IForest,0.03,3,uncertainty,False,0.988
13_fraud,500,IForest,0.03,4,uncertainty,False,0.994
13_fraud,499,IForest,0.03,0,anomalous,True,0.996
13_fraud,499,IForest,0.03,1,anomalous,True,0.99
13_fraud,499,IForest,0.03,2,anomalous,True,0.158
13_fraud,500,IForest,0.03,3,anomalous,True,0.998
13_fraud,500,IForest,0.03,4,anomalous,True,0.996
13_fraud,499,IForest,0.03,0,anomalous,False,0.998
13_fraud,499,IForest,0.03,1,anomalous,False,0.986
13_fraud,499,IForest,0.03,2,anomalous,False,0.0779999999999999
13_fraud,500,IForest,0.03,3,anomalous,False,0.988
13_fraud,499,IForest,0.03,4,anomalous,False,1.0
13_fraud,498,IForest,0.03,0,clusters,True,0.994
13_fraud,500,IForest,0.03,1,clusters,True,0.986
13_fraud,499,IForest,0.03,2,clusters,True,0.266
13_fraud,500,IForest,0.03,3,clusters,True,0.99
13_fraud,500,IForest,0.03,4,clusters,True,0.996
13_fraud,499,IForest,0.03,0,clusters,False,0.988
13_fraud,500,IForest,0.03,1,clusters,False,0.988
13_fraud,499,IForest,0.03,2,clusters,False,0.28
13_fraud,500,IForest,0.03,3,clusters,False,0.996
13_fraud,500,IForest,0.03,4,clusters,False,1.0
13_fraud,500,KNN,0.04,0,random,True,1.0
13_fraud,500,KNN,0.04,1,random,True,0.998
13_fraud,500,KNN,0.04,2,random,True,0.262
13_fraud,500,KNN,0.04,3,random,True,1.0
13_fraud,500,KNN,0.04,4,random,True,1.0
13_fraud,500,KNN,0.04,0,random,False,1.0
13_fraud,500,KNN,0.04,1,random,False,0.998
13_fraud,500,KNN,0.04,2,random,False,0.262
13_fraud,500,KNN,0.04,3,random,False,1.0
13_fraud,500,KNN,0.04,4,random,False,1.0
13_fraud,500,KNN,0.04,0,uncertainty,True,1.0
13_fraud,500,KNN,0.04,1,uncertainty,True,0.998
13_fraud,500,KNN,0.04,2,uncertainty,True,0.262
13_fraud,500,KNN,0.04,3,uncertainty,True,1.0
13_fraud,500,KNN,0.04,4,uncertainty,True,1.0
13_fraud,500,KNN,0.04,0,uncertainty,False,1.0
13_fraud,500,KNN,0.04,1,uncertainty,False,0.998
13_fraud,500,KNN,0.04,2,uncertainty,False,0.262
13_fraud,500,KNN,0.04,3,uncertainty,False,1.0
13_fraud,500,KNN,0.04,4,uncertainty,False,1.0
13_fraud,499,KNN,0.04,0,anomalous,True,1.0
13_fraud,499,KNN,0.04,1,anomalous,True,0.998
13_fraud,499,KNN,0.04,2,anomalous,True,0.262
13_fraud,500,KNN,0.04,3,anomalous,True,1.0
13_fraud,500,KNN,0.04,4,anomalous,True,1.0
13_fraud,499,KNN,0.04,0,anomalous,False,1.0
13_fraud,499,KNN,0.04,1,anomalous,False,0.998
13_fraud,499,KNN,0.04,2,anomalous,False,0.262
13_fraud,500,KNN,0.04,3,anomalous,False,1.0
13_fraud,499,KNN,0.04,4,anomalous,False,1.0
13_fraud,498,KNN,0.04,0,clusters,True,1.0
13_fraud,500,KNN,0.04,1,clusters,True,0.998
13_fraud,499,KNN,0.04,2,clusters,True,0.262
13_fraud,500,KNN,0.04,3,clusters,True,1.0
13_fraud,500,KNN,0.04,4,clusters,True,1.0
13_fraud,499,KNN,0.04,0,clusters,False,1.0
13_fraud,499,KNN,0.04,1,clusters,False,0.998
13_fraud,499,KNN,0.04,2,clusters,False,0.262
13_fraud,500,KNN,0.04,3,clusters,False,1.0
13_fraud,500,KNN,0.04,4,clusters,False,1.0
13_fraud,500,IForest,0.04,0,random,True,0.998
13_fraud,500,IForest,0.04,1,random,True,0.992
13_fraud,500,IForest,0.04,2,random,True,0.142
13_fraud,500,IForest,0.04,3,random,True,0.996
13_fraud,500,IForest,0.04,4,random,True,1.0
13_fraud,500,IForest,0.04,0,random,False,0.996
13_fraud,500,IForest,0.04,1,random,False,0.994
13_fraud,500,IForest,0.04,2,random,False,0.3399999999999999
13_fraud,500,IForest,0.04,3,random,False,0.994
13_fraud,500,IForest,0.04,4,random,False,1.0
13_fraud,500,IForest,0.04,0,uncertainty,True,0.992
13_fraud,500,IForest,0.04,1,uncertainty,True,0.988
13_fraud,500,IForest,0.04,2,uncertainty,True,0.2279999999999999
13_fraud,500,IForest,0.04,3,uncertainty,True,0.994
13_fraud,500,IForest,0.04,4,uncertainty,True,1.0
13_fraud,500,IForest,0.04,0,uncertainty,False,0.984
13_fraud,500,IForest,0.04,1,uncertainty,False,0.996
13_fraud,500,IForest,0.04,2,uncertainty,False,0.29
13_fraud,500,IForest,0.04,3,uncertainty,False,0.994
13_fraud,500,IForest,0.04,4,uncertainty,False,0.996
13_fraud,499,IForest,0.04,0,anomalous,True,0.996
13_fraud,500,IForest,0.04,1,anomalous,True,0.99
13_fraud,499,IForest,0.04,2,anomalous,True,0.126
13_fraud,500,IForest,0.04,3,anomalous,True,0.988
13_fraud,500,IForest,0.04,4,anomalous,True,1.0
13_fraud,499,IForest,0.04,0,anomalous,False,1.0
13_fraud,499,IForest,0.04,1,anomalous,False,0.992
13_fraud,499,IForest,0.04,2,anomalous,False,0.1159999999999999
13_fraud,500,IForest,0.04,3,anomalous,False,0.988
13_fraud,499,IForest,0.04,4,anomalous,False,0.996
13_fraud,498,IForest,0.04,0,clusters,True,0.998
13_fraud,500,IForest,0.04,1,clusters,True,0.99
13_fraud,499,IForest,0.04,2,clusters,True,0.2079999999999999
13_fraud,500,IForest,0.04,3,clusters,True,0.996
13_fraud,500,IForest,0.04,4,clusters,True,0.998
13_fraud,499,IForest,0.04,0,clusters,False,0.99
13_fraud,499,IForest,0.04,1,clusters,False,0.974
13_fraud,499,IForest,0.04,2,clusters,False,0.3279999999999999
13_fraud,500,IForest,0.04,3,clusters,False,0.99
13_fraud,500,IForest,0.04,4,clusters,False,1.0
13_fraud,500,KNN,0.06,0,random,True,1.0
13_fraud,500,KNN,0.06,1,random,True,0.998
13_fraud,500,KNN,0.06,2,random,True,0.262
13_fraud,500,KNN,0.06,3,random,True,1.0
13_fraud,500,KNN,0.06,4,random,True,1.0
13_fraud,500,KNN,0.06,0,random,False,1.0
13_fraud,500,KNN,0.06,1,random,False,0.998
13_fraud,500,KNN,0.06,2,random,False,0.262
13_fraud,500,KNN,0.06,3,random,False,1.0
13_fraud,500,KNN,0.06,4,random,False,1.0
13_fraud,500,KNN,0.06,0,uncertainty,True,1.0
13_fraud,500,KNN,0.06,1,uncertainty,True,0.998
13_fraud,500,KNN,0.06,2,uncertainty,True,0.262
13_fraud,500,KNN,0.06,3,uncertainty,True,1.0
13_fraud,500,KNN,0.06,4,uncertainty,True,1.0
13_fraud,500,KNN,0.06,0,uncertainty,False,1.0
13_fraud,500,KNN,0.06,1,uncertainty,False,0.998
13_fraud,500,KNN,0.06,2,uncertainty,False,0.262
13_fraud,500,KNN,0.06,3,uncertainty,False,1.0
13_fraud,500,KNN,0.06,4,uncertainty,False,1.0
13_fraud,499,KNN,0.06,0,anomalous,True,1.0
13_fraud,500,KNN,0.06,1,anomalous,True,0.998
13_fraud,499,KNN,0.06,2,anomalous,True,0.262
13_fraud,500,KNN,0.06,3,anomalous,True,1.0
13_fraud,500,KNN,0.06,4,anomalous,True,1.0
13_fraud,499,KNN,0.06,0,anomalous,False,1.0
13_fraud,499,KNN,0.06,1,anomalous,False,0.998
13_fraud,499,KNN,0.06,2,anomalous,False,0.262
13_fraud,500,KNN,0.06,3,anomalous,False,1.0
13_fraud,499,KNN,0.06,4,anomalous,False,1.0
13_fraud,498,KNN,0.06,0,clusters,True,1.0
13_fraud,500,KNN,0.06,1,clusters,True,0.998
13_fraud,499,KNN,0.06,2,clusters,True,0.262
13_fraud,500,KNN,0.06,3,clusters,True,1.0
13_fraud,500,KNN,0.06,4,clusters,True,1.0
13_fraud,499,KNN,0.06,0,clusters,False,1.0
13_fraud,499,KNN,0.06,1,clusters,False,0.998
13_fraud,499,KNN,0.06,2,clusters,False,0.262
13_fraud,500,KNN,0.06,3,clusters,False,1.0
13_fraud,500,KNN,0.06,4,clusters,False,1.0
13_fraud,500,IForest,0.06,0,random,True,1.0
13_fraud,500,IForest,0.06,1,random,True,0.99
13_fraud,500,IForest,0.06,2,random,True,0.18
13_fraud,500,IForest,0.06,3,random,True,0.992
13_fraud,500,IForest,0.06,4,random,True,1.0
13_fraud,500,IForest,0.06,0,random,False,0.998
13_fraud,500,IForest,0.06,1,random,False,0.994
13_fraud,500,IForest,0.06,2,random,False,0.174
13_fraud,500,IForest,0.06,3,random,False,0.996
13_fraud,500,IForest,0.06,4,random,False,1.0
13_fraud,500,IForest,0.06,0,uncertainty,True,0.998
13_fraud,500,IForest,0.06,1,uncertainty,True,0.992
13_fraud,500,IForest,0.06,2,uncertainty,True,0.1039999999999999
13_fraud,500,IForest,0.06,3,uncertainty,True,0.99
13_fraud,500,IForest,0.06,4,uncertainty,True,1.0
13_fraud,500,IForest,0.06,0,uncertainty,False,0.996
13_fraud,500,IForest,0.06,1,uncertainty,False,0.99
13_fraud,500,IForest,0.06,2,uncertainty,False,0.144
13_fraud,500,IForest,0.06,3,uncertainty,False,0.994
13_fraud,500,IForest,0.06,4,uncertainty,False,1.0
13_fraud,499,IForest,0.06,0,anomalous,True,0.996
13_fraud,500,IForest,0.06,1,anomalous,True,0.99
13_fraud,499,IForest,0.06,2,anomalous,True,0.2219999999999999
13_fraud,500,IForest,0.06,3,anomalous,True,0.998
13_fraud,500,IForest,0.06,4,anomalous,True,1.0
13_fraud,499,IForest,0.06,0,anomalous,False,0.996
13_fraud,499,IForest,0.06,1,anomalous,False,0.984
13_fraud,499,IForest,0.06,2,anomalous,False,0.14
13_fraud,500,IForest,0.06,3,anomalous,False,0.986
13_fraud,499,IForest,0.06,4,anomalous,False,0.996
13_fraud,498,IForest,0.06,0,clusters,True,0.994
13_fraud,500,IForest,0.06,1,clusters,True,0.994
13_fraud,499,IForest,0.06,2,clusters,True,0.14
13_fraud,500,IForest,0.06,3,clusters,True,0.994
13_fraud,500,IForest,0.06,4,clusters,True,0.998
13_fraud,499,IForest,0.06,0,clusters,False,0.996
13_fraud,499,IForest,0.06,1,clusters,False,0.986
13_fraud,499,IForest,0.06,2,clusters,False,0.2279999999999999
13_fraud,500,IForest,0.06,3,clusters,False,0.996
13_fraud,500,IForest,0.06,4,clusters,False,0.996
13_fraud,500,KNN,0.08,0,random,True,1.0
13_fraud,500,KNN,0.08,1,random,True,0.998
13_fraud,500,KNN,0.08,2,random,True,0.262
13_fraud,500,KNN,0.08,3,random,True,1.0
13_fraud,500,KNN,0.08,4,random,True,1.0
13_fraud,500,KNN,0.08,0,random,False,1.0
13_fraud,500,KNN,0.08,1,random,False,0.998
13_fraud,500,KNN,0.08,2,random,False,0.262
13_fraud,500,KNN,0.08,3,random,False,1.0
13_fraud,500,KNN,0.08,4,random,False,1.0
13_fraud,500,KNN,0.08,0,uncertainty,True,1.0
13_fraud,500,KNN,0.08,1,uncertainty,True,0.998
13_fraud,500,KNN,0.08,2,uncertainty,True,0.262
13_fraud,500,KNN,0.08,3,uncertainty,True,1.0
13_fraud,500,KNN,0.08,4,uncertainty,True,1.0
13_fraud,500,KNN,0.08,0,uncertainty,False,1.0
13_fraud,500,KNN,0.08,1,uncertainty,False,0.998
13_fraud,500,KNN,0.08,2,uncertainty,False,0.262
13_fraud,500,KNN,0.08,3,uncertainty,False,1.0
13_fraud,500,KNN,0.08,4,uncertainty,False,1.0
13_fraud,499,KNN,0.08,0,anomalous,True,1.0
13_fraud,500,KNN,0.08,1,anomalous,True,0.998
13_fraud,499,KNN,0.08,2,anomalous,True,0.262
13_fraud,500,KNN,0.08,3,anomalous,True,1.0
13_fraud,500,KNN,0.08,4,anomalous,True,1.0
13_fraud,499,KNN,0.08,0,anomalous,False,1.0
13_fraud,499,KNN,0.08,1,anomalous,False,0.998
13_fraud,499,KNN,0.08,2,anomalous,False,0.262
13_fraud,500,KNN,0.08,3,anomalous,False,1.0
13_fraud,499,KNN,0.08,4,anomalous,False,1.0
13_fraud,498,KNN,0.08,0,clusters,True,1.0
13_fraud,500,KNN,0.08,1,clusters,True,0.998
13_fraud,499,KNN,0.08,2,clusters,True,0.262
13_fraud,500,KNN,0.08,3,clusters,True,1.0
13_fraud,500,KNN,0.08,4,clusters,True,1.0
13_fraud,499,KNN,0.08,0,clusters,False,1.0
13_fraud,499,KNN,0.08,1,clusters,False,0.998
13_fraud,499,KNN,0.08,2,clusters,False,0.262
13_fraud,500,KNN,0.08,3,clusters,False,1.0
13_fraud,500,KNN,0.08,4,clusters,False,1.0
13_fraud,500,IForest,0.08,0,random,True,0.996
13_fraud,500,IForest,0.08,1,random,True,0.992
13_fraud,500,IForest,0.08,2,random,True,0.1959999999999999
13_fraud,500,IForest,0.08,3,random,True,0.99
13_fraud,500,IForest,0.08,4,random,True,0.996
13_fraud,500,IForest,0.08,0,random,False,1.0
13_fraud,500,IForest,0.08,1,random,False,0.992
13_fraud,500,IForest,0.08,2,random,False,0.174
13_fraud,500,IForest,0.08,3,random,False,0.992
13_fraud,500,IForest,0.08,4,random,False,0.996
13_fraud,500,IForest,0.08,0,uncertainty,True,0.994
13_fraud,500,IForest,0.08,1,uncertainty,True,0.988
13_fraud,500,IForest,0.08,2,uncertainty,True,0.2079999999999999
13_fraud,500,IForest,0.08,3,uncertainty,True,0.986
13_fraud,500,IForest,0.08,4,uncertainty,True,0.998
13_fraud,500,IForest,0.08,0,uncertainty,False,0.99
13_fraud,500,IForest,0.08,1,uncertainty,False,0.982
13_fraud,500,IForest,0.08,2,uncertainty,False,0.0719999999999999
13_fraud,500,IForest,0.08,3,uncertainty,False,0.996
13_fraud,500,IForest,0.08,4,uncertainty,False,1.0
13_fraud,499,IForest,0.08,0,anomalous,True,0.998
13_fraud,500,IForest,0.08,1,anomalous,True,0.992
13_fraud,499,IForest,0.08,2,anomalous,True,0.162
13_fraud,500,IForest,0.08,3,anomalous,True,0.984
13_fraud,500,IForest,0.08,4,anomalous,True,0.998
13_fraud,499,IForest,0.08,0,anomalous,False,0.996
13_fraud,499,IForest,0.08,1,anomalous,False,0.98
13_fraud,499,IForest,0.08,2,anomalous,False,0.2019999999999999
13_fraud,500,IForest,0.08,3,anomalous,False,0.992
13_fraud,499,IForest,0.08,4,anomalous,False,1.0
13_fraud,498,IForest,0.08,0,clusters,True,0.996
13_fraud,500,IForest,0.08,1,clusters,True,0.994
13_fraud,499,IForest,0.08,2,clusters,True,0.254
13_fraud,500,IForest,0.08,3,clusters,True,0.992
13_fraud,500,IForest,0.08,4,clusters,True,1.0
13_fraud,499,IForest,0.08,0,clusters,False,0.994
13_fraud,499,IForest,0.08,1,clusters,False,0.982
13_fraud,499,IForest,0.08,2,clusters,False,0.2239999999999999
13_fraud,500,IForest,0.08,3,clusters,False,0.99
13_fraud,500,IForest,0.08,4,clusters,False,1.0
13_fraud,500,KNN,0.1,0,random,True,1.0
13_fraud,500,KNN,0.1,1,random,True,0.998
13_fraud,500,KNN,0.1,2,random,True,0.262
13_fraud,500,KNN,0.1,3,random,True,1.0
13_fraud,500,KNN,0.1,4,random,True,1.0
13_fraud,500,KNN,0.1,0,random,False,1.0
13_fraud,500,KNN,0.1,1,random,False,0.998
13_fraud,500,KNN,0.1,2,random,False,0.262
13_fraud,500,KNN,0.1,3,random,False,1.0
13_fraud,500,KNN,0.1,4,random,False,1.0
13_fraud,500,KNN,0.1,0,uncertainty,True,1.0
13_fraud,500,KNN,0.1,1,uncertainty,True,0.998
13_fraud,500,KNN,0.1,2,uncertainty,True,0.262
13_fraud,500,KNN,0.1,3,uncertainty,True,1.0
13_fraud,500,KNN,0.1,4,uncertainty,True,1.0
13_fraud,500,KNN,0.1,0,uncertainty,False,1.0
13_fraud,500,KNN,0.1,1,uncertainty,False,0.998
13_fraud,500,KNN,0.1,2,uncertainty,False,0.262
13_fraud,500,KNN,0.1,3,uncertainty,False,1.0
13_fraud,500,KNN,0.1,4,uncertainty,False,1.0
13_fraud,499,KNN,0.1,0,anomalous,True,1.0
13_fraud,500,KNN,0.1,1,anomalous,True,0.998
13_fraud,499,KNN,0.1,2,anomalous,True,0.262
13_fraud,500,KNN,0.1,3,anomalous,True,1.0
13_fraud,500,KNN,0.1,4,anomalous,True,1.0
13_fraud,499,KNN,0.1,0,anomalous,False,1.0
13_fraud,499,KNN,0.1,1,anomalous,False,0.998
13_fraud,499,KNN,0.1,2,anomalous,False,0.262
13_fraud,500,KNN,0.1,3,anomalous,False,1.0
13_fraud,499,KNN,0.1,4,anomalous,False,1.0
13_fraud,499,KNN,0.1,0,clusters,True,1.0
13_fraud,500,KNN,0.1,1,clusters,True,0.998
13_fraud,499,KNN,0.1,2,clusters,True,0.262
13_fraud,500,KNN,0.1,3,clusters,True,1.0
13_fraud,500,KNN,0.1,4,clusters,True,1.0
13_fraud,499,KNN,0.1,0,clusters,False,1.0
13_fraud,499,KNN,0.1,1,clusters,False,0.998
13_fraud,499,KNN,0.1,2,clusters,False,0.262
13_fraud,500,KNN,0.1,3,clusters,False,1.0
13_fraud,500,KNN,0.1,4,clusters,False,1.0
13_fraud,500,IForest,0.1,0,random,True,1.0
13_fraud,500,IForest,0.1,1,random,True,0.99
13_fraud,500,IForest,0.1,2,random,True,0.252
13_fraud,500,IForest,0.1,3,random,True,0.994
13_fraud,500,IForest,0.1,4,random,True,1.0
13_fraud,500,IForest,0.1,0,random,False,0.996
13_fraud,500,IForest,0.1,1,random,False,0.99
13_fraud,500,IForest,0.1,2,random,False,0.2299999999999999
13_fraud,500,IForest,0.1,3,random,False,0.994
13_fraud,500,IForest,0.1,4,random,False,1.0
13_fraud,500,IForest,0.1,0,uncertainty,True,0.998
13_fraud,500,IForest,0.1,1,uncertainty,True,0.986
13_fraud,500,IForest,0.1,2,uncertainty,True,0.2019999999999999
13_fraud,500,IForest,0.1,3,uncertainty,True,0.992
13_fraud,500,IForest,0.1,4,uncertainty,True,0.998
13_fraud,500,IForest,0.1,0,uncertainty,False,0.996
13_fraud,500,IForest,0.1,1,uncertainty,False,0.992
13_fraud,500,IForest,0.1,2,uncertainty,False,0.2239999999999999
13_fraud,500,IForest,0.1,3,uncertainty,False,0.988
13_fraud,500,IForest,0.1,4,uncertainty,False,0.996
13_fraud,499,IForest,0.1,0,anomalous,True,0.998
13_fraud,500,IForest,0.1,1,anomalous,True,0.99
13_fraud,499,IForest,0.1,2,anomalous,True,0.18
13_fraud,500,IForest,0.1,3,anomalous,True,0.99
13_fraud,500,IForest,0.1,4,anomalous,True,0.998
13_fraud,499,IForest,0.1,0,anomalous,False,0.994
13_fraud,499,IForest,0.1,1,anomalous,False,0.98
13_fraud,499,IForest,0.1,2,anomalous,False,0.2259999999999999
13_fraud,500,IForest,0.1,3,anomalous,False,0.996
13_fraud,499,IForest,0.1,4,anomalous,False,1.0
13_fraud,499,IForest,0.1,0,clusters,True,0.994
13_fraud,500,IForest,0.1,1,clusters,True,0.992
13_fraud,499,IForest,0.1,2,clusters,True,0.2039999999999999
13_fraud,500,IForest,0.1,3,clusters,True,0.99
13_fraud,500,IForest,0.1,4,clusters,True,1.0
13_fraud,499,IForest,0.1,0,clusters,False,0.996
13_fraud,499,IForest,0.1,1,clusters,False,0.986
13_fraud,499,IForest,0.1,2,clusters,False,0.038
13_fraud,500,IForest,0.1,3,clusters,False,0.998
13_fraud,500,IForest,0.1,4,clusters,False,1.0
13_fraud,498,KNN,0.15,0,random,True,1.0
13_fraud,500,KNN,0.15,1,random,True,0.998
13_fraud,500,KNN,0.15,2,random,True,0.262
13_fraud,500,KNN,0.15,3,random,True,1.0
13_fraud,500,KNN,0.15,4,random,True,1.0
13_fraud,499,KNN,0.15,0,random,False,1.0
13_fraud,500,KNN,0.15,1,random,False,0.998
13_fraud,500,KNN,0.15,2,random,False,0.262
13_fraud,500,KNN,0.15,3,random,False,1.0
13_fraud,500,KNN,0.15,4,random,False,1.0
13_fraud,500,KNN,0.15,0,uncertainty,True,1.0
13_fraud,500,KNN,0.15,1,uncertainty,True,0.998
13_fraud,500,KNN,0.15,2,uncertainty,True,0.262
13_fraud,500,KNN,0.15,3,uncertainty,True,1.0
13_fraud,500,KNN,0.15,4,uncertainty,True,1.0
13_fraud,500,KNN,0.15,0,uncertainty,False,1.0
13_fraud,500,KNN,0.15,1,uncertainty,False,0.998
13_fraud,500,KNN,0.15,2,uncertainty,False,0.262
13_fraud,500,KNN,0.15,3,uncertainty,False,1.0
13_fraud,500,KNN,0.15,4,uncertainty,False,1.0
13_fraud,499,KNN,0.15,0,anomalous,True,1.0
13_fraud,500,KNN,0.15,1,anomalous,True,0.998
13_fraud,499,KNN,0.15,2,anomalous,True,0.262
13_fraud,500,KNN,0.15,3,anomalous,True,1.0
13_fraud,500,KNN,0.15,4,anomalous,True,1.0
13_fraud,499,KNN,0.15,0,anomalous,False,1.0
13_fraud,499,KNN,0.15,1,anomalous,False,0.998
13_fraud,499,KNN,0.15,2,anomalous,False,0.262
13_fraud,500,KNN,0.15,3,anomalous,False,1.0
13_fraud,499,KNN,0.15,4,anomalous,False,1.0
13_fraud,499,KNN,0.15,0,clusters,True,1.0
13_fraud,500,KNN,0.15,1,clusters,True,0.998
13_fraud,499,KNN,0.15,2,clusters,True,0.262
13_fraud,500,KNN,0.15,3,clusters,True,1.0
13_fraud,500,KNN,0.15,4,clusters,True,1.0
13_fraud,499,KNN,0.15,0,clusters,False,1.0
13_fraud,499,KNN,0.15,1,clusters,False,0.998
13_fraud,499,KNN,0.15,2,clusters,False,0.262
13_fraud,500,KNN,0.15,3,clusters,False,1.0
13_fraud,499,KNN,0.15,4,clusters,False,1.0
13_fraud,498,IForest,0.15,0,random,True,0.988
13_fraud,500,IForest,0.15,1,random,True,0.988
13_fraud,500,IForest,0.15,2,random,True,0.2059999999999999
13_fraud,500,IForest,0.15,3,random,True,0.984
13_fraud,500,IForest,0.15,4,random,True,1.0
13_fraud,499,IForest,0.15,0,random,False,0.992
13_fraud,500,IForest,0.15,1,random,False,0.988
13_fraud,500,IForest,0.15,2,random,False,0.272
13_fraud,500,IForest,0.15,3,random,False,0.992
13_fraud,500,IForest,0.15,4,random,False,1.0
13_fraud,500,IForest,0.15,0,uncertainty,True,0.994
13_fraud,500,IForest,0.15,1,uncertainty,True,0.988
13_fraud,500,IForest,0.15,2,uncertainty,True,0.28
13_fraud,500,IForest,0.15,3,uncertainty,True,0.99
13_fraud,500,IForest,0.15,4,uncertainty,True,1.0
13_fraud,500,IForest,0.15,0,uncertainty,False,1.0
13_fraud,500,IForest,0.15,1,uncertainty,False,0.986
13_fraud,500,IForest,0.15,2,uncertainty,False,0.2079999999999999
13_fraud,500,IForest,0.15,3,uncertainty,False,0.996
13_fraud,500,IForest,0.15,4,uncertainty,False,0.998
13_fraud,499,IForest,0.15,0,anomalous,True,0.994
13_fraud,500,IForest,0.15,1,anomalous,True,0.988
13_fraud,499,IForest,0.15,2,anomalous,True,0.144
13_fraud,500,IForest,0.15,3,anomalous,True,0.996
13_fraud,500,IForest,0.15,4,anomalous,True,0.998
13_fraud,499,IForest,0.15,0,anomalous,False,0.998
13_fraud,499,IForest,0.15,1,anomalous,False,0.984
13_fraud,499,IForest,0.15,2,anomalous,False,0.1099999999999999
13_fraud,500,IForest,0.15,3,anomalous,False,0.992
13_fraud,499,IForest,0.15,4,anomalous,False,1.0
13_fraud,499,IForest,0.15,0,clusters,True,0.998
13_fraud,500,IForest,0.15,1,clusters,True,0.988
13_fraud,499,IForest,0.15,2,clusters,True,0.2039999999999999
13_fraud,500,IForest,0.15,3,clusters,True,0.996
13_fraud,500,IForest,0.15,4,clusters,True,0.998
13_fraud,499,IForest,0.15,0,clusters,False,1.0
13_fraud,499,IForest,0.15,1,clusters,False,0.98
13_fraud,499,IForest,0.15,2,clusters,False,0.174
13_fraud,500,IForest,0.15,3,clusters,False,0.99
13_fraud,499,IForest,0.15,4,clusters,False,0.998
13_fraud,498,KNN,0.2,0,random,True,1.0
13_fraud,500,KNN,0.2,1,random,True,0.998
13_fraud,500,KNN,0.2,2,random,True,0.262
13_fraud,500,KNN,0.2,3,random,True,1.0
13_fraud,500,KNN,0.2,4,random,True,1.0
13_fraud,499,KNN,0.2,0,random,False,1.0
13_fraud,500,KNN,0.2,1,random,False,0.998
13_fraud,500,KNN,0.2,2,random,False,0.262
13_fraud,500,KNN,0.2,3,random,False,1.0
13_fraud,500,KNN,0.2,4,random,False,1.0
13_fraud,500,KNN,0.2,0,uncertainty,True,1.0
13_fraud,500,KNN,0.2,1,uncertainty,True,0.998
13_fraud,500,KNN,0.2,2,uncertainty,True,0.262
13_fraud,500,KNN,0.2,3,uncertainty,True,1.0
13_fraud,500,KNN,0.2,4,uncertainty,True,1.0
13_fraud,500,KNN,0.2,0,uncertainty,False,1.0
13_fraud,500,KNN,0.2,1,uncertainty,False,0.998
13_fraud,500,KNN,0.2,2,uncertainty,False,0.262
13_fraud,500,KNN,0.2,3,uncertainty,False,1.0
13_fraud,500,KNN,0.2,4,uncertainty,False,1.0
13_fraud,499,KNN,0.2,0,anomalous,True,1.0
13_fraud,500,KNN,0.2,1,anomalous,True,0.998
13_fraud,499,KNN,0.2,2,anomalous,True,0.262
13_fraud,500,KNN,0.2,3,anomalous,True,1.0
13_fraud,500,KNN,0.2,4,anomalous,True,1.0
13_fraud,499,KNN,0.2,0,anomalous,False,1.0
13_fraud,499,KNN,0.2,1,anomalous,False,0.998
13_fraud,499,KNN,0.2,2,anomalous,False,0.262
13_fraud,500,KNN,0.2,3,anomalous,False,1.0
13_fraud,499,KNN,0.2,4,anomalous,False,1.0
13_fraud,499,KNN,0.2,0,clusters,True,1.0
13_fraud,500,KNN,0.2,1,clusters,True,0.998
13_fraud,499,KNN,0.2,2,clusters,True,0.262
13_fraud,500,KNN,0.2,3,clusters,True,1.0
13_fraud,500,KNN,0.2,4,clusters,True,1.0
13_fraud,499,KNN,0.2,0,clusters,False,1.0
13_fraud,499,KNN,0.2,1,clusters,False,0.998
13_fraud,499,KNN,0.2,2,clusters,False,0.262
13_fraud,500,KNN,0.2,3,clusters,False,1.0
13_fraud,499,KNN,0.2,4,clusters,False,1.0
13_fraud,498,IForest,0.2,0,random,True,0.986
13_fraud,500,IForest,0.2,1,random,True,0.992
13_fraud,500,IForest,0.2,2,random,True,0.144
13_fraud,500,IForest,0.2,3,random,True,0.998
13_fraud,500,IForest,0.2,4,random,True,1.0
13_fraud,499,IForest,0.2,0,random,False,0.998
13_fraud,500,IForest,0.2,1,random,False,0.988
13_fraud,500,IForest,0.2,2,random,False,0.3
13_fraud,500,IForest,0.2,3,random,False,0.992
13_fraud,500,IForest,0.2,4,random,False,0.996
13_fraud,500,IForest,0.2,0,uncertainty,True,1.0
13_fraud,500,IForest,0.2,1,uncertainty,True,0.984
13_fraud,500,IForest,0.2,2,uncertainty,True,0.262
13_fraud,500,IForest,0.2,3,uncertainty,True,0.992
13_fraud,500,IForest,0.2,4,uncertainty,True,1.0
13_fraud,500,IForest,0.2,0,uncertainty,False,0.996
13_fraud,500,IForest,0.2,1,uncertainty,False,0.996
13_fraud,500,IForest,0.2,2,uncertainty,False,0.182
13_fraud,500,IForest,0.2,3,uncertainty,False,0.996
13_fraud,500,IForest,0.2,4,uncertainty,False,0.996
13_fraud,499,IForest,0.2,0,anomalous,True,1.0
13_fraud,500,IForest,0.2,1,anomalous,True,0.988
13_fraud,499,IForest,0.2,2,anomalous,True,0.0719999999999999
13_fraud,500,IForest,0.2,3,anomalous,True,0.988
13_fraud,500,IForest,0.2,4,anomalous,True,1.0
13_fraud,499,IForest,0.2,0,anomalous,False,0.996
13_fraud,499,IForest,0.2,1,anomalous,False,0.99
13_fraud,499,IForest,0.2,2,anomalous,False,0.1119999999999999
13_fraud,500,IForest,0.2,3,anomalous,False,0.996
13_fraud,499,IForest,0.2,4,anomalous,False,1.0
13_fraud,499,IForest,0.2,0,clusters,True,1.0
13_fraud,500,IForest,0.2,1,clusters,True,0.988
13_fraud,499,IForest,0.2,2,clusters,True,0.288
13_fraud,500,IForest,0.2,3,clusters,True,0.994
13_fraud,500,IForest,0.2,4,clusters,True,0.998
13_fraud,499,IForest,0.2,0,clusters,False,1.0
13_fraud,499,IForest,0.2,1,clusters,False,0.992
13_fraud,499,IForest,0.2,2,clusters,False,0.174
13_fraud,500,IForest,0.2,3,clusters,False,0.99
13_fraud,499,IForest,0.2,4,clusters,False,0.996
13_fraud,498,KNN,0.3,0,random,True,1.0
13_fraud,500,KNN,0.3,1,random,True,0.998
13_fraud,499,KNN,0.3,2,random,True,0.262
13_fraud,500,KNN,0.3,3,random,True,1.0
13_fraud,500,KNN,0.3,4,random,True,1.0
13_fraud,499,KNN,0.3,0,random,False,1.0
13_fraud,500,KNN,0.3,1,random,False,0.998
13_fraud,499,KNN,0.3,2,random,False,0.262
13_fraud,500,KNN,0.3,3,random,False,1.0
13_fraud,500,KNN,0.3,4,random,False,1.0
13_fraud,500,KNN,0.3,0,uncertainty,True,1.0
13_fraud,500,KNN,0.3,1,uncertainty,True,0.998
13_fraud,500,KNN,0.3,2,uncertainty,True,0.262
13_fraud,500,KNN,0.3,3,uncertainty,True,1.0
13_fraud,500,KNN,0.3,4,uncertainty,True,1.0
13_fraud,500,KNN,0.3,0,uncertainty,False,1.0
13_fraud,500,KNN,0.3,1,uncertainty,False,0.998
13_fraud,500,KNN,0.3,2,uncertainty,False,0.262
13_fraud,500,KNN,0.3,3,uncertainty,False,1.0
13_fraud,500,KNN,0.3,4,uncertainty,False,1.0
13_fraud,499,KNN,0.3,0,anomalous,True,1.0
13_fraud,500,KNN,0.3,1,anomalous,True,0.998
13_fraud,499,KNN,0.3,2,anomalous,True,0.262
13_fraud,500,KNN,0.3,3,anomalous,True,1.0
13_fraud,500,KNN,0.3,4,anomalous,True,1.0
13_fraud,499,KNN,0.3,0,anomalous,False,1.0
13_fraud,499,KNN,0.3,1,anomalous,False,0.998
13_fraud,499,KNN,0.3,2,anomalous,False,0.262
13_fraud,500,KNN,0.3,3,anomalous,False,1.0
13_fraud,499,KNN,0.3,4,anomalous,False,1.0
13_fraud,499,KNN,0.3,0,clusters,True,1.0
13_fraud,500,KNN,0.3,1,clusters,True,0.998
13_fraud,499,KNN,0.3,2,clusters,True,0.262
13_fraud,500,KNN,0.3,3,clusters,True,1.0
13_fraud,500,KNN,0.3,4,clusters,True,1.0
13_fraud,499,KNN,0.3,0,clusters,False,1.0
13_fraud,499,KNN,0.3,1,clusters,False,0.998
13_fraud,499,KNN,0.3,2,clusters,False,0.262
13_fraud,500,KNN,0.3,3,clusters,False,1.0
13_fraud,499,KNN,0.3,4,clusters,False,1.0
13_fraud,498,IForest,0.3,0,random,True,0.99
13_fraud,500,IForest,0.3,1,random,True,0.984
13_fraud,499,IForest,0.3,2,random,True,0.2039999999999999
13_fraud,500,IForest,0.3,3,random,True,0.988
13_fraud,500,IForest,0.3,4,random,True,0.996
13_fraud,499,IForest,0.3,0,random,False,0.992
13_fraud,500,IForest,0.3,1,random,False,0.994
13_fraud,499,IForest,0.3,2,random,False,0.25
13_fraud,500,IForest,0.3,3,random,False,0.994
13_fraud,500,IForest,0.3,4,random,False,1.0
13_fraud,500,IForest,0.3,0,uncertainty,True,0.996
13_fraud,500,IForest,0.3,1,uncertainty,True,0.99
13_fraud,500,IForest,0.3,2,uncertainty,True,0.176
13_fraud,500,IForest,0.3,3,uncertainty,True,0.992
13_fraud,500,IForest,0.3,4,uncertainty,True,0.998
13_fraud,500,IForest,0.3,0,uncertainty,False,0.994
13_fraud,500,IForest,0.3,1,uncertainty,False,0.99
13_fraud,500,IForest,0.3,2,uncertainty,False,0.16
13_fraud,500,IForest,0.3,3,uncertainty,False,0.998
13_fraud,500,IForest,0.3,4,uncertainty,False,0.998
13_fraud,499,IForest,0.3,0,anomalous,True,0.996
13_fraud,500,IForest,0.3,1,anomalous,True,0.994
13_fraud,499,IForest,0.3,2,anomalous,True,0.3139999999999999
13_fraud,500,IForest,0.3,3,anomalous,True,0.998
13_fraud,500,IForest,0.3,4,anomalous,True,0.998
13_fraud,499,IForest,0.3,0,anomalous,False,0.998
13_fraud,499,IForest,0.3,1,anomalous,False,0.986
13_fraud,499,IForest,0.3,2,anomalous,False,0.124
13_fraud,500,IForest,0.3,3,anomalous,False,0.996
13_fraud,499,IForest,0.3,4,anomalous,False,0.998
13_fraud,499,IForest,0.3,0,clusters,True,0.996
13_fraud,500,IForest,0.3,1,clusters,True,0.992
13_fraud,499,IForest,0.3,2,clusters,True,0.2059999999999999
13_fraud,500,IForest,0.3,3,clusters,True,0.996
13_fraud,500,IForest,0.3,4,clusters,True,0.998
13_fraud,499,IForest,0.3,0,clusters,False,0.996
13_fraud,499,IForest,0.3,1,clusters,False,0.99
13_fraud,499,IForest,0.3,2,clusters,False,0.2279999999999999
13_fraud,500,IForest,0.3,3,clusters,False,0.984
13_fraud,499,IForest,0.3,4,clusters,False,0.996
13_fraud,498,KNN,0.45,0,random,True,1.0
13_fraud,500,KNN,0.45,1,random,True,0.998
13_fraud,499,KNN,0.45,2,random,True,0.262
13_fraud,500,KNN,0.45,3,random,True,1.0
13_fraud,500,KNN,0.45,4,random,True,1.0
13_fraud,499,KNN,0.45,0,random,False,1.0
13_fraud,500,KNN,0.45,1,random,False,0.998
13_fraud,499,KNN,0.45,2,random,False,0.262
13_fraud,500,KNN,0.45,3,random,False,1.0
13_fraud,499,KNN,0.45,4,random,False,1.0
13_fraud,500,KNN,0.45,0,uncertainty,True,1.0
13_fraud,500,KNN,0.45,1,uncertainty,True,0.998
13_fraud,500,KNN,0.45,2,uncertainty,True,0.262
13_fraud,498,KNN,0.45,3,uncertainty,True,1.0
13_fraud,500,KNN,0.45,4,uncertainty,True,1.0
13_fraud,500,KNN,0.45,0,uncertainty,False,1.0
13_fraud,500,KNN,0.45,1,uncertainty,False,0.998
13_fraud,500,KNN,0.45,2,uncertainty,False,0.262
13_fraud,499,KNN,0.45,3,uncertainty,False,1.0
13_fraud,500,KNN,0.45,4,uncertainty,False,1.0
13_fraud,499,KNN,0.45,0,anomalous,True,1.0
13_fraud,500,KNN,0.45,1,anomalous,True,0.998
13_fraud,499,KNN,0.45,2,anomalous,True,0.262
13_fraud,497,KNN,0.45,3,anomalous,True,1.0
13_fraud,500,KNN,0.45,4,anomalous,True,1.0
13_fraud,499,KNN,0.45,0,anomalous,False,1.0
13_fraud,499,KNN,0.45,1,anomalous,False,0.998
13_fraud,499,KNN,0.45,2,anomalous,False,0.262
13_fraud,499,KNN,0.45,3,anomalous,False,1.0
13_fraud,499,KNN,0.45,4,anomalous,False,1.0
13_fraud,499,KNN,0.45,0,clusters,True,1.0
13_fraud,500,KNN,0.45,1,clusters,True,0.998
13_fraud,499,KNN,0.45,2,clusters,True,0.262
13_fraud,498,KNN,0.45,3,clusters,True,1.0
13_fraud,500,KNN,0.45,4,clusters,True,1.0
13_fraud,499,KNN,0.45,0,clusters,False,1.0
13_fraud,499,KNN,0.45,1,clusters,False,0.998
13_fraud,499,KNN,0.45,2,clusters,False,0.262
13_fraud,499,KNN,0.45,3,clusters,False,1.0
13_fraud,499,KNN,0.45,4,clusters,False,1.0
13_fraud,498,IForest,0.45,0,random,True,0.992
13_fraud,500,IForest,0.45,1,random,True,0.984
13_fraud,499,IForest,0.45,2,random,True,0.132
13_fraud,500,IForest,0.45,3,random,True,0.994
13_fraud,500,IForest,0.45,4,random,True,1.0
13_fraud,499,IForest,0.45,0,random,False,0.996
13_fraud,500,IForest,0.45,1,random,False,0.984
13_fraud,499,IForest,0.45,2,random,False,0.3179999999999999
13_fraud,500,IForest,0.45,3,random,False,0.992
13_fraud,499,IForest,0.45,4,random,False,0.996
13_fraud,500,IForest,0.45,0,uncertainty,True,0.986
13_fraud,500,IForest,0.45,1,uncertainty,True,0.992
13_fraud,500,IForest,0.45,2,uncertainty,True,0.184
13_fraud,498,IForest,0.45,3,uncertainty,True,0.994
13_fraud,500,IForest,0.45,4,uncertainty,True,1.0
13_fraud,500,IForest,0.45,0,uncertainty,False,1.0
13_fraud,500,IForest,0.45,1,uncertainty,False,0.986
13_fraud,500,IForest,0.45,2,uncertainty,False,0.248
13_fraud,499,IForest,0.45,3,uncertainty,False,0.992
13_fraud,500,IForest,0.45,4,uncertainty,False,1.0
13_fraud,499,IForest,0.45,0,anomalous,True,0.998
13_fraud,500,IForest,0.45,1,anomalous,True,0.99
13_fraud,499,IForest,0.45,2,anomalous,True,0.284
13_fraud,500,IForest,0.45,3,anomalous,True,0.996
13_fraud,500,IForest,0.45,4,anomalous,True,1.0
13_fraud,499,IForest,0.45,0,anomalous,False,0.994
13_fraud,499,IForest,0.45,1,anomalous,False,0.986
13_fraud,499,IForest,0.45,2,anomalous,False,0.354
13_fraud,500,IForest,0.45,3,anomalous,False,0.992
13_fraud,499,IForest,0.45,4,anomalous,False,1.0
13_fraud,499,IForest,0.45,0,clusters,True,0.996
13_fraud,500,IForest,0.45,1,clusters,True,0.992
13_fraud,499,IForest,0.45,2,clusters,True,0.1959999999999999
13_fraud,498,IForest,0.45,3,clusters,True,0.99
13_fraud,500,IForest,0.45,4,clusters,True,0.996
13_fraud,499,IForest,0.45,0,clusters,False,0.998
13_fraud,499,IForest,0.45,1,clusters,False,0.99
13_fraud,499,IForest,0.45,2,clusters,False,0.16
13_fraud,499,IForest,0.45,3,clusters,False,1.0
13_fraud,499,IForest,0.45,4,clusters,False,1.0
13_fraud,499,KNN,0.7,0,random,True,1.0
13_fraud,500,KNN,0.7,1,random,True,0.998
13_fraud,499,KNN,0.7,2,random,True,0.262
13_fraud,499,KNN,0.7,3,random,True,1.0
13_fraud,500,KNN,0.7,4,random,True,1.0
13_fraud,499,KNN,0.7,0,random,False,1.0
13_fraud,500,KNN,0.7,1,random,False,0.998
13_fraud,499,KNN,0.7,2,random,False,0.262
13_fraud,499,KNN,0.7,3,random,False,1.0
13_fraud,499,KNN,0.7,4,random,False,1.0
13_fraud,500,KNN,0.7,0,uncertainty,True,1.0
13_fraud,500,KNN,0.7,1,uncertainty,True,0.998
13_fraud,500,KNN,0.7,2,uncertainty,True,0.262
13_fraud,499,KNN,0.7,3,uncertainty,True,1.0
13_fraud,500,KNN,0.7,4,uncertainty,True,1.0
13_fraud,500,KNN,0.7,0,uncertainty,False,1.0
13_fraud,499,KNN,0.7,1,uncertainty,False,0.998
13_fraud,500,KNN,0.7,2,uncertainty,False,0.262
13_fraud,499,KNN,0.7,3,uncertainty,False,1.0
13_fraud,499,KNN,0.7,4,uncertainty,False,1.0
13_fraud,499,KNN,0.7,0,anomalous,True,1.0
13_fraud,500,KNN,0.7,1,anomalous,True,0.998
13_fraud,499,KNN,0.7,2,anomalous,True,0.262
13_fraud,499,KNN,0.7,3,anomalous,True,1.0
13_fraud,500,KNN,0.7,4,anomalous,True,1.0
13_fraud,499,KNN,0.7,0,anomalous,False,1.0
13_fraud,499,KNN,0.7,1,anomalous,False,0.998
13_fraud,499,KNN,0.7,2,anomalous,False,0.262
13_fraud,499,KNN,0.7,3,anomalous,False,1.0
13_fraud,499,KNN,0.7,4,anomalous,False,1.0
13_fraud,499,KNN,0.7,0,clusters,True,1.0
13_fraud,500,KNN,0.7,1,clusters,True,0.998
13_fraud,499,KNN,0.7,2,clusters,True,0.262
13_fraud,499,KNN,0.7,3,clusters,True,1.0
13_fraud,500,KNN,0.7,4,clusters,True,1.0
13_fraud,499,KNN,0.7,0,clusters,False,1.0
13_fraud,499,KNN,0.7,1,clusters,False,0.998
13_fraud,499,KNN,0.7,2,clusters,False,0.262
13_fraud,499,KNN,0.7,3,clusters,False,1.0
13_fraud,499,KNN,0.7,4,clusters,False,1.0
13_fraud,499,IForest,0.7,0,random,True,0.988
13_fraud,500,IForest,0.7,1,random,True,0.986
13_fraud,499,IForest,0.7,2,random,True,0.344
13_fraud,499,IForest,0.7,3,random,True,0.998
13_fraud,500,IForest,0.7,4,random,True,1.0
13_fraud,499,IForest,0.7,0,random,False,0.998
13_fraud,500,IForest,0.7,1,random,False,0.992
13_fraud,499,IForest,0.7,2,random,False,0.17
13_fraud,499,IForest,0.7,3,random,False,0.998
13_fraud,499,IForest,0.7,4,random,False,0.996
13_fraud,500,IForest,0.7,0,uncertainty,True,0.986
13_fraud,500,IForest,0.7,1,uncertainty,True,0.99
13_fraud,500,IForest,0.7,2,uncertainty,True,0.278
13_fraud,499,IForest,0.7,3,uncertainty,True,0.996
13_fraud,500,IForest,0.7,4,uncertainty,True,0.996
13_fraud,500,IForest,0.7,0,uncertainty,False,0.996
13_fraud,499,IForest,0.7,1,uncertainty,False,0.988
13_fraud,500,IForest,0.7,2,uncertainty,False,0.124
13_fraud,499,IForest,0.7,3,uncertainty,False,0.992
13_fraud,499,IForest,0.7,4,uncertainty,False,0.996
13_fraud,499,IForest,0.7,0,anomalous,True,0.996
13_fraud,500,IForest,0.7,1,anomalous,True,0.988
13_fraud,499,IForest,0.7,2,anomalous,True,0.3319999999999999
13_fraud,499,IForest,0.7,3,anomalous,True,0.988
13_fraud,500,IForest,0.7,4,anomalous,True,0.996
13_fraud,499,IForest,0.7,0,anomalous,False,0.996
13_fraud,499,IForest,0.7,1,anomalous,False,0.99
13_fraud,499,IForest,0.7,2,anomalous,False,0.2319999999999999
13_fraud,499,IForest,0.7,3,anomalous,False,0.998
13_fraud,499,IForest,0.7,4,anomalous,False,0.996
13_fraud,499,IForest,0.7,0,clusters,True,0.996
13_fraud,500,IForest,0.7,1,clusters,True,0.982
13_fraud,499,IForest,0.7,2,clusters,True,0.238
13_fraud,499,IForest,0.7,3,clusters,True,0.994
13_fraud,500,IForest,0.7,4,clusters,True,1.0
13_fraud,499,IForest,0.7,0,clusters,False,1.0
13_fraud,499,IForest,0.7,1,clusters,False,0.986
13_fraud,499,IForest,0.7,2,clusters,False,0.154
13_fraud,499,IForest,0.7,3,clusters,False,0.992
13_fraud,499,IForest,0.7,4,clusters,False,0.996
13_fraud,499,KNN,1.0,0,random,True,1.0
13_fraud,500,KNN,1.0,1,random,True,0.998
13_fraud,499,KNN,1.0,2,random,True,0.262
13_fraud,499,KNN,1.0,3,random,True,1.0
13_fraud,500,KNN,1.0,4,random,True,1.0
13_fraud,499,KNN,1.0,0,random,False,1.0
13_fraud,499,KNN,1.0,1,random,False,0.998
13_fraud,499,KNN,1.0,2,random,False,0.262
13_fraud,499,KNN,1.0,3,random,False,1.0
13_fraud,499,KNN,1.0,4,random,False,1.0
13_fraud,499,KNN,1.0,0,uncertainty,True,1.0
13_fraud,500,KNN,1.0,1,uncertainty,True,0.998
13_fraud,499,KNN,1.0,2,uncertainty,True,0.262
13_fraud,499,KNN,1.0,3,uncertainty,True,1.0
13_fraud,500,KNN,1.0,4,uncertainty,True,1.0
13_fraud,499,KNN,1.0,0,uncertainty,False,1.0
13_fraud,499,KNN,1.0,1,uncertainty,False,0.998
13_fraud,499,KNN,1.0,2,uncertainty,False,0.262
13_fraud,499,KNN,1.0,3,uncertainty,False,1.0
13_fraud,499,KNN,1.0,4,uncertainty,False,1.0
13_fraud,499,KNN,1.0,0,anomalous,True,1.0
13_fraud,500,KNN,1.0,1,anomalous,True,0.998
13_fraud,499,KNN,1.0,2,anomalous,True,0.262
13_fraud,499,KNN,1.0,3,anomalous,True,1.0
13_fraud,500,KNN,1.0,4,anomalous,True,1.0
13_fraud,499,KNN,1.0,0,anomalous,False,1.0
13_fraud,499,KNN,1.0,1,anomalous,False,0.998
13_fraud,499,KNN,1.0,2,anomalous,False,0.262
13_fraud,499,KNN,1.0,3,anomalous,False,1.0
13_fraud,499,KNN,1.0,4,anomalous,False,1.0
13_fraud,499,KNN,1.0,0,clusters,True,1.0
13_fraud,500,KNN,1.0,1,clusters,True,0.998
13_fraud,499,KNN,1.0,2,clusters,True,0.262
13_fraud,499,KNN,1.0,3,clusters,True,1.0
13_fraud,500,KNN,1.0,4,clusters,True,1.0
13_fraud,499,KNN,1.0,0,clusters,False,1.0
13_fraud,499,KNN,1.0,1,clusters,False,0.998
13_fraud,499,KNN,1.0,2,clusters,False,0.262
13_fraud,499,KNN,1.0,3,clusters,False,1.0
13_fraud,499,KNN,1.0,4,clusters,False,1.0
13_fraud,499,IForest,1.0,0,random,True,1.0
13_fraud,500,IForest,1.0,1,random,True,0.99
13_fraud,499,IForest,1.0,2,random,True,0.252
13_fraud,499,IForest,1.0,3,random,True,0.988
13_fraud,500,IForest,1.0,4,random,True,1.0
13_fraud,499,IForest,1.0,0,random,False,0.998
13_fraud,499,IForest,1.0,1,random,False,0.992
13_fraud,499,IForest,1.0,2,random,False,0.246
13_fraud,499,IForest,1.0,3,random,False,1.0
13_fraud,499,IForest,1.0,4,random,False,0.998
13_fraud,499,IForest,1.0,0,uncertainty,True,0.998
13_fraud,500,IForest,1.0,1,uncertainty,True,0.984
13_fraud,499,IForest,1.0,2,uncertainty,True,0.2259999999999999
13_fraud,499,IForest,1.0,3,uncertainty,True,0.988
13_fraud,500,IForest,1.0,4,uncertainty,True,0.998
13_fraud,499,IForest,1.0,0,uncertainty,False,0.998
13_fraud,499,IForest,1.0,1,uncertainty,False,0.99
13_fraud,499,IForest,1.0,2,uncertainty,False,0.1939999999999999
13_fraud,499,IForest,1.0,3,uncertainty,False,0.992
13_fraud,499,IForest,1.0,4,uncertainty,False,1.0
13_fraud,499,IForest,1.0,0,anomalous,True,0.998
13_fraud,500,IForest,1.0,1,anomalous,True,0.986
13_fraud,499,IForest,1.0,2,anomalous,True,0.174
13_fraud,499,IForest,1.0,3,anomalous,True,0.988
13_fraud,500,IForest,1.0,4,anomalous,True,1.0
13_fraud,499,IForest,1.0,0,anomalous,False,0.994
13_fraud,499,IForest,1.0,1,anomalous,False,0.986
13_fraud,499,IForest,1.0,2,anomalous,False,0.352
13_fraud,499,IForest,1.0,3,anomalous,False,0.996
13_fraud,499,IForest,1.0,4,anomalous,False,0.998
13_fraud,499,IForest,1.0,0,clusters,True,0.998
13_fraud,500,IForest,1.0,1,clusters,True,0.988
13_fraud,499,IForest,1.0,2,clusters,True,0.134
13_fraud,499,IForest,1.0,3,clusters,True,0.99
13_fraud,500,IForest,1.0,4,clusters,True,1.0
13_fraud,499,IForest,1.0,0,clusters,False,0.992
13_fraud,499,IForest,1.0,1,clusters,False,0.978
13_fraud,499,IForest,1.0,2,clusters,False,0.2299999999999999
13_fraud,499,IForest,1.0,3,clusters,False,0.994
13_fraud,499,IForest,1.0,4,clusters,False,1.0
